sku,inventory_units_on_hand,reorder_point,units_below_reorder_point,daily_demand,lead_time_days,safety_stock,on_hand_stock_value
56722.42673,925539,1583563.27,658024.27,9292.96,130,375478.47,4876665.14
87484.99284,188038,652937.33,464899.33,7575.60,76,77191.73,982692.53
64992.5687,181895,511312.34,329417.34,6617.89,66,74531.38,1395586.72
36272.20584,63816,360340.12,296524.12,16850.97,21,6469.68,334335.46
59649.09941,74857,325446.10,250589.10,8866.20,35,15129.10,544249.78
45558.36564,72748,313815.62,241067.62,4040.67,66,47131.62,538973.39
12618.77005,47774,251121.41,203347.41,1257.17,181,23574.25,303071.34
87631.39657,32358,212034.05,179676.05,1624.83,123,12179.55,227620.06
61431.51228,76673,239063.86,162390.86,5774.64,35,36951.46,490624.03
77066.7326,193618,347223.16,153605.16,3691.38,76,66678.28,1129564.97
54259.55534,58056,193761.85,135705.85,7806.00,23,14223.85,392523.44
34319.52555,25872,150194.98,124322.98,2073.50,66,13343.98,191911.53
20770.25794,65613,172886.81,107273.81,1905.90,87,7073.51,461006.60
14804.73021,26631,121024.53,94393.53,1680.12,66,10136.61,206020.76
79974.57181,21221,107579.46,86358.46,1077.17,90,10634.46,108400.39
28852.23678,42867,129205.85,86338.85,1396.12,66,37061.93,321458.09
97858.21251,53387,138605.65,85218.65,1696.80,66,26616.85,395535.77
43989.70312,20537,94732.55,74195.55,1354.83,61,12087.72,228825.15
70313.2463,32245,102408.71,70163.71,2063.40,44,11619.11,230548.22
27746.72473,49484,118053.11,68569.11,1248.48,66,35653.43,371074.93
67194.73671,44670,111751.75,67081.75,994.84,94,18236.79,273744.65
61763.28744,26013,90963.91,64950.91,986.48,76,15991.43,137466.63
17406.29569,14511,77872.25,63361.25,1034.83,66,9573.25,107509.62
93540.85184,46993,103501.39,56508.39,1611.63,46,29366.56,388702.10
95551.89527,123730,177858.31,54128.31,2209.97,66,32000.07,927844.54
18382.47986,39924,92927.07,53003.07,4601.99,16,19295.29,299388.12
66249.98903,18765,68370.61,49605.61,461.50,108,18528.61,345098.96
92199.42146,24874,72983.40,48109.40,444.84,130,15154.20,315697.37
28358.53042,14998,63056.19,48058.19,2193.50,23,12605.69,107730.57
14950.11098,17399,64460.29,47061.29,2458.08,23,7924.45,142536.03
57292.27939,14867,60729.61,45862.61,1149.12,44,10168.33,387081.09
21691.1655,41024,84691.77,43667.77,2960.56,23,16598.89,310793.66
14290.54489,16293,59193.49,42900.49,1280.00,37,11833.49,97913.40
74844.42322,33888,74920.38,41032.38,940.32,66,12859.26,254735.82
54058.36796,28116,66272.61,38156.61,1005.70,56,9953.41,150550.57
68753.34457,15547,53344.35,37797.35,619.70,78,5007.75,158137.11
91054.88135,11283,48170.18,36887.18,377.08,108,7445.54,117929.47
85525.70369,13658,49899.46,36241.46,2044.92,23,2866.30,80378.50
81689.65414,34008,69339.78,35331.78,705.88,76,15692.90,190999.41
97735.92745,25846,61132.85,35286.85,248.43,181,16167.63,262331.48
18043.66253,18811,54056.70,35245.70,1323.84,37,5074.62,140529.15
26570.05479,14614,48028.58,33414.58,1731.20,26,3017.38,110715.50
26976.03739,7807,39876.62,32069.62,925.47,37,5634.35,107616.23
16008.34214,9519,39721.46,30202.46,1484.41,21,8548.78,225666.09
747.6157018,6576,36565.21,29989.21,332.17,102,2684.21,34245.97
99691.56817,8809,37480.46,28671.46,1990.71,16,5629.15,62109.29
9797.236123,21188,49609.65,28421.65,518.04,66,15419.01,158884.64
86403.55774,31711,60000.92,28289.92,691.36,65,15062.52,345335.55
40555.53967,36846,63744.80,26898.80,710.40,66,16858.40,276302.79
3527.394088,9874,36753.70,26879.70,345.67,80,9100.36,70923.29
42375.4568,16941,42670.27,25729.27,467.16,66,11837.71,127037.57
59614.48888,20776,46452.86,25676.86,413.10,87,10513.16,198444.79
53498.3392,17024,40666.71,23642.71,333.50,100,7316.71,89424.60
40586.17221,6510,29967.16,23457.16,1113.00,23,4368.16,89260.97
73719.85221,22061,44838.32,22777.32,460.48,66,14446.64,165434.08
40922.61774,35212,57185.35,21973.35,464.72,87,16754.71,297227.26
39743.43884,8545,29947.58,21402.58,865.80,31,3107.78,66039.34
87489.68716,12156,33494.47,21338.47,721.76,43,2458.79,102665.93
49404.04188,5868,26329.81,20461.81,716.17,30,4844.61,130444.90
83385.07533,7092,26487.33,19395.33,472.33,42,6649.33,74072.66
56308.83258,13983,32326.21,18343.21,1113.65,23,6712.18,101589.20
99155.5808,3981,21945.16,17964.16,1764.25,12,774.12,19966.35
3242.202969,5608,23264.39,17656.39,165.48,122,3075.83,83210.50
3168.332644,4688,22230.20,17542.20,252.67,78,2522.20,35422.33
31844.01405,34794,52064.57,17270.57,771.49,41,20433.34,212412.75
83005.11665,6017,23182.65,17165.65,913.32,23,2176.29,33597.36
99848.49526,6467,23515.41,17048.41,124.67,130,7308.75,180016.95
56095.15083,8957,25676.41,16719.41,368.57,58,4299.16,146603.73
49628.93981,2961,19038.72,16077.72,803.29,23,562.98,39604.56
88893.99833,2776,18787.90,16011.90,797.43,23,447.09,43223.23
68621.70154,19512,35409.01,15897.01,405.52,66,8644.69,145614.90
57821.70364,7654,23485.43,15831.43,325.56,58,4602.95,133868.67
28535.78795,5432,21217.38,15785.38,495.72,36,3371.46,150567.98
82550.86699,16281,31966.32,15685.32,1004.27,23,8868.19,123750.20
18011.47757,4537,20130.45,15593.45,377.08,44,3538.93,57288.34
18112.22332,4093,19401.40,15308.40,709.50,23,3082.90,29621.55
46753.79928,17958,33260.54,15302.54,502.00,44,11172.54,134153.60
11902.9736,9762,24992.24,15230.24,324.28,49,9102.52,70479.53
1627.077928,4521,19242.00,14721.00,405.48,43,1806.36,35511.61
38229.3787,6131,20764.50,14633.50,383.76,51,1192.74,47663.80
32535.36267,4087,18583.73,14496.73,239.16,72,1364.21,28362.67
24320.22778,5494,19916.98,14422.98,802.39,23,1462.08,40566.70
4642.238692,13446,27613.43,14167.43,310.52,66,7119.11,101797.50
58344.90294,4042,17987.52,13945.52,157.00,87,4328.52,126469.37
23278.46785,3169,16722.78,13553.78,349.21,42,2055.82,35675.64
18596.89763,3240,16541.15,13301.15,414.24,37,1214.27,30713.07
69432.77751,12351,24364.69,12013.69,1798.48,11,4581.41,89797.18
63575.69139,3199,15210.24,12011.24,294.50,43,2546.74,26026.61
63798.28568,5759,17711.31,11952.31,444.59,33,3039.95,75606.22
4632.399445,9462,21241.71,11779.71,746.20,23,4079.11,53445.63
16141.79206,3268,15041.54,11773.54,285.27,46,1919.28,23457.73
15371.66377,6404,18044.87,11640.87,973.55,16,2468.13,33895.45
72433.88595,4272,15781.80,11509.80,388.64,37,1402.12,40204.02
56336.00866,2210,13622.33,11412.33,332.17,38,1000.00,14472.65
28063.98004,9969,21363.96,11394.96,506.90,31,5650.06,70972.29
69878.71086,11320,22607.12,11287.12,253.52,71,4607.20,81314.61
2333.247696,7466,18541.10,11075.10,338.80,44,3633.90,52711.62
35617.26411,3336,14355.04,11019.04,522.28,23,2342.60,149293.10
82122.44457,4433,15364.73,10931.73,108.53,108,3643.13,47936.93
71829.76937,2894,13586.78,10692.78,655.20,19,1137.98,48070.34
4831.799117,27868,38541.59,10673.59,445.50,66,9138.59,206469.66
34924.93689,3247,13703.89,10456.89,1064.21,11,1997.55,28623.44
68878.30081,8071,18105.72,10034.72,92.16,123,6770.04,284676.08
67689.42493,1435,11031.04,9596.04,689.44,16,0.00,32969.82
22916.56386,1858,11117.61,9259.61,349.30,30,638.61,47239.85
6029.396022,5150,14347.12,9197.12,504.00,23,2755.12,42327.45
1365.039104,2694,11789.98,9095.98,251.28,45,482.38,31962.01
69336.6739,14884,23968.34,9084.34,374.45,58,2250.05,105195.27
38413.66891,1246,10151.82,8905.82,114.55,85,415.35,15445.83
93898.13441,4993,13709.80,8716.80,399.08,23,4530.96,37261.02
53642.5735,3467,12131.06,8664.06,760.61,12,3003.70,37631.75
69877.27583,2762,11346.90,8584.90,100.91,87,2568.02,90601.77
8431.172843,7619,16093.18,8474.18,365.00,32,4413.18,56798.45
41409.2889,10091,18229.15,8138.15,777.97,21,1891.71,75196.85
22511.99721,23621,31634.84,8013.84,1338.67,19,6200.17,167861.13
34523.52836,2491,10448.13,7957.13,356.50,23,2248.63,35574.35
56242.56638,2994,10885.26,7891.26,390.13,26,741.80,21078.57
62977.65315,4289,12130.46,7841.46,172.63,51,3326.50,24267.20
64596.80984,2623,10454.93,7831.93,588.84,16,1033.49,16631.92
44090.41583,3200,10994.21,7794.21,517.00,16,2722.21,39594.31
90403.3881,4122,11912.98,7790.98,251.97,33,3597.86,29609.53
94862.77623,8387,16175.88,7788.88,505.96,23,4538.80,59745.28
79112.17361,3276,10985.55,7709.55,70.00,130,1885.55,86818.09
64275.43798,5866,13575.32,7709.32,178.56,58,3218.84,38129.49
5742.090902,1352,9042.14,7690.14,783.80,11,420.34,41129.99
94414.55339,2518,10164.86,7646.86,637.33,12,2516.86,30768.52
68655.67308,6505,14056.33,7551.33,114.55,66,6496.25,48217.92
79482.93109,3916,11354.12,7438.12,328.25,31,1178.26,21842.35
73327.4254,3343,10763.36,7420.36,243.17,33,2738.64,43192.00
63513.44727,3351,10680.28,7329.28,442.77,23,496.50,27035.06
51157.75623,10820,17950.79,7130.79,189.84,66,5421.35,112237.43
10198.98596,4103,11163.59,7060.59,580.90,16,1869.19,29473.20
76235.86954,4711,11677.90,6966.90,142.96,66,2242.54,575271.59
85993.0033,4845,11800.99,6955.99,115.76,88,1614.11,65624.83
18728.79269,2238,9126.38,6888.38,123.93,61,1566.44,29845.88
88457.06741,4806,11666.12,6860.12,172.72,58,1648.36,35930.28
91487.04292,12075,18802.54,6727.54,352.48,35,6465.74,177154.27
98453.01234,3203,9871.29,6668.29,316.00,21,3235.29,23182.42
11938.60819,2993,9611.20,6618.20,521.28,16,1270.72,91059.93
71185.22702,2213,8818.83,6605.83,185.68,38,1762.99,46570.63
72476.04079,2384,8947.72,6563.72,159.44,52,656.84,31282.81
96256.89429,2307,8849.46,6542.46,274.88,30,603.06,29591.74
84896.52428,12108,18621.21,6513.21,551.04,23,5947.29,98832.88
16032.9716,3808,10186.68,6378.68,139.50,59,1956.18,32398.81
69248.1887,2398,8720.16,6322.16,190.96,35,2036.56,47340.24
42518.77956,668,6853.00,6185.00,163.17,42,0.00,5762.79
88657.84393,3485,9647.15,6162.15,217.07,30,3135.15,25451.37
23498.26719,1123,7213.71,6090.71,145.35,44,818.45,32665.19
25048.87383,2338,8362.15,6024.15,617.83,10,2183.82,16090.94
89009.13269,1635,7555.44,5920.44,72.17,81,1709.94,399711.80
30629.55147,6314,12172.80,5858.80,500.37,21,1664.96,97438.91
56443.5394,3546,9348.87,5802.87,304.21,30,222.47,26586.93
7725.185229,8466,14233.76,5767.76,339.84,30,4038.56,70220.50
93757.32748,2515,8270.11,5755.11,269.12,28,734.75,35739.57
47951.68833,1795,7498.12,5703.12,298.70,23,628.02,46210.46
29076.92688,5857,11463.81,5606.81,766.55,11,3031.80,43245.84
73291.86838,1114,6712.00,5598.00,63.00,101,349.00,35298.86
5461.554491,1427,7022.27,5595.27,68.17,88,1023.60,10193.40
64934.32412,3311,8734.59,5423.59,95.76,80,1073.79,77217.59
67855.63481,7719,13048.07,5329.07,257.34,44,1725.11,41942.39
95637.65634,2923,8193.88,5270.88,269.28,23,2000.44,30433.06
12338.91806,2135,7405.29,5270.29,290.64,21,1301.85,20838.59
3596.258665,1207,6470.01,5263.01,66.17,81,1110.51,46040.87
20353.36609,2933,8108.10,5175.10,50.45,101,3012.32,116998.48
30446.83697,2663,7743.22,5080.22,159.44,45,568.42,16734.66
80337.50935,9149,14130.80,4981.80,126.00,73,4932.80,49098.75
86564.39253,5323,10273.76,4950.76,319.95,23,2914.98,39727.91
17877.58278,41151,46064.47,4913.47,507.20,76,7517.27,294228.16
98629.22568,3853,8764.10,4911.10,397.55,16,2403.35,30471.41
75376.51236,1873,6779.04,4906.04,88.20,66,957.84,242701.15
93594.20805,1339,6221.87,4882.87,144.95,40,424.00,23537.85
33662.68414,2964,7821.38,4857.38,92.12,66,1741.46,92389.58
9089.83595,5106,9924.46,4818.46,191.68,44,1490.54,129909.92
55531.14298,2933,7560.39,4627.39,103.79,58,1540.76,37030.66
60355.84501,1337,5959.55,4622.55,78.17,61,1191.39,17198.04
37405.54347,20289,24793.23,4504.23,209.60,66,10959.63,151412.46
12389.93222,2430,6931.93,4501.93,55.15,79,2575.35,335783.93
81228.37722,604,4997.10,4393.10,132.29,35,366.83,21371.86
98395.41806,1418,5804.06,4386.06,141.36,37,573.74,114227.80
36309.32121,1561,5876.63,4315.63,112.64,43,1033.11,13649.47
7028.020895,1886,6179.42,4293.42,56.76,93,900.74,10502.74
64571.78884,7973,12197.54,4224.54,272.32,31,3755.62,59140.89
42076.92509,3399,7593.60,4194.60,439.76,16,557.44,111239.64
61716.77149,4633,8774.55,4141.55,167.73,44,1394.28,132267.47
34274.56174,2191,6326.07,4135.07,117.33,33,2454.07,22858.95
83637.23189,2954,7088.82,4134.82,135.04,42,1417.14,17809.12
63421.99319,1381,5455.90,4074.90,136.83,30,1350.90,17339.72
77635.18409,2829,6744.56,3915.56,198.24,30,797.36,25577.93
49467.87115,2633,6473.77,3840.77,147.48,32,1754.41,15955.13
75182.03375,4642,8422.13,3780.13,106.80,44,3722.93,32835.17
29387.11002,1742,5519.32,3777.32,116.31,43,518.13,15905.04
67486.73281,2778,6494.82,3716.82,83.81,62,1298.39,29003.97
46174.19704,253,3921.35,3668.35,134.40,29,23.75,160463.20
37118.06545,1279,4888.39,3609.39,74.72,58,554.63,164863.15
63214.18444,916,4501.92,3585.92,130.08,33,209.28,5876.82
49940.1708,2069,5555.14,3486.14,117.00,33,1694.14,74957.12
85781.62452,1264,4723.16,3459.16,59.28,66,810.68,160101.66
10644.09722,1711,5153.68,3442.68,832.80,5,989.68,12803.25
66898.45026,3470,6910.27,3440.27,33.28,130,2583.87,131594.09
55020.73056,2334,5764.03,3430.03,214.08,23,840.19,25696.87
32397.04157,8669,12091.05,3422.05,212.37,46,2321.88,84209.72
70136.47095,1987,5255.57,3268.57,61.90,66,1170.17,44978.70
30805.18253,1203,4470.63,3267.63,220.33,16,945.30,7702.45
7137.726453,1223,4456.82,3233.82,176.73,22,568.68,6440.20
30570.48898,880,4103.69,3223.69,86.40,41,561.29,23774.03
66529.1874,1697,4918.28,3221.28,102.36,37,1130.96,14666.00
99408.71991,3045,6244.86,3199.86,127.80,35,1771.86,21605.25
38880.52514,2932,6107.44,3175.44,159.76,33,835.36,19081.23
35915.04203,1496,4616.34,3120.34,175.10,23,589.04,40706.03
23548.24418,2141,5255.28,3114.28,141.87,28,1283.01,36627.48
48074.25459,1888,4994.33,3106.33,54.41,78,750.09,22849.01
66606.75227,17945,21011.57,3066.57,100.24,115,9483.97,110267.88
82315.40602,1903,4952.35,3049.35,152.96,30,363.55,17484.47
33116.19225,3268,6233.78,2965.78,154.56,35,824.18,42787.57
93732.1487,967,3874.59,2907.59,103.84,30,759.39,15722.79
24000.84476,4110,7003.82,2893.82,102.24,53,1585.10,24412.64
65708.3253,1028,3867.23,2839.23,99.73,30,875.23,18142.64
80283.87575,1978,4811.02,2833.02,155.28,22,1394.86,18475.15
48698.09401,631,3399.81,2768.81,92.33,33,352.81,14004.20
4569.760124,1595,4356.69,2761.69,147.95,23,953.91,64463.69
72091.99853,1439,4173.24,2734.24,65.27,46,1170.97,10385.72
91641.45053,2106,4810.48,2704.48,21.36,141,1798.72,87992.86
13833.06592,2099,4800.68,2701.68,56.00,76,544.68,13396.43
3757.355247,533,3207.24,2674.24,233.17,12,409.24,6655.34
67332.30068,1096,3645.08,2549.08,95.85,33,481.92,99239.78
74396.47976,2454,4990.08,2536.08,79.72,58,366.32,45283.88
74989.5713,1448,3962.34,2514.34,70.55,37,1352.12,12512.09
62250.83184,5103,7609.49,2506.49,106.29,57,1550.77,201302.14
42672.92788,1116,3593.91,2477.91,33.29,78,997.03,13503.69
23986.33804,12539,15001.58,2462.58,268.85,44,3172.04,74175.86
78653.37195,2193,4649.90,2456.90,130.56,23,1647.02,15047.64
41023.89821,2142,4598.05,2456.05,104.16,40,431.65,10804.48
39582.74355,1603,4054.19,2451.19,12.17,181,1852.02,14969.42
25890.6082,2231,4663.46,2432.46,193.56,16,1566.50,13447.73
53960.60565,1065,3491.75,2426.75,157.00,16,979.75,7160.41
90793.93472,1706,4124.00,2418.00,103.52,33,707.84,53500.03
12583.73606,1171,3555.23,2384.23,39.83,61,1125.40,7371.87
88284.20088,6696,9048.58,2352.58,74.40,75,3468.58,51709.19
9309.664142,716,3030.75,2314.75,57.64,44,494.59,5777.78
44410.82251,1135,3447.95,2312.95,267.76,11,502.59,37132.24
46846.80048,1346,3658.28,2312.28,18.48,123,1385.24,32912.74
60478.8553,975,3286.77,2311.77,458.40,6,536.37,7079.00
39413.5795,955,3264.75,2309.75,94.89,27,702.63,5794.33
97523.24943,694,2986.46,2292.46,80.67,33,324.46,5661.37
20540.37645,4723,7001.58,2278.58,202.16,23,2351.90,35416.78
72167.89241,981,3255.67,2274.67,112.84,26,321.83,19655.70
96657.5001,4817,7035.52,2218.52,300.40,23,126.32,29513.22
97672.2991,812,2945.47,2133.47,469.04,5,600.27,5591.79
280.7880631,1107,3234.87,2127.87,81.70,34,457.07,12543.43
96799.14512,627,2743.59,2116.59,55.15,40,537.72,17641.00
67330.82858,1109,3210.56,2101.56,40.50,66,537.56,15291.03
19193.13063,2114,4214.85,2100.85,123.70,23,1369.75,28943.02
55243.20891,706,2789.21,2083.21,29.00,68,817.21,110940.24
51627.95997,1828,3876.35,2048.35,226.43,13,932.81,13133.86
26941.50665,3770,5768.50,1998.50,135.84,35,1014.10,49543.27
15017.43446,959,2949.00,1990.00,47.70,52,468.60,9744.20
87697.91586,926,2905.40,1979.40,129.50,16,833.40,5203.16
3243.390147,1442,3420.23,1978.23,55.04,52,558.15,27187.20
96750.54531,1272,3238.41,1966.41,44.59,46,1187.42,9095.54
63320.62117,649,2587.96,1938.96,42.50,44,717.96,19419.42
41041.53084,712,2649.83,1937.83,97.17,21,609.33,5556.83
70689.35104,2513,4394.51,1881.51,55.36,62,962.19,15733.68
40486.81469,516,2397.16,1881.16,68.83,28,469.82,7800.29
49937.31222,1630,3492.83,1862.83,123.92,23,642.67,12530.52
8120.820974,345,2186.97,1841.97,58.23,35,149.04,3189.03
25337.73744,6098,7934.77,1836.77,72.27,87,1647.57,47978.81
2465.773782,1864,3696.28,1832.28,90.60,28,1159.48,29441.28
33428.60448,2198,4024.04,1826.04,49.02,68,690.68,46190.36
3430.48939,841,2660.78,1819.78,93.13,22,611.84,4302.97
98292.19693,98,1901.52,1803.52,54.00,35,11.52,8127.21
55870.75261,6500,8289.29,1789.29,72.80,66,3484.49,61222.90
79937.84794,424,2211.39,1787.39,31.00,60,351.39,7879.77
75128.79596,2286,4055.05,1769.05,232.21,16,339.64,12787.98
50290.72633,306,2070.14,1764.14,143.50,13,204.64,9841.46
55712.61767,1152,2889.10,1737.10,26.69,66,1127.34,10857.63
37616.39721,2030,3763.67,1733.67,94.60,26,1304.07,21276.17
33414.02194,2619,4330.28,1711.28,114.64,35,317.88,22841.06
63570.17856,731,2432.39,1701.39,53.97,33,651.27,8074.51
73985.47922,524,2212.03,1688.03,62.92,31,261.51,3541.56
14894.11729,1519,3197.70,1678.70,29.49,76,956.21,45130.44
70466.39833,803,2469.02,1666.02,58.32,32,602.78,68393.33
58137.15511,948,2609.88,1661.88,78.10,27,501.18,21980.24
65657.65403,1042,2689.67,1647.67,149.45,12,896.23,5435.56
80784.06957,7449,9090.18,1641.18,104.59,66,2187.46,55592.57
39287.16927,595,2212.81,1617.81,60.76,33,207.73,6167.06
86600.20453,1368,2967.32,1599.32,134.60,16,813.72,17410.16
9755.440137,2038,3618.07,1580.07,230.56,11,1081.91,113320.11
20968.31645,705,2279.97,1574.97,58.00,26,771.97,11443.45
82197.08445,1018,2588.58,1570.58,62.33,26,967.92,9914.22
79780.34904,8272,9834.32,1562.32,336.90,21,2759.42,46953.20
7536.769747,565,2110.95,1545.95,69.37,23,515.36,14888.62
92222.6744,598,2140.86,1542.86,76.20,24,312.06,6258.37
23852.51996,1777,3309.00,1532.00,69.36,26,1505.64,28600.69
44607.35256,287,1817.22,1530.22,49.28,32,240.26,40432.19
87190.2062,730,2244.52,1514.52,77.70,23,457.42,32884.62
92696.22767,1254,2757.76,1503.76,109.86,23,230.98,13972.58
70551.67392,295,1788.82,1493.82,159.70,11,32.12,3134.09
93176.32465,563,2041.63,1478.63,91.00,16,585.63,10480.79
62360.0844,703,2177.34,1474.34,138.16,11,657.58,14047.64
70191.94028,655,2127.49,1472.49,48.11,31,636.18,39154.35
35565.33108,840,2310.61,1470.61,166.44,11,479.77,4450.71
68144.5966,1076,2544.81,1468.81,94.20,21,566.61,10832.09
88086.29948,1201,2657.76,1456.76,24.30,78,762.36,16455.94
23113.94007,482,1920.45,1438.45,56.00,25,520.45,10344.05
17766.48626,1173,2608.92,1435.92,28.70,70,599.92,6789.25
89822.0946,1075,2493.20,1418.20,20.83,73,972.86,5406.36
915.1744482,431,1845.74,1414.74,141.72,12,145.10,7028.54
19439.60814,952,2366.28,1414.28,82.88,21,625.80,56004.29
36031.03594,495,1897.56,1402.56,37.40,38,476.36,19967.49
93718.02454,1747,3136.90,1389.90,125.64,21,498.46,15531.62
22592.41647,2766,4149.84,1383.84,27.52,97,1480.40,44489.65
80969.10545,536,1907.94,1371.94,31.15,51,319.46,45584.21
62012.31696,842,2209.10,1367.10,106.32,16,507.98,5865.22
3551.005172,1012,2375.28,1363.28,106.80,16,666.48,6585.50
44305.27234,2509,3871.61,1362.61,79.72,45,284.21,18206.74
75376.46112,1001,2359.00,1358.00,79.08,21,698.32,6421.26
59688.16531,807,2158.26,1351.26,39.67,46,333.60,5711.95
28.25267997,477,1820.47,1343.47,67.61,23,265.36,3574.45
80947.58702,10325,11663.97,1338.97,147.16,65,2098.57,95814.94
54211.1528,693,2024.33,1331.33,45.12,33,535.37,17667.12
10741.3015,1350,2678.40,1328.40,78.93,22,941.87,13948.91
80233.63754,524,1851.13,1327.13,279.84,5,451.93,5720.45
10728.18783,1094,2416.64,1322.64,43.20,37,818.24,8099.92
79438.78059,2111,3430.34,1319.34,10.12,111,2307.02,16193.06
35927.35771,794,2110.57,1316.57,162.21,11,326.23,5501.51
98586.72215,1668,2981.92,1313.92,48.60,33,1378.12,15805.41
73887.80966,602,1907.09,1305.09,118.00,11,609.09,4264.21
75443.06423,287,1584.68,1297.68,37.17,37,209.51,2651.20
94452.9786,335,1631.78,1296.78,51.63,27,237.86,3909.57
77443.78208,1360,2656.61,1296.61,102.40,23,301.41,14037.47
62443.94466,539,1832.28,1293.28,17.89,76,472.39,7567.56
52376.6073,641,1932.13,1291.13,48.11,27,633.25,29380.12
18966.89772,1342,2632.07,1290.07,61.50,30,787.07,10185.89
19661.95471,810,2085.50,1275.50,46.35,41,185.28,18236.39
45494.15842,973,2241.42,1268.42,35.84,46,592.78,7240.03
97364.80366,879,2136.42,1257.42,64.56,23,651.54,8934.49
21094.16479,394,1644.87,1250.87,56.67,23,341.54,3889.73
31119.19079,579,1826.50,1247.50,121.59,11,489.04,4385.89
66650.70302,1024,2270.34,1246.34,56.76,27,737.82,6476.51
62587.99301,586,1832.28,1246.28,17.89,76,472.39,6168.30
67863.27004,1128,2368.69,1240.69,149.20,12,578.29,6437.65
67794.64548,2986,4213.46,1227.46,16.99,130,2005.19,77743.50
68005.84706,721,1913.13,1192.13,135.84,11,418.89,4771.89
95060.09803,481,1670.97,1189.97,102.84,13,334.05,8031.64
56625.98059,495,1676.56,1181.56,49.60,28,287.76,7893.83
88372.4601,1108,2288.81,1180.81,66.96,21,882.65,12859.21
35496.07527,1183,2359.04,1176.04,27.25,62,669.33,11076.78
88579.59732,603,1777.08,1174.08,147.20,11,157.88,4332.75
75778.01045,424,1592.20,1168.20,22.32,60,253.00,7862.35
94947.71683,406,1565.95,1159.95,21.84,60,255.55,10464.31
91222.74032,1644,2787.90,1143.90,20.96,108,524.22,49157.52
41997.10601,551,1692.55,1141.55,279.00,5,297.55,3253.61
63660.10815,205,1341.04,1136.04,35.83,33,158.54,1433.09
17244.61854,604,1730.82,1126.82,77.15,16,496.48,4167.02
22009.69213,472,1581.93,1109.93,15.12,88,251.37,3221.96
99787.72463,287,1394.52,1107.52,32.71,37,184.37,2651.19
27776.26972,3834,4939.76,1105.76,31.12,94,2014.48,29044.39
50753.1553,771,1870.72,1099.72,48.69,23,750.77,8967.40
23279.88664,207,1305.72,1098.72,100.44,13,0.00,140154.28
31580.12914,234,1329.43,1095.43,97.17,12,163.43,3540.96
14429.98443,524,1608.75,1084.75,45.76,31,190.19,3541.56
33062.92628,632,1716.31,1084.31,20.40,60,492.31,16996.97
78565.34973,657,1741.06,1084.06,22.33,46,713.73,4568.90
14203.87101,446,1527.95,1081.95,84.19,13,433.53,11750.65
69222.79091,890,1963.03,1073.03,109.36,16,213.27,5243.60
58870.79322,805,1877.15,1072.15,31.53,35,773.49,5920.63
43048.89302,2780,3850.23,1070.23,38.88,62,1439.67,24597.02
52704.84913,1588,2652.21,1064.21,51.12,37,760.77,13218.86
12779.51295,1015,2070.51,1055.51,32.71,31,1056.60,9184.20
66926.05819,294,1349.31,1055.31,50.67,21,285.31,4375.97
2394.595154,379,1423.92,1044.92,61.33,17,381.25,3982.29
49987.42053,462,1503.75,1041.75,18.60,68,238.95,9908.94
96233.84203,717,1756.75,1039.75,51.00,25,481.75,6841.04
97164.69178,168,1207.74,1039.74,8.95,123,107.30,4198.31
13693.42423,720,1756.87,1036.87,50.45,21,697.35,6088.88
28074.48401,1363,2393.48,1030.48,55.84,38,271.56,9764.26
44086.45057,1549,2576.16,1027.16,38.48,61,228.88,17259.91
89401.79275,2659,3684.66,1025.66,73.64,27,1696.38,20132.88
97658.69905,1495,2520.01,1025.01,71.16,33,171.73,12864.45
46978.24183,351,1364.02,1013.02,39.36,28,261.94,30222.19
44002.60198,5359,6368.62,1009.62,145.52,37,984.38,43546.82
21539.09202,804,1813.31,1009.31,85.76,17,355.39,24582.04
19725.13695,292,1293.76,1001.76,37.20,31,140.56,7665.79
11660.51327,1249,2244.29,995.29,32.08,51,608.21,21819.60
94223.26804,745,1736.46,991.46,14.64,76,623.82,29002.55
90041.57909,1265,2251.54,986.54,33.68,51,533.86,7959.06
21062.89384,563,1549.53,986.53,33.88,31,499.25,4071.67
32462.07942,108,1090.19,982.19,79.50,13,56.69,2365.59
76211.07499,371,1350.47,979.47,44.59,23,324.98,6010.28
32538.50344,1709,2683.76,974.76,63.84,35,449.36,33735.15
63816.3017,734,1679.93,945.93,47.47,27,398.33,4455.73
87706.61221,1982,2924.17,942.17,202.88,12,489.61,14235.73
89669.53586,246,1180.57,934.57,39.84,27,104.89,1768.65
35027.40025,1259,2193.43,934.43,49.17,27,865.75,9046.96
41079.60145,459,1391.95,932.95,19.41,60,227.15,12013.09
42177.39672,824,1748.52,924.52,91.68,17,189.96,19900.82
14606.23724,263,1184.86,921.86,35.05,28,203.37,3354.98
60161.15634,867,1786.63,919.63,92.16,12,680.71,7147.80
53493.12248,222,1120.12,898.12,29.16,35,99.52,2565.14
848.0809453,730,1616.82,886.82,34.47,27,686.22,4235.90
30739.83347,473,1350.85,877.85,24.70,46,214.65,3484.25
32745.01858,544,1418.82,874.82,32.80,33,336.42,10171.32
9076.599167,1431,2300.51,869.51,19.32,76,832.19,9668.30
91203.71952,921,1783.83,862.83,22.80,46,735.03,7889.53
4640.63071,1070,1929.54,859.54,53.04,27,497.46,13945.27
58114.46097,956,1813.31,857.31,85.76,17,355.39,7036.66
51528.00533,858,1714.25,856.25,51.76,28,264.97,5467.02
8198.375067,2753,3607.70,854.70,75.96,38,721.22,14758.43
92208.60078,1797,2643.48,846.48,69.20,26,844.28,12426.78
17596.66454,451,1294.99,843.99,16.13,58,359.26,2337.17
56037.89845,713,1556.77,843.77,28.70,41,380.07,4398.62
12808.25974,961,1800.81,839.81,51.12,27,420.57,10817.71
38534.162,787,1620.10,833.10,57.00,21,423.10,5541.11
39833.66569,313,1141.75,828.75,25.00,33,316.75,3127.23
2797.320736,1835,2659.48,824.48,46.60,52,236.28,34813.57
21779.73596,1494,2313.65,819.65,10.64,123,1004.93,38901.05
43619.56221,276,1089.43,813.43,39.84,23,173.11,1669.47
43315.24026,658,1456.76,798.76,17.36,62,380.44,9231.39
74569.65391,207,1003.40,796.40,10.17,76,230.73,131154.06
39095.80432,218,1000.58,782.58,27.63,33,88.90,5583.20
7833.644401,392,1172.63,780.63,33.00,31,149.63,2687.23
13701.89066,1136,1916.21,780.21,101.71,15,390.51,5908.66
90641.8808,519,1295.99,776.99,14.64,66,329.75,3277.00
74486.50399,244,1016.96,772.96,20.24,41,187.12,2512.91
89546.99097,259,1017.83,758.83,50.88,17,152.87,7874.21
13235.04131,304,1060.79,756.79,17.89,44,273.49,4054.18
96539.69681,426,1175.60,749.60,40.50,23,244.10,5855.36
23114.85959,223,952.88,729.88,43.41,18,171.44,1120.49
73298.64989,2223,2940.14,717.14,20.30,66,1600.34,20299.62
49056.04127,1359,2073.01,714.01,40.48,35,656.21,11182.84
65377.15408,846,1554.24,708.24,81.49,17,168.86,16197.46
16792.61395,1100,1792.52,692.52,9.12,130,606.92,30177.37
72448.97528,426,1117.77,691.77,47.30,19,219.07,4642.34
7908.806989,439,1128.34,689.34,53.80,16,267.54,7923.67
17357.58358,336,1021.78,685.78,28.05,29,208.23,5440.84
3526.790467,290,971.46,681.46,24.36,31,216.30,18585.29
3093.613486,422,1102.33,680.33,41.28,20,276.73,2769.23
1194.662959,333,1012.51,679.51,26.76,29,236.47,4540.21
21179.05749,275,946.16,671.16,21.67,29,317.82,8676.26
58083.65422,727,1391.87,664.87,36.40,28,372.67,3767.55
7029.358676,234,897.08,663.08,71.15,11,114.47,1692.89
92167.07479,538,1199.74,661.74,37.20,23,344.14,10258.85
95346.79829,564,1212.13,648.13,76.00,12,300.13,3360.48
37450.54569,4249,4895.20,646.20,38.32,108,756.64,45805.98
72632.12152,8687,9329.04,642.04,327.72,23,1791.48,92697.53
95344.06909,372,1013.64,641.64,20.24,31,386.20,11473.95
38791.91313,500,1134.24,634.24,85.17,13,26.99,2856.41
34397.37524,585,1215.24,630.24,11.50,44,709.24,5900.56
19058.81913,112,738.28,626.28,78.83,8,107.62,1474.32
48946.51898,426,1048.66,622.66,14.24,66,108.82,12698.83
87576.31826,117,738.28,621.28,78.83,8,107.62,1162.82
79739.54418,1847,2466.75,619.75,46.44,44,423.39,46394.46
5589.677063,1470,2088.96,618.96,20.40,76,538.56,42507.83
14965.64597,325,931.44,606.44,24.33,23,371.77,7765.53
82525.33971,321,926.11,605.11,148.92,5,181.51,2539.60
76912.21514,879,1480.57,601.57,23.36,46,406.01,6429.56
89670.35653,2284,2877.92,593.92,49.81,46,586.50,16473.83
50321.69367,404,986.82,582.82,22.00,26,414.82,8102.84
65537.65773,563,1143.92,580.92,169.80,5,294.92,3281.04
29275.11571,114,690.84,576.84,33.83,17,115.67,1139.19
766.3896251,430,999.51,569.51,28.37,27,233.43,4825.21
59540.86287,727,1296.40,569.40,10.72,87,363.76,9171.46
51560.04023,339,904.07,565.07,11.01,66,177.19,19340.11
5409.530584,135,697.32,562.32,22.32,28,72.36,2440.10
65391.11999,436,991.49,555.49,70.40,11,217.09,2486.00
16202.39659,384,933.64,549.64,19.92,31,316.12,9383.15
15253.35954,173,719.51,546.51,27.28,21,146.63,3928.20
80109.94767,3193,3739.29,546.29,115.28,28,511.45,27367.10
43809.86457,412,958.20,546.20,18.48,35,311.40,3673.24
44496.49661,260,803.09,543.09,31.67,16,296.42,4254.37
82709.24091,244,775.61,531.61,8.95,60,238.81,5134.86
59279.79637,506,1030.71,524.71,66.45,12,233.27,3540.38
4480.640121,249,769.91,520.91,14.83,33,280.41,5294.00
76441.54962,188,708.43,520.43,43.83,11,226.26,1257.13
50957.97218,761,1277.90,516.90,16.60,44,547.50,29934.04
4947.666398,252,768.42,516.42,44.59,11,277.97,1445.87
59302.89808,204,717.52,513.52,42.09,12,212.40,1314.91
46383.9519,206,717.66,511.66,14.83,32,242.99,29677.82
52573.89521,661,1171.94,510.94,40.32,16,526.82,3991.44
37557.19109,370,878.76,508.76,28.75,23,217.58,7605.95
9526.482248,296,803.31,507.31,38.57,14,263.28,2252.41
3557.786413,596,1095.61,499.61,88.08,12,38.65,13541.00
49843.96956,651,1149.86,498.86,22.32,27,547.22,7454.38
5404.511258,285,782.70,497.70,20.30,31,153.40,17564.54
50536.67543,389,880.97,491.97,28.30,23,230.07,4376.54
62008.62797,412,901.89,489.89,15.49,44,220.19,4387.83
93769.78771,528,1015.84,487.84,28.30,23,364.94,14643.51
43160.03555,191,676.15,485.15,103.25,6,56.63,1203.42
61623.30086,1442,1914.52,472.52,61.28,28,198.68,19871.12
41010.12339,201,672.33,471.33,45.36,13,82.65,1129.53
29443.44791,285,754.83,469.83,19.65,25,263.50,2791.85
75569.60735,365,834.21,469.21,22.30,26,254.41,30549.66
34340.89343,589,1058.01,469.01,10.72,76,243.29,4191.40
52150.24179,445,912.15,467.15,7.77,55,484.62,11092.69
27821.00845,163,630.12,467.12,20.33,23,162.45,5143.80
64737.50782,126,592.87,466.87,14.60,37,52.67,1079.22
89243.77892,323,784.78,461.78,13.64,33,334.66,5226.63
82649.02655,636,1096.65,460.65,17.49,53,169.51,8983.80
90924.36709,131,589.96,458.96,27.00,16,157.96,1284.88
40954.52543,166,621.47,455.47,23.40,22,106.67,2330.39
27931.32597,346,800.63,454.63,18.48,23,375.59,48630.17
54050.97542,117,570.87,453.87,16.72,28,102.71,1756.18
70246.00321,357,809.78,452.78,15.12,35,280.58,3855.95
15390.4921,270,722.02,452.02,28.48,22,95.46,3192.27
98972.77991,223,667.53,444.53,22.00,21,205.53,2772.58
6239.586338,176,619.90,443.90,2.17,190,208.23,24054.26
8380.815604,845,1288.33,443.33,14.75,51,536.25,9495.47
50118.45693,557,996.12,439.12,18.56,31,420.76,10253.16
72201.46064,633,1067.39,434.39,161.36,5,260.59,4209.98
73576.4875,249,680.07,431.07,23.40,21,188.67,3514.28
81765.22543,1180,1609.43,429.43,79.32,16,340.31,8262.20
73714.04524,321,745.52,424.52,11.36,52,154.80,7069.29
69270.3075,392,816.26,424.26,12.60,46,236.66,3379.13
52341.01919,228,651.53,423.53,15.12,31,182.81,1699.67
22927.3999,240,663.35,423.35,18.48,23,238.31,4120.41
49002.29976,654,1074.16,420.16,26.35,22,494.53,8544.03
79775.55118,436,853.31,417.31,20.08,34,170.59,2762.23
17856.66378,472,882.53,410.53,16.56,31,369.17,2937.47
58765.31507,233,642.95,409.95,14.96,25,268.95,1291.22
50262.8849,86,493.99,407.99,13.64,30,84.79,1491.86
37199.40082,352,758.36,406.36,34.40,16,207.96,3658.66
39789.33265,293,694.14,401.14,27.52,21,116.22,2813.91
13305.90624,358,757.62,399.62,12.51,46,182.31,2536.37
28199.61617,109,507.97,398.97,5.32,87,45.13,3074.71
2853.429693,660,1058.93,398.93,9.30,66,445.13,5668.90
56096.26675,170,564.95,394.95,13.05,31,160.29,4290.73
84276.1629,249,643.31,394.31,19.44,23,196.19,18067.51
76540.99113,231,624.61,393.61,27.72,16,181.09,6833.06
79960.39306,352,744.74,392.74,96.65,4,358.13,3179.27
40235.04519,88,478.07,390.07,13.20,33,42.47,3935.79
54440.0798,348,737.44,389.44,15.15,33,237.60,3740.02
58828.96152,971,1359.99,388.99,64.32,17,266.55,6648.90
56592.45296,107,495.78,388.78,16.13,28,44.05,1216.49
68000.85251,525,911.33,386.33,1.96,290,342.93,12428.60
43049.36974,775,1160.77,385.77,49.20,15,422.77,12418.64
93423.30877,222,605.05,383.05,29.12,16,139.13,1792.35
53336.45984,179,560.33,381.33,16.72,23,175.77,4980.26
42916.78441,329,707.88,378.88,10.88,46,207.40,2404.00
65490.25957,351,727.01,376.01,10.45,46,246.16,4336.77
36027.65259,93,468.93,375.93,64.09,6,84.37,1574.48
80430.37141,203,578.81,375.81,10.17,33,243.31,16035.79
7176.598732,364,733.65,369.65,24.70,21,214.95,2645.69
21391.12157,88,456.64,368.64,23.17,16,85.86,1091.70
34390.00277,471,838.85,367.85,19.76,33,186.77,2554.54
26412.83289,601,968.72,367.72,18.16,35,333.12,17291.95
15597.37267,128,495.53,367.53,16.13,22,140.60,1691.10
92841.77308,308,673.40,365.40,20.70,23,197.30,5521.90
11299.55072,239,601.91,362.91,13.50,23,291.41,7954.19
50454.54597,513,872.11,359.11,16.60,31,357.51,7663.47
82289.6548,255,612.50,357.50,25.92,17,171.86,3536.25
21236.77097,704,1057.94,353.94,9.48,88,223.70,5673.72
86385.28281,218,569.76,351.76,33.00,12,173.76,4422.40
96362.12156,172,523.28,351.28,34.72,12,106.64,1713.18
72649.08856,346,691.69,345.69,22.32,23,178.33,8457.71
1093.566669,712,1052.95,340.95,30.08,22,391.19,12014.15
68319.07542,538,878.17,340.17,21.50,25,340.67,3234.21
66245.92726,344,683.48,339.48,29.44,17,183.00,13286.32
71032.68656,177,516.01,339.01,13.20,28,146.41,18976.11
26356.05607,193,525.02,332.02,13.20,28,155.42,5190.89
39092.32166,118,448.97,330.97,17.80,21,75.17,1512.65
34704.75954,200,528.38,328.38,14.56,31,77.02,1362.79
92052.30979,11484,11811.86,327.86,231.73,44,1615.59,288391.12
56397.93765,301,624.48,323.48,26.79,16,195.89,1606.77
91153.84839,501,823.84,322.84,14.29,31,380.74,8270.40
19688.64901,219,541.37,322.37,4.84,66,221.93,2731.89
35730.5836,121,442.96,321.96,13.50,23,132.46,2284.08
53079.25885,475,796.10,321.10,11.16,60,126.50,9000.15
24687.64874,223,543.15,320.15,13.64,23,229.43,6644.58
92572.36416,158,477.55,319.55,11.76,37,42.43,1345.33
21392.91957,196,509.69,313.69,64.56,5,186.89,1674.41
81501.09753,146,457.17,311.17,13.00,28,93.17,13690.56
990.6670531,472,782.36,310.36,15.49,33,271.08,3385.68
45174.96376,242,550.63,308.63,10.20,35,193.63,3933.36
16165.94128,276,581.57,305.57,60.57,5,278.71,2240.64
34316.69162,489,791.36,302.36,17.52,31,248.24,5188.79
90520.7083,135,436.16,301.16,43.20,8,90.56,1226.40
44766.43608,345,645.86,300.86,12.88,35,195.06,2731.82
84042.99035,205,504.57,299.57,18.95,21,106.69,1133.10
28071.43638,66,362.63,296.63,28.16,12,24.71,1758.49
89168.13456,163,459.43,296.43,9.53,31,163.89,3094.41
9994.266704,314,610.25,296.25,15.40,26,209.85,7311.37
70588.49851,1022,1317.54,295.54,58.72,20,143.14,8414.68
11288.29837,225,518.98,293.98,7.77,37,231.37,2742.02
46105.6719,129,420.34,291.34,15.12,20,117.94,1543.72
82840.00177,205,491.07,286.07,2.24,145,166.27,1480.07
3917.77502,304,587.90,283.90,9.44,45,163.10,1663.19
34397.90417,160,441.30,281.30,8.95,31,163.95,3649.80
32116.59585,79,360.28,281.28,23.67,11,99.95,1347.18
1258.781429,218,498.50,280.50,23.88,16,116.42,1391.76
33690.34864,182,462.02,280.02,13.60,28,81.22,3236.48
90973.58038,181,460.41,279.41,12.17,16,265.74,1375.98
18878.15735,90,364.57,274.57,10.83,23,115.40,1303.13
38093.32095,624,898.04,274.04,27.10,18,410.24,3296.12
68029.7579,307,580.85,273.85,4.44,74,252.29,2859.03
52881.43645,330,602.46,272.46,8.64,43,230.94,2747.89
34575.36534,256,525.56,269.56,16.13,16,267.43,2580.97
33850.33114,116,384.87,268.87,30.95,8,137.30,1221.86
28449.61835,200,468.86,268.86,26.70,16,41.66,1007.97
99092.46226,86,354.53,268.53,10.83,22,116.20,1698.59
84694.08252,144,411.29,267.29,6.51,48,98.97,1032.89
12710.54877,489,754.80,265.80,12.60,31,364.20,42771.83
9568.790692,179,441.37,262.37,36.56,11,39.21,1310.58
82506.3155,215,476.63,261.63,8.76,35,170.03,2757.65
54977.50853,219,478.17,259.17,23.68,16,99.29,63691.01
39840.7382,200,458.70,258.70,1.21,265,137.16,1644.42
99761.34426,179,437.60,258.60,24.92,16,38.88,900.96
79319.56159,550,805.16,255.16,11.31,33,432.04,9424.37
6038.437072,192,446.86,254.86,5.43,44,208.08,10733.38
44208.9097,273,524.28,251.28,13.86,33,66.90,10297.90
12159.11518,194,445.20,251.20,6.81,46,131.79,1770.66
18449.16851,460,709.82,249.82,9.24,60,155.42,21351.31
10047.9373,133,381.18,248.18,33.83,8,110.52,987.85
91923.4293,83,329.84,246.84,10.83,22,91.50,2241.75
2669.177997,125,371.74,246.74,4.57,66,69.90,3774.38
43704.71123,424,669.95,245.95,37.36,17,34.83,4419.93
64482.4853,269,514.43,245.43,10.88,28,209.79,37613.94
14220.41262,56,300.46,244.46,24.35,11,32.64,541.46
60018.75247,58,302.25,244.25,5.40,51,26.85,2522.48
6795.122228,290,534.09,244.09,11.40,29,203.49,6561.95
17724.92674,202,443.39,241.39,4.20,74,132.59,136785.83
3420.153399,171,411.58,240.58,6.60,30,213.58,1128.77
84656.47876,116,354.23,238.23,9.53,23,134.96,1003.61
40359.66273,187,422.16,235.16,8.76,31,150.60,3260.36
12783.54968,307,539.16,232.16,9.76,41,139.00,2694.26
39398.79289,339,570.71,231.71,9.72,28,298.55,6465.81
82785.40808,221,452.32,231.32,13.64,16,234.08,2531.27
61513.44926,93,323.55,230.55,45.17,5,97.72,2256.84
18353.49057,318,544.24,226.24,16.24,23,170.72,9177.15
56870.09973,76,299.76,223.76,2.49,85,87.83,1741.60
63165.45343,1360,1578.13,218.13,18.92,76,140.21,7711.87
93847.02035,516,733.25,217.25,6.80,66,284.45,17852.65
38055.38453,2222,2439.14,217.14,17.76,88,876.26,30232.62
19572.58943,73,289.53,216.53,11.31,21,52.09,1087.78
90981.63034,200,415.54,215.54,25.50,11,135.04,4015.47
3015.299583,100,315.21,215.21,14.96,16,75.85,587.55
71502.14742,123,336.98,213.98,8.83,21,151.48,7473.51
4179.736314,546,757.51,211.51,19.92,33,100.15,11703.55
25506.41763,67,278.19,211.19,20.33,11,54.52,1129.80
3478.938552,363,567.61,204.61,12.32,33,161.05,2538.17
13599.73411,90,293.94,203.94,6.83,28,102.61,2387.05
67214.50172,97,300.72,203.72,11.29,16,120.03,1362.46
98329.55094,86,288.64,202.64,3.08,61,100.76,1237.26
94028.81348,501,702.66,201.66,23.31,23,166.61,10398.22
45418.91071,157,356.94,199.94,7.19,21,206.02,1602.64
7484.962409,208,407.32,199.32,22.64,13,113.00,12702.01
16751.60479,417,615.20,198.20,11.68,32,241.44,32762.45
36903.02252,191,389.16,198.16,11.76,23,118.68,4013.25
51079.91694,81,279.14,198.14,7.93,29,49.07,991.06
88394.37669,128,325.74,197.74,9.72,23,102.18,17545.67
37919.04046,1027,1223.28,196.28,3.70,120,779.28,25486.74
64314.37807,155,350.93,195.93,4.84,38,167.01,6752.90
19188.97653,215,410.91,195.91,11.16,20,187.71,6463.23
73387.0324,88,283.57,195.57,10.20,20,79.57,996.76
52640.43787,96,291.55,195.55,45.76,5,62.75,719.83
76289.42711,74,269.26,195.26,12.72,16,65.74,1004.26
12912.21779,117,310.98,193.98,53.97,5,41.12,985.19
8357.205586,168,361.89,193.89,14.96,16,122.53,861.32
48169.95335,91,284.19,193.19,6.84,29,85.83,1316.10
9459.675836,152,344.78,192.78,46.93,5,110.12,953.13
44205.04411,74,266.13,192.13,13.05,16,57.28,571.14
29459.79577,55,246.41,191.41,9.72,21,42.29,1014.03
20398.71322,131,319.77,188.77,9.12,27,73.53,1425.99
13539.16641,105,291.79,186.79,10.20,23,57.19,9081.31
57978.83457,134,318.77,184.77,4.84,37,139.69,2346.56
48177.98048,223,405.26,182.26,12.96,23,107.18,3258.31
56666.55127,98,279.45,181.45,44.50,5,56.95,3013.06
63104.85832,61,238.53,177.53,36.23,5,57.40,2221.10
58168.27747,377,552.89,175.89,11.04,31,210.65,8342.49
7011.978794,122,296.87,174.87,9.30,22,92.27,1032.55
56531.78891,158,332.39,174.39,2.83,68,139.72,791.80
36370.45265,119,293.07,174.07,12.47,16,93.60,1234.54
12676.44662,183,355.89,172.89,6.81,36,110.61,6020.36
36628.5949,141,313.45,172.45,8.16,35,27.85,1151.99
97836.37886,54,225.31,171.31,6.83,26,47.64,427.59
24480.71311,143,313.65,170.65,13.80,16,92.85,2280.99
13232.79607,86,256.39,170.39,5.43,31,88.17,3911.81
29973.66394,253,422.85,169.85,4.37,51,199.81,25609.62
88499.43008,48,217.77,169.77,17.00,11,30.77,259.74
94785.8318,112,281.59,169.59,12.47,15,94.59,587.59
62503.38677,76,243.93,167.93,8.83,15,111.43,1722.39
13857.98308,218,385.07,167.07,3.95,55,168.00,12972.81
93614.81142,220,386.40,166.40,5.32,46,141.68,6327.93
17846.65633,156,321.72,165.72,9.53,16,169.18,3887.97
56345.05754,180,340.03,160.03,14.00,16,116.03,4969.31
8954.076984,510,670.03,160.03,20.70,15,359.53,4156.90
33180.04635,171,330.78,159.78,4.88,51,81.90,9781.06
50064.12161,129,288.73,159.73,8.28,22,106.57,2960.35
24821.80158,51,210.68,159.68,2.49,60,61.08,1424.38
62206.36319,123,281.18,158.18,7.30,27,84.08,5108.77
59245.0841,205,362.76,157.76,9.80,23,137.36,3876.49
85865.43543,97,254.49,157.49,6.60,23,102.69,8682.89
26376.72145,57,211.97,154.97,2.22,87,18.83,1793.44
92382.50898,174,328.29,154.29,15.80,16,75.49,1009.01
72831.12371,32,185.66,153.66,4.83,35,16.49,206.70
46597.28823,226,378.90,152.90,11.88,16,188.82,1259.82
42528.76975,80,232.73,152.73,7.57,28,20.68,1189.46
30303.93974,174,325.21,151.21,10.40,23,86.01,2542.73
46611.83305,1729,1880.06,151.06,120.32,11,556.54,14068.15
29891.19471,129,279.34,150.34,8.36,21,103.78,1223.50
12691.7175,151,301.04,150.04,8.95,15,166.84,6217.16
27049.09815,150,298.24,148.24,11.76,16,110.08,1411.33
17700.07071,198,346.11,148.11,15.20,15,118.11,1255.78
51201.69218,52,199.84,147.84,6.01,23,61.53,1235.47
68042.0436,137,284.77,147.77,7.93,23,102.30,1574.46
41213.87088,79,226.60,147.60,0.73,176,97.53,1022.24
7168.284088,158,305.54,147.54,42.65,5,92.28,3487.39
89811.80717,60,207.45,147.45,0.73,200,60.78,3557.81
10364.08644,50,197.34,147.34,2.17,60,67.34,1117.37
12512.44766,533,678.60,145.60,109.12,5,133.00,4044.95
77925.24545,40,185.53,145.53,6.17,21,56.03,1648.49
26525.0436,112,257.49,145.49,5.65,31,82.24,3774.43
43822.25836,27,171.54,144.54,54.84,3,7.02,288.98
73771.9607,261,405.51,144.51,12.00,23,129.51,2524.27
29598.79286,170,314.31,144.31,11.39,16,132.12,1684.93
70982.74714,132,275.26,143.26,20.83,8,108.65,1396.74
29811.36582,114,256.39,142.39,16.20,11,78.19,4792.97
28221.53884,179,321.33,142.33,11.04,22,78.45,2218.95
60158.7279,71,213.23,142.23,10.12,16,51.31,798.36
43781.96218,253,395.17,142.17,37.86,8,92.29,1605.53
32623.09674,47,188.58,141.58,3.48,44,35.46,8835.13
63307.53543,72,212.35,140.35,13.63,12,48.83,1135.83
91970.25303,42,180.65,138.65,70.55,2,39.55,2439.83
49717.44659,208,346.42,138.42,3.30,60,148.42,4519.37
4776.122885,61,199.22,138.22,6.01,26,42.88,1226.33
82832.34393,168,306.16,138.16,6.48,31,105.28,1544.00
53178.28644,185,322.75,137.75,4.56,45,117.55,1605.68
24760.86271,180,317.65,137.65,6.44,31,118.01,4750.32
15592.2983,483,620.63,137.63,9.30,28,360.23,9207.46
76461.28919,45,182.45,137.45,8.95,15,48.25,1350.99
56881.87625,56,193.16,137.16,11.00,16,17.16,469.76
82555.758,62,198.50,136.50,4.84,31,48.46,429.81
70545.46037,86,222.25,136.25,9.53,16,69.72,1298.42
82599.30915,63,197.19,134.19,4.83,28,61.86,398.60
54543.47579,177,309.04,132.04,8.17,16,178.37,1147.51
63005.95015,105,236.25,131.25,25.23,8,34.44,1503.67
13116.39256,63,193.84,130.84,8.28,16,61.36,1580.06
49472.71625,1073,1203.83,130.83,24.53,22,664.25,8939.96
91961.60577,180,310.76,130.76,8.76,23,109.28,1180.43
63934.82728,49,179.11,130.11,10.20,16,15.91,387.46
11944.61174,137,266.98,129.98,7.93,23,84.51,2986.36
31324.97779,102,231.78,129.78,7.30,21,78.48,1027.73
62848.09046,75,204.56,129.56,27.28,5,68.16,569.43
52738.31427,54,183.28,129.28,4.25,31,51.43,10422.70
71481.31066,175,303.77,128.77,6.90,23,145.07,1143.91
33552.6275,290,418.16,128.16,10.03,38,37.15,21243.11
96830.56156,2737,2865.05,128.05,18.28,123,616.61,71274.46
71418.1479,157,284.70,127.70,2.64,88,52.38,1194.80
18093.39803,145,272.63,127.63,7.84,23,92.31,1588.58
27362.13935,96,223.38,127.38,5.30,31,59.08,6495.48
8263.863572,85,209.05,124.05,3.08,38,92.01,8084.36
19299.52682,163,285.79,122.79,8.90,23,81.09,1240.94
26443.5343,184,306.74,122.74,6.36,23,160.46,2748.76
64862.27061,55,177.65,122.65,22.80,6,40.85,3373.53
67997.98926,12,134.63,122.63,61.33,2,11.96,1366.10
62403.27701,29,151.19,122.19,4.92,28,13.43,1159.47
59065.7381,124,245.84,121.84,4.44,38,77.12,999.60
27441.05294,69,190.70,121.70,8.50,16,54.70,1202.96
85710.85199,86,206.20,120.20,5.43,23,81.39,558.35
40406.70397,296,416.09,120.09,22.32,11,170.57,11817.38
97205.91371,125,244.99,119.99,6.84,25,73.99,781.73
13835.64099,86,205.50,119.50,9.24,16,57.66,497.10
34901.62629,72,191.19,119.19,4.84,20,94.39,1387.02
77808.02707,65,184.10,119.10,11.39,12,47.46,1514.64
24878.72365,155,273.99,118.99,10.64,16,103.75,10144.65
81261.10865,86,204.48,118.48,6.60,21,65.88,725.60
59338.99383,126,243.59,117.59,3.00,37,132.59,1135.55
12151.20378,11,128.04,117.04,4.17,28,11.38,1067.26
64747.20442,41,157.31,116.31,6.83,16,47.97,25017.47
46526.14142,112,227.43,115.43,6.10,22,93.23,1201.99
8396.036677,157,272.19,115.19,7.93,21,105.59,11798.67
28729.89906,54,169.08,115.08,3.67,31,55.42,3891.50
10239.02632,55,169.37,114.37,6.01,20,49.11,486.55
42242.48607,48,162.16,114.16,3.67,31,48.49,3355.17
70461.63002,50,163.79,113.79,7.77,16,39.41,327.99
12797.36362,623,736.65,113.65,19.84,29,161.29,4386.47
71293.47981,140,253.40,113.40,3.60,46,87.80,1262.86
74649.14349,208,321.02,113.02,3.96,33,190.34,21676.10
94485.72991,409,521.98,112.98,7.28,60,85.18,10549.07
38529.69786,113,225.72,112.72,3.30,44,80.52,5976.45
72292.61001,71,183.36,112.36,3.96,31,60.60,7988.93
13256.11931,167,278.61,111.61,8.28,16,146.13,2221.16
91426.67159,211,321.51,110.51,3.00,60,141.51,1353.37
56373.14592,33,142.36,109.36,2.83,41,26.19,1383.18
55583.32874,81,189.68,108.68,22.56,7,31.76,1183.13
10194.79322,34,141.73,107.73,5.40,21,28.33,1181.51
29759.84406,56,160.58,104.58,5.84,22,32.10,1063.90
14400.80689,57,160.84,103.84,10.12,11,49.52,458.56
38388.46865,66,169.62,103.62,6.17,16,70.95,359.92
39231.86401,63,166.34,103.34,3.95,31,43.99,4332.85
55949.49666,29,132.25,103.25,2.83,33,38.75,1010.59
32628.01978,60,163.19,103.19,1.91,45,77.39,1177.57
34612.87214,53,154.13,101.13,3.96,28,43.25,3033.37
91537.48339,205,305.88,100.88,1.30,155,104.38,1186.64
12445.2829,92,192.36,100.36,6.80,20,56.36,1062.87
16511.1707,100,199.79,99.79,1.48,123,17.75,2788.10
7989.807903,60,157.60,97.60,22.00,5,47.60,325.72
68368.04535,104,201.25,97.25,4.50,28,75.25,35839.18
38489.70519,115,211.56,96.56,3.96,28,100.68,2485.02
18455.61381,274,370.42,96.42,4.24,51,154.18,4507.32
58600.29598,69,165.38,96.38,8.17,11,75.55,355.48
98708.20039,86,181.74,95.74,27.10,5,46.24,514.85
49986.20614,80,175.26,95.26,6.36,20,48.06,820.63
34964.02796,76,170.49,94.49,1.70,70,51.49,4326.79
73163.29742,37,131.35,94.35,1.81,66,11.67,311.31
91128.90038,62,156.11,94.11,5.50,16,68.11,366.77
57080.21584,261,354.86,93.86,8.80,21,170.06,1366.26
37057.50135,49,142.80,93.80,7.80,13,41.40,15885.80
60104.7615,500,593.73,93.73,5.10,77,201.03,7937.86
23332.87361,129,222.67,93.67,6.84,20,85.87,1061.04
4773.702864,136,229.57,93.57,22.96,8,45.89,946.13
73806.41833,103,196.04,93.04,12.60,11,57.44,551.26
28756.86246,53,145.50,92.50,8.31,13,37.51,1064.05
96062.58778,92,184.34,92.34,5.40,16,97.94,1149.05
57529.21552,39,131.16,92.16,9.15,12,21.40,1199.53
64810.32298,46,136.80,90.80,2.49,36,47.04,3644.89
96538.87718,132,222.35,90.35,11.80,11,92.55,2381.63
67889.90501,60,149.86,89.86,0.83,100,66.53,371.45
55168.57614,51,140.52,89.52,4.83,19,48.69,900.09
39272.0371,140,229.39,89.39,11.04,16,52.75,1619.12
49341.73825,244,333.29,89.29,11.68,26,29.61,1254.75
70304.02287,65,153.85,88.85,4.92,23,40.69,808.46
58204.41592,171,259.59,88.59,12.32,16,62.47,1142.18
28119.91436,166,254.07,88.07,8.10,21,83.97,1169.93
88924.53858,44,131.39,87.39,6.01,16,35.18,811.53
30931.06155,85,172.09,87.09,11.88,11,41.41,6070.28
86716.7742,80,166.73,86.73,4.57,23,61.54,1041.73
12342.41834,121,207.65,86.65,3.28,44,63.33,2458.46
46566.80195,29,115.45,86.45,3.08,29,26.13,588.79
67602.561,56,142.18,86.18,10.60,11,25.58,772.72
31835.0261,112,197.81,85.81,7.80,16,73.01,844.20
99188.33387,66,151.73,85.73,2.24,41,59.89,1067.11
8351.712288,117,202.07,85.07,4.62,34,44.99,5791.70
5080.470179,86,170.55,84.55,1.39,75,66.55,12318.50
39885.56665,43,126.62,83.62,103.84,1,22.78,1485.68
78607.59891,45,127.68,82.68,2.49,28,57.86,1122.73
43598.46964,17,99.48,82.48,4.83,16,22.15,1545.23
83489.02749,202,283.87,81.87,1.96,60,166.27,1410.97
95156.36474,122,203.67,81.67,2.49,40,103.93,770.70
27719.21863,31,111.08,80.08,2.49,29,38.78,1264.75
77672.9379,86,166.01,80.01,5.20,28,20.41,1701.69
57225.68169,54,133.47,79.47,0.83,87,60.97,393.49
21835.37788,28,106.58,78.58,0.83,81,39.08,1276.58
69483.66359,64,142.39,78.39,5.43,16,55.56,1412.60
14103.03964,34,111.73,77.73,1.91,36,43.09,1293.30
39377.98911,37,114.73,77.73,3.08,26,34.65,504.87
68318.78866,29,106.53,77.53,6.07,16,9.46,259.25
35393.00406,232,308.93,76.93,4.88,31,157.65,1758.93
12128.43273,39,115.74,76.74,2.10,40,31.74,1040.64
17675.74024,41,117.51,76.51,1.50,50,42.51,267.34
17735.99899,48,124.51,76.51,3.70,23,39.41,1585.58
29408.85344,15,91.27,76.27,3.96,21,8.11,442.41
27385.06481,84,160.10,76.10,3.92,29,46.42,10244.13
2037.852636,24,99.80,75.80,13.64,6,17.96,1373.28
42600.17895,63,138.50,75.50,2.52,28,67.94,1589.42
91086.65585,48,123.44,75.44,5.70,16,32.24,2851.31
39363.46175,51,126.41,75.41,0.60,120,54.41,1531.68
38589.6678,130,204.75,74.75,0.90,120,96.75,16916.85
48757.60959,99,173.42,74.42,3.70,31,58.72,595.63
95967.6622,191,265.10,74.10,10.84,21,37.46,1347.14
21236.62438,85,159.03,74.03,2.04,46,65.19,502.19
89374.89194,38,111.81,73.81,7.19,11,32.76,270.00
58745.50168,21,94.65,73.65,3.08,28,8.41,564.30
93034.15064,32,104.90,72.90,6.60,11,32.30,2381.53
61494.19702,46,118.65,72.65,47.47,2,23.72,738.73
71657.17638,371,443.62,72.62,14.56,17,196.10,2227.19
89321.96051,42,114.49,72.49,2.49,28,44.67,8404.75
66171.33683,61,133.34,72.34,7.15,17,11.85,1397.61
87814.61072,149,221.32,72.32,7.79,21,57.80,1499.80
51684.3261,122,193.89,71.89,2.71,50,58.56,1042.63
58028.02417,48,119.36,71.36,0.60,130,41.36,3817.10
38956.79346,38,109.33,71.33,4.17,16,42.66,430.18
38944.51883,25,96.22,71.22,12.47,6,21.42,380.01
6348.947722,75,145.98,70.98,6.36,15,50.58,1139.62
16190.15576,9,79.57,70.57,4.83,15,7.07,339.69
41407.0252,80,150.41,70.41,4.24,23,52.89,1712.52
99255.09936,201,271.11,70.11,4.24,46,76.07,1163.27
4472.452456,94,163.62,69.62,3.45,29,63.47,17811.23
14177.70251,69,138.43,69.43,6.48,16,34.75,6508.78
57414.41086,110,178.68,68.68,8.48,16,43.00,1115.26
58786.99747,40,108.08,68.08,2.49,30,33.28,1164.94
5065.188283,47,114.98,67.98,2.83,21,55.48,473.68
30237.84445,84,151.82,67.82,2.67,33,63.82,2345.25
65224.58208,244,311.66,67.66,7.57,30,84.46,1245.95
65233.03504,204,271.53,67.53,4.56,33,121.05,62186.84
84079.24587,40,106.23,66.23,4.50,16,34.23,1591.90
65187.64152,42,108.08,66.08,2.49,30,33.28,1019.39
59233.22299,20,85.74,65.74,2.52,31,7.62,144.98
95930.30237,113,178.40,65.40,4.14,31,50.06,1084.58
68677.35508,22,86.91,64.91,1.32,45,27.51,1596.90
20509.28596,109,173.83,64.83,4.90,23,61.13,1261.18
51747.62584,71,135.69,64.69,6.44,16,32.65,785.59
2753.120319,42,106.59,64.59,2.17,30,41.59,1045.18
50412.93308,68,132.19,64.19,1.56,50,54.19,499.94
53420.79036,76,140.11,64.11,5.40,16,53.71,1428.75
77655.76465,14,77.97,63.97,4.44,16,6.93,287.70
55042.65347,72,135.69,63.69,6.44,16,32.65,797.79
5565.194267,39,102.48,63.48,4.25,16,34.42,242.23
59027.20799,12,75.33,63.33,1.91,36,6.69,296.37
59404.98731,22,85.28,63.28,2.10,37,7.58,191.81
19294.75574,10,73.17,63.17,4.17,16,6.50,123.20
60386.38837,25,88.15,63.15,6.51,11,16.57,2380.10
42965.73643,73,135.69,62.69,6.44,16,32.65,816.69
65825.06061,15,77.68,62.68,24.55,3,4.04,229.09
98215.01082,33,95.53,62.53,13.87,5,26.20,1110.26
43580.49714,45,106.86,61.86,6.01,11,40.71,270.58
44320.83531,32,93.36,61.36,1.50,41,31.86,186.46
83827.89094,233,294.27,61.27,10.40,21,75.87,2993.95
2809.055866,26,86.86,60.86,2.83,28,7.72,1107.33
71072.24732,79,138.86,59.86,1.70,40,70.86,1607.73
21040.67907,1970,2029.01,59.01,32.20,53,322.41,14684.31
63670.75083,38,96.84,58.84,14.64,5,23.64,239.94
91096.30959,180,238.68,58.68,10.83,16,65.45,15171.38
30107.5998,29,87.57,58.57,2.17,26,31.24,243.68
30822.31636,248,306.32,58.32,6.51,33,91.60,1708.35
14522.11341,13,71.15,58.15,2.49,26,6.32,97.67
72882.49255,555,612.82,57.82,18.48,16,317.14,5293.47
64875.31789,163,220.77,57.77,2.19,72,63.33,1338.95
12419.57396,93,150.54,57.54,5.52,21,34.62,755.27
63410.09885,29,86.32,57.32,6.10,11,19.22,3027.67
50420.98956,58,114.70,56.70,2.96,28,31.82,8086.61
64524.54055,27,83.59,56.59,9.52,8,7.43,159.37
45624.17289,56,112.41,56.41,2.52,27,44.37,534.33
88578.74314,145,201.02,56.02,29.44,5,53.82,855.55
56216.19554,61,116.47,55.47,3.28,28,24.63,1110.53
64582.05918,51,106.34,55.34,2.33,28,41.01,1397.23
83959.21238,40,94.98,54.98,1.30,47,33.88,1181.52
7436.807314,38,92.96,54.96,0.83,61,42.13,242.32
5762.614267,180,234.93,54.93,55.53,2,123.87,3444.26
11965.10355,50,104.49,54.49,5.88,11,39.81,436.64
76279.32956,36,90.47,54.47,1.08,60,25.67,279.83
52905.99673,148,202.42,54.42,4.11,35,58.69,1345.29
89951.51899,979,1032.33,53.33,10.83,68,296.12,7625.26
57475.61525,31,83.94,52.94,1.91,29,28.64,330.19
89693.70052,37,89.87,52.87,2.90,23,23.17,7340.59
75543.6224,69,121.77,52.77,2.96,28,38.89,7335.32
91788.78777,528,580.76,52.76,23.80,23,33.36,3738.07
90821.50073,70,122.39,52.39,7.30,11,42.09,447.37
77806.09006,203,255.14,52.14,1.33,133,77.81,1372.05
22414.89462,42,93.80,51.80,1.91,30,36.60,1159.56
3316.979588,18,69.57,51.57,2.17,23,19.74,3226.95
44081.15571,9,60.36,51.36,3.67,15,5.36,179.77
77659.50168,67,118.31,51.31,6.08,12,45.35,429.12
72626.31806,27,78.23,51.23,0.83,44,41.56,1562.06
93469.55851,86,137.17,51.17,0.90,100,47.17,825.27
50164.97265,26,77.07,51.07,1.91,26,27.49,6979.84
81043.20569,41,91.93,50.93,4.96,16,12.57,5451.47
6170.814283,78,128.13,50.13,6.80,11,53.33,1403.66
68070.96884,50,100.08,50.08,4.50,16,28.08,1380.29
96146.75067,7,56.70,49.70,0.83,62,5.04,376.85
66763.51187,28,77.54,49.54,1.32,41,23.42,152.70
34117.21829,18,67.17,49.17,2.04,30,5.97,90.72
39637.39026,24,73.11,49.11,10.71,5,19.57,782.74
80417.46676,21,69.80,48.80,4.24,15,6.20,253.16
46869.79545,30,78.60,48.60,1.32,37,29.76,402.96
39928.92215,66,114.14,48.14,3.47,30,10.14,469.54
95636.9494,133,180.60,47.60,23.05,5,65.33,824.42
19941.46742,65,112.57,47.57,16.56,5,29.77,552.90
35029.33365,89,136.48,47.48,5.30,16,51.68,1351.52
52169.04283,127,174.48,47.48,7.12,12,89.04,1532.72
8392.581071,38,85.02,47.02,3.08,16,35.74,224.51
33926.56945,22,68.86,46.86,7.50,6,23.86,261.68
97465.78026,37,83.86,46.86,6.16,11,16.10,457.38
86459.93995,70,116.31,46.31,5.52,16,27.99,820.96
8766.781667,70,116.31,46.31,5.52,16,27.99,784.24
93505.32572,60,106.23,46.23,4.50,16,34.23,1117.30
54476.39539,427,473.21,46.21,6.16,60,103.61,18744.55
9752.603397,82,128.12,46.12,1.30,51,61.82,176954.95
19580.97749,32,77.97,45.97,0.90,58,25.77,1791.98
26394.89998,99,144.59,45.59,4.88,20,46.99,587.43
23915.89994,71,116.31,45.31,5.52,16,27.99,792.92
99645.52245,34,79.28,45.28,1.50,30,34.28,922.76
41862.31552,92,137.25,45.25,5.36,21,24.69,1329.34
98053.03428,20,64.92,44.92,0.73,60,20.92,2812.09
54362.08273,247,291.79,44.79,6.60,28,106.99,30968.30
20167.09523,31,75.66,44.66,1.91,23,31.80,549.92
79164.04235,51,95.55,44.55,3.83,16,34.33,17301.24
93366.37569,85,129.22,44.22,2.64,31,47.38,2800.85
93217.39909,73,117.15,44.15,2.32,33,40.59,7635.42
32963.11452,10,54.09,44.09,3.08,16,4.81,78.04
36559.455,22,66.06,44.06,1.50,28,24.06,206.24
48497.52952,19,63.00,44.00,3.83,15,5.60,1038.71
76404.29028,91,134.96,43.96,4.24,23,37.44,961.50
10448.96367,884,927.85,43.85,109.33,6,271.85,6337.23
28305.80833,28,71.85,43.85,1.08,44,24.33,9740.26
81537.96901,50,93.57,43.57,6.07,11,26.84,404.30
50337.76968,10,53.44,43.44,24.35,2,4.75,113.14
20851.90804,43,86.23,43.23,3.83,16,25.00,437.35
54077.96146,94,137.00,43.00,6.16,16,38.44,873.98
78367.93562,80,122.92,42.92,2.33,29,55.26,18542.53
24295.59651,13,55.90,42.90,3.00,16,7.90,402.36
42508.60461,143,185.75,42.75,5.36,28,35.67,14234.42
63038.37697,30,72.62,42.62,8.36,5,30.82,346.65
95354.15986,29,71.62,42.62,3.67,12,27.62,209.04
1082.228679,28,70.37,42.37,2.04,23,23.45,4776.18
69829.51455,49,90.88,41.88,1.70,37,27.98,1106.90
56543.00904,75,116.77,41.77,2.32,32,42.53,6027.22
28089.68138,50,91.60,41.60,1.21,48,33.36,6515.18
49927.08482,63,104.51,41.51,4.96,16,25.15,1074.88
9503.436666,27,68.44,41.44,1.91,23,24.59,162.80
12591.10447,16,57.29,41.29,0.90,58,5.09,117.74
47004.24269,40,81.03,41.03,2.17,15,48.53,291.56
71873.54123,26,66.94,40.94,8.28,6,17.26,167.59
21705.9442,38,78.90,40.90,4.88,12,20.34,2788.60
52153.34181,14,54.88,40.88,2.00,25,4.88,407.98
29029.65481,42,82.52,40.52,3.00,16,34.52,564.37
5925.684757,44,84.40,40.40,0.72,76,29.68,1148.70
26840.76943,12,52.14,40.14,5.43,8,8.73,149.80
37920.10879,176,215.93,39.93,6.16,23,74.25,1271.72
21602.76529,162,201.89,39.89,3.45,35,81.02,881.86
20237.86945,25,64.87,39.87,3.48,11,26.59,1470.33
40989.98232,243,282.35,39.35,12.80,18,51.95,1218.22
24401.95087,16,55.28,39.28,20.24,2,14.80,201.62
92564.37328,17,55.80,38.80,1.91,20,17.66,2428.35
50727.27312,12,50.68,38.68,10.88,4,7.16,2541.26
49101.2945,27,65.58,38.58,2.64,21,10.14,349.27
14533.14101,29,67.17,38.17,1.02,60,5.97,391.87
57758.83566,47,84.95,37.95,3.42,21,13.13,598.45
54531.10639,58,95.93,37.93,4.75,15,24.73,1765.84
60451.34082,6,43.78,37.78,2.49,16,3.89,355.59
66345.50015,26,63.44,37.44,1.08,41,19.16,214.62
3513.799268,33,69.89,36.89,3.60,16,12.29,277.80
34784.80383,7,43.46,36.46,0.60,66,3.86,375.28
84351.60936,39,75.45,36.45,1.70,28,27.85,3475.66
89665.20677,34,70.36,36.36,0.90,45,29.86,1379.74
82482.98319,77,113.22,36.22,2.19,44,17.00,908.42
415.6140404,28,63.86,35.86,1.70,26,19.66,2896.30
18962.5671,126,161.62,35.62,20.16,5,60.82,1120.12
12328.15963,128,163.03,35.03,1.21,44,109.64,1289.43
46476.69875,15,49.53,34.53,0.83,39,17.03,355.20
36230.00449,87,121.23,34.23,5.20,16,38.03,441.34
36945.24393,136,170.15,34.15,14.24,8,56.23,950.20
16643.79319,13,47.02,34.02,2.04,21,4.18,76.66
81186.83623,265,298.91,33.91,6.48,23,149.87,2546.95
41967.30897,10,43.46,33.46,0.60,66,3.86,920.39
47546.81561,44,77.42,33.42,2.52,16,37.10,370.78
76274.03088,134,167.39,33.39,3.66,31,53.93,2678.78
1912.492979,15,48.37,33.37,4.17,8,15.03,145.25
42854.3262,32,65.05,33.05,0.53,81,21.85,381.02
64151.56084,18,51.04,33.04,7.19,5,15.11,114.98
9225.661922,84,116.94,32.94,2.90,21,56.04,483.99
33231.01826,29,61.91,32.91,4.92,8,22.55,293.37
79318.69045,1028,1060.91,32.91,9.71,72,362.03,12940.10
41680.07185,34,66.86,32.86,0.47,100,20.19,460.68
46060.91678,49,81.60,32.60,0.84,62,29.52,482.58
27249.77679,26,58.58,32.58,1.32,26,24.26,157.31
93229.43546,25,57.28,32.28,1.39,28,18.46,3097.86
43162.74144,86,118.17,32.17,3.68,23,33.53,1034.47
71879.19972,23,55.12,32.12,1.56,23,19.24,3059.94
95126.42502,27,58.77,31.77,2.50,16,18.77,17309.02
98378.27555,17,48.33,31.33,3.08,11,14.45,122.91
32226.87369,40,71.30,31.30,1.91,15,42.70,332.72
32279.6737,40,71.30,31.30,1.91,15,42.70,301.35
34485.09543,40,71.30,31.30,1.91,15,42.70,342.16
82235.37377,7,38.05,31.05,2.17,16,3.38,66.53
32381.69299,43,73.91,30.91,3.28,16,21.43,457.12
44289.2047,42,72.87,30.87,10.72,5,19.27,521.11
91258.55653,58,88.79,30.79,0.90,62,32.99,862.56
67735.18226,25,55.78,30.78,0.47,76,20.32,1738.63
19925.59227,100,130.76,30.76,5.52,21,14.84,1288.89
63597.9838,28,58.58,30.58,1.91,16,28.07,204.31
89405.80703,35,65.39,30.39,4.44,8,29.87,428.24
37474.06144,57,87.18,30.18,3.92,16,24.46,306.30
9502.657564,27,57.13,30.13,0.73,45,24.13,974.11
82832.52498,53,83.12,30.12,0.50,101,32.62,278.57
36471.18527,41,70.95,29.95,2.32,22,19.91,403.38
59794.46789,53,82.74,29.74,1.04,50,30.74,4901.58
84121.20154,39,68.43,29.43,0.69,76,15.74,1791.54
50685.29326,16,45.41,29.41,7.84,5,6.21,224.08
51310.78553,46,75.37,29.37,2.64,21,19.93,861.47
68435.63096,45,74.25,29.25,2.32,21,25.53,4829.92
57739.66091,35,64.19,29.19,1.30,30,25.19,7344.88
91056.89356,41,69.67,28.67,1.56,22,35.35,448.82
17330.33273,11,39.38,28.38,1.56,23,3.50,63.44
50165.03928,19,47.16,28.16,2.04,16,14.52,295.52
81114.43459,9,37.06,28.06,2.52,12,6.82,1083.73
36904.67378,26,53.77,27.77,5.88,6,18.49,133.50
49890.04676,230,257.52,27.52,1.76,100,81.52,6045.63
40510.0628,16,43.44,27.44,0.73,41,13.38,81.04
55973.83445,17,44.44,27.44,1.32,21,16.72,168.12
44624.30577,35,62.18,27.18,8.68,5,18.78,272.54
42197.0308,21,48.17,27.17,0.83,29,24.01,115.55
65229.23928,37,64.14,27.14,3.92,11,21.02,2531.93
93158.66933,11,38.11,27.11,0.83,31,12.28,151.54
64792.18691,51,78.06,27.06,1.70,28,30.46,1288.76
97640.65862,36,63.02,27.02,3.52,11,24.30,207.77
67144.68233,10,36.70,26.70,0.83,31,10.86,194.03
48256.78768,22,48.67,26.67,2.17,11,24.84,138.15
97384.75969,12,38.41,26.41,2.33,15,3.41,106.00
67748.83664,13,39.32,26.32,0.83,30,14.32,157.05
68881.04221,42,68.22,26.22,1.39,30,26.62,1176.24
87180.96882,42,68.22,26.22,1.39,30,26.62,1213.42
66633.48938,16,42.14,26.14,2.04,14,13.58,2288.61
54186.82985,1716,1742.13,26.13,58.88,23,387.89,68835.04
30492.923,23,49.04,26.04,6.07,6,12.64,219.35
77704.06654,31,56.95,25.95,0.73,31,34.22,603.65
99849.03071,55,80.68,25.68,2.10,23,32.38,1048.66
86262.20054,16,41.55,25.55,4.83,5,17.38,108.27
32256.65625,9,34.29,25.29,6.17,4,9.62,235.74
54473.7405,11,36.19,25.19,1.08,23,11.35,1121.69
2199.098984,14,38.87,24.87,5.43,5,11.74,111.91
22099.88081,14,38.81,24.81,1.36,26,3.45,131.49
65502.95564,12,36.73,24.73,0.83,30,11.73,1104.98
2018.018446,23,47.57,24.57,1.08,25,20.57,7308.26
99578.02335,10,34.53,24.53,1.08,23,9.69,1536.22
18407.77463,10,34.42,24.42,1.96,16,3.06,89.63
43977.12847,11,35.26,24.26,1.50,16,11.26,68.99
41308.8366,59,82.95,23.95,9.72,4,44.07,958.95
84010.94264,16,39.90,23.90,0.73,35,14.23,1138.57
57354.62085,522,545.75,23.75,14.56,29,123.51,7359.34
33525.41556,20,43.58,23.58,0.83,23,24.41,398.41
18008.97887,71,94.44,23.44,3.92,16,31.72,994.24
42665.16393,11,34.28,23.28,1.32,15,14.48,1634.05
31820.58673,34,57.08,23.08,1.08,30,24.68,1070.81
39698.91211,16,39.07,23.07,1.08,23,14.23,2336.81
82534.17776,24,46.89,22.89,1.68,21,11.61,287.94
14288.30803,17,39.81,22.81,4.95,6,10.13,303.89
87129.24137,14,36.70,22.70,0.60,44,10.30,185.43
7222.37229,10,32.47,22.47,2.83,8,9.81,80.53
95932.29197,5,27.44,22.44,4.17,6,2.44,31.03
97900.13584,7,29.43,22.43,9.30,3,1.53,64.22
19252.2782,21,43.34,22.34,4.92,5,18.74,2332.60
97104.28322,98,120.33,22.33,0.48,160,43.53,1624.72
7345.440177,23,45.29,22.29,4.84,5,21.09,802.37
77196.3111,36,58.27,22.27,0.90,36,25.87,563.76
98139.37454,3,25.11,22.11,1.91,12,2.23,168.84
97924.44464,378,399.84,21.84,5.52,66,35.52,3574.64
36000.41446,24,45.81,21.81,1.59,16,20.42,1564.83
36540.19919,13,34.67,21.67,4.84,5,10.47,68.22
73183.07634,15,36.49,21.49,0.60,43,10.69,186.82
1438.094411,5,26.34,21.34,1.50,16,2.34,25.93
48155.2649,5,26.34,21.34,1.50,16,2.34,56.82
84231.26987,16,37.34,21.34,4.92,5,12.74,401.15
16289.3966,44,65.29,21.29,1.70,21,29.59,281.98
23682.79807,54,75.14,21.14,2.32,21,26.42,322.37
95065.28913,8,28.97,20.97,5.88,4,5.45,224.96
10654.13136,20,40.93,20.93,1.56,16,15.97,200.65
54644.76441,22,42.89,20.89,1.30,22,14.29,264.65
79805.55301,17,37.31,20.31,3.00,8,13.31,174.65
69878.49921,38,58.19,20.19,4.10,8,25.39,263.42
94413.99111,4,24.15,20.15,0.73,30,2.15,81.05
48763.90015,21,41.12,20.12,1.70,16,13.92,314.64
63390.61541,23,43.04,20.04,2.49,8,23.10,116.11
45870.41515,49,69.00,20.00,0.72,60,25.80,465.57
57581.14754,83,102.99,19.99,4.08,23,9.15,500.63
39547.29566,16,35.80,19.80,0.60,42,10.60,94.67
43416.42237,12,31.24,19.24,0.50,41,10.74,1382.95
66054.84358,4,23.18,19.18,1.32,16,2.06,44.59
51368.02512,31,50.04,19.04,4.24,8,16.12,340.88
55647.4245,27,46.04,19.04,0.47,62,17.10,587.77
9615.943625,4,22.83,18.83,1.30,16,2.03,147.42
84273.51019,26,44.66,18.66,1.08,21,21.98,215.70
12080.64616,76,94.60,18.60,2.50,16,54.60,579.66
34368.34819,10,28.58,18.58,2.49,8,8.63,93.79
99727.35474,10,28.58,18.58,2.49,8,8.63,79.47
2080.125369,15,33.46,18.46,3.08,6,14.98,144.45
34854.65502,40,58.34,18.34,1.56,15,34.94,332.36
56656.19487,30,48.31,18.31,0.47,60,20.31,2744.28
72009.44844,4,22.22,18.22,6.17,3,3.72,47.85
21901.57739,11,28.97,17.97,3.30,8,2.57,61.07
61240.23018,40,57.95,17.95,2.32,17,18.51,942.22
7595.552357,8,25.72,17.72,7.44,3,3.40,306.50
6377.506286,4,21.51,17.51,0.40,49,1.91,1040.55
50997.24849,2,19.21,17.21,0.83,21,1.71,172.78
37091.96654,11,27.87,16.87,0.73,23,11.00,102.02
80866.55668,6,22.83,16.83,1.30,16,2.03,49.19
87767.50716,23,39.78,16.78,0.90,29,13.68,132.58
5477.944621,13,29.76,16.76,3.08,5,14.36,351.28
78230.81337,16,32.75,16.75,0.83,16,19.42,286.58
26415.88208,76,92.71,16.71,14.08,5,22.31,1039.01
76756.87989,4,20.61,16.61,2.17,8,3.27,115.31
52567.94807,50,66.52,16.52,0.96,27,40.60,16943.68
3131.117452,16,32.47,16.47,3.96,5,12.67,151.13
53890.45119,39,55.43,16.43,2.22,16,19.91,1039.35
27235.48519,5,21.40,16.40,1.30,15,1.90,88.82
21977.15266,10,26.05,16.05,1.50,11,9.55,52.10
60330.3787,91,107.05,16.05,8.16,8,41.77,1031.90
26425.65326,25,41.04,16.04,3.30,8,14.64,128.09
29259.21007,126,142.02,16.02,0.40,165,76.02,22174.06
28439.44014,3,18.96,15.96,1.08,16,1.68,58.47
25964.72027,16,31.92,15.92,0.73,21,16.52,116.88
29651.51183,5,20.86,15.86,1.08,16,3.58,265.54
76115.21441,9,24.79,15.79,0.73,21,9.39,166.56
36801.08852,27,42.67,15.67,0.72,40,13.87,290.41
39482.28093,20,35.66,15.66,0.60,30,17.66,408.62
26008.68048,4,19.64,15.64,8.95,2,1.74,24.58
18511.05158,36,51.61,15.61,1.36,25,17.61,259.77
19739.63902,3,18.51,15.51,0.73,23,1.64,64.12
22940.71126,38,53.48,15.48,0.50,62,22.48,979.41
14865.09325,201,216.38,15.38,5.34,23,93.56,1049.81
19197.77684,53,68.31,15.31,0.50,73,31.81,855.58
12391.62135,16,31.22,15.22,0.96,21,11.06,212.74
12609.24309,28,43.13,15.13,5.30,5,16.63,1034.12
87198.89708,14,29.13,15.13,0.72,28,8.97,998.19
84102.45845,10,25.05,15.05,1.32,11,10.53,260.57
36898.13304,69,84.00,15.00,3.68,16,25.12,47771.29
47774.47444,5,19.97,14.97,1.21,15,1.77,81.59
74026.59966,30,44.92,14.92,0.72,43,13.96,220.15
34296.63758,15,29.85,14.85,3.00,6,11.85,153.97
88599.52275,17,31.84,14.84,0.53,34,13.70,33956.07
11568.84245,13,27.80,14.80,1.91,8,12.55,81.02
86427.24351,5,19.76,14.76,0.60,30,1.76,29.74
87976.94761,19,33.59,14.59,0.60,28,16.79,7513.60
84047.34263,10,24.46,14.46,1.91,8,9.20,69.38
60644.09712,21,35.37,14.37,0.50,41,14.87,477.18
33392.71067,8,22.35,14.35,0.83,16,9.02,98.19
65577.39399,21,35.33,14.33,0.60,28,18.53,3237.35
54367.23601,17,31.21,14.21,1.08,15,15.01,384.93
38645.52128,14,28.20,14.20,0.50,37,9.70,5013.99
34471.12391,17,31.09,14.09,2.50,8,11.09,184.54
37521.04229,8,22.09,14.09,1.50,8,10.09,173.13
14719.85298,2,15.94,13.94,1.32,11,1.42,41.67
78437.89751,205,218.77,13.77,2.22,61,83.35,3409.98
40938.78716,34,47.76,13.76,1.04,27,19.68,4698.91
90478.79893,34,47.75,13.75,1.70,16,20.55,858.55
33661.78504,131,144.72,13.72,17.52,5,57.12,869.30
37528.55824,35,48.64,13.64,1.04,28,19.52,524.63
30058.3472,34,47.57,13.57,0.90,30,20.57,1070.81
1465.287773,30,43.53,13.53,0.40,70,15.53,275.48
18814.27596,7,20.50,13.50,2.04,8,4.18,51.46
20838.15682,23,36.47,13.47,0.90,23,15.77,328.76
72252.52323,42,55.43,13.43,2.46,16,16.07,582.31
25454.28311,14,27.41,13.41,3.83,5,8.28,128.37
43497.30661,19,32.39,13.39,4.56,5,9.59,224.70
12950.88246,34,47.19,13.19,0.53,41,25.32,239.14
57896.9913,159,172.18,13.18,9.44,11,68.34,911.68
31126.68106,42,55.06,13.06,2.61,16,13.25,535.59
86221.78178,15,27.99,12.99,5.10,5,2.49,90.13
46022.17049,20,32.93,12.93,1.00,30,2.93,229.83
9888.345393,20,32.90,12.90,4.20,5,11.90,170.02
89304.32349,4,16.86,12.86,0.96,16,1.50,44.04
95171.47714,32,44.86,12.86,0.90,28,19.66,1186.60
27828.58878,31,43.82,12.82,1.02,27,16.28,1506.53
95500.49016,52,64.81,12.81,1.96,16,33.45,312.44
64371.93369,4586,4598.73,12.73,82.16,51,408.57,26702.43
783.9037727,8,20.67,12.67,0.73,16,8.94,248.70
78037.70635,36,48.63,12.63,1.02,33,14.97,3354.34
89858.93272,41,53.54,12.54,2.19,16,18.55,1591.78
12629.01671,14,26.53,12.53,0.47,37,9.26,5006.38
66104.14713,11,23.51,12.51,1.02,21,2.09,129.44
58947.41564,16,28.37,12.37,0.60,28,11.57,1398.11
77724.02442,31,43.37,12.37,0.72,40,14.57,1109.01
44446.31555,16,28.29,12.29,0.53,30,12.29,319.08
18554.01969,6,18.17,12.17,0.72,23,1.61,46.69
38731.46507,3,15.15,12.15,0.60,23,1.35,34.19
27348.24635,8,20.10,12.10,0.53,27,5.70,4196.44
82028.90622,144,156.03,12.03,18.48,5,63.63,961.45
31340.14649,6,17.86,11.86,2.49,5,5.39,65.04
18282.02917,4,15.80,11.80,0.90,16,1.40,39.26
53822.56425,13,24.75,11.75,0.73,16,13.01,90.01
47556.58701,3,14.27,11.27,0.50,26,1.27,308.32
84472.29913,55,66.18,11.18,17.48,3,13.74,2452.08
17918.84121,2,13.17,11.17,0.40,30,1.17,1484.21
24189.22483,4,15.12,11.12,2.17,5,4.29,132.85
24990.97608,7,18.11,11.11,1.56,8,5.63,202.46
90957.94537,2,13.04,11.04,1.08,11,1.16,54.84
46724.82287,18,29.02,11.02,2.33,8,10.35,99.24
98043.10893,27,38.02,11.02,3.45,6,17.30,198.67
38857.4034,9,20.00,11.00,3.08,5,4.60,82.24
35470.91724,15,25.99,10.99,1.48,16,2.31,181.14
91032.29837,104,114.92,10.92,5.10,16,33.32,1394.88
56878.11327,8,18.86,10.86,6.81,2,5.23,319.51
25223.15719,98,108.82,10.82,9.96,8,29.14,876.37
33788.86995,30,40.82,10.82,0.47,50,17.49,154.39
49639.77433,7,17.64,10.64,0.83,8,10.97,1411.15
2838.435689,12,22.62,10.62,1.04,16,5.98,245.51
68540.27611,17,27.53,10.53,1.32,19,2.45,166.72
97447.0433,135,145.53,10.53,3.08,23,74.69,1084.42
86793.40418,5,15.52,10.52,2.17,5,4.69,56.65
43920.82602,8,18.47,10.47,1.08,11,6.59,199.16
5364.083202,34,44.40,10.40,0.84,30,19.20,917.19
49840.64111,7,17.32,10.32,0.73,13,7.79,272.36
57244.61443,3,13.32,10.32,0.47,26,1.18,566.32
54641.93821,6,16.30,10.30,0.73,15,5.30,864.60
139.8523217,41,51.26,10.26,1.04,26,24.22,4523.66
40066.64533,10,20.10,10.10,0.90,16,5.70,63.60
12533.72729,6,16.05,10.05,3.08,3,6.81,456.29
14394.16336,149,159.01,10.01,4.14,28,43.09,1031.80
36412.69172,16,25.93,9.93,0.90,17,10.63,119.45
45879.09284,5,14.86,9.86,3.09,4,2.49,43.03
86267.46835,10,19.86,9.86,1.56,8,7.38,71.46
69987.86978,11,20.84,9.84,0.50,26,7.84,542.79
15456.07562,30,39.83,9.83,0.30,90,12.83,15429.49
76253.80621,31,40.83,9.83,3.56,11,1.67,426.85
71993.10907,4,13.81,9.81,0.60,16,4.21,1154.87
38681.85219,19,28.80,9.80,0.50,30,13.80,528.81
61599.13697,7,16.80,9.80,1.08,11,4.92,45.40
13825.92566,11,20.79,9.79,1.08,11,8.91,222.32
56062.73383,10,19.73,9.73,0.50,26,6.73,62939.76
62578.56097,27,36.71,9.71,3.92,6,13.19,167.43
7788.562856,10,19.59,9.59,2.10,6,6.99,159.43
93549.10259,4,13.56,9.56,2.49,4,3.59,412.26
81640.24882,69,78.54,9.54,2.64,16,36.30,371.50
94298.91717,16,25.44,9.44,0.72,23,8.88,373.04
1390.773049,16,25.32,9.32,1.26,16,5.16,147.32
93388.69442,11,20.29,9.29,1.30,10,7.29,134.06
15232.50738,31,40.24,9.24,1.21,16,20.82,341.39
73436.20737,72,81.24,9.24,2.22,23,30.18,2507.60
87621.46342,14,23.22,9.22,5.52,3,6.66,149.59
76619.94459,3,12.18,9.18,1.39,8,1.08,84.45
32263.1607,25,34.17,9.17,1.76,13,11.29,1017.00
57501.49233,42,51.16,9.16,1.04,30,19.96,917.93
27165.81733,5,14.15,9.15,2.83,3,5.65,146.46
79018.36345,8,17.14,9.14,1.91,5,7.61,51.27
58470.64716,23,32.08,9.08,1.26,16,11.92,1195.02
52795.08937,12,21.01,9.01,0.40,31,8.61,1120.49
4511.179675,4,12.98,8.98,3.48,3,2.54,85.04
28155.9807,83,91.93,8.93,1.26,44,36.49,18227.80
46546.61843,6,14.91,8.91,0.73,12,6.11,59.18
30363.57703,1,9.88,8.88,1.50,6,0.88,21.75
4089.249082,2,10.76,8.76,0.47,21,0.96,56.95
53279.26493,16,24.75,8.75,0.47,30,10.75,277.16
76119.6571,18,26.75,8.75,0.72,23,10.19,409.23
80571.43174,12,20.72,8.72,0.60,16,11.12,354.79
80344.90305,8,16.69,8.69,4.96,3,1.81,91.26
22667.03678,43,51.62,8.62,1.68,16,24.74,516.81
25867.0554,40,48.62,8.62,1.30,15,29.12,291.56
43993.27283,6,14.61,8.61,2.04,5,4.41,544.66
44375.94425,11,19.60,8.60,0.60,16,10.00,225.46
32339.82367,6,14.51,8.51,0.83,8,7.84,107.29
53779.00665,31,39.47,8.47,1.04,22,16.59,268.73
59822.64397,8,16.38,8.38,1.81,6,5.50,101.32
2893.488088,146,154.37,8.37,4.08,29,36.05,3682.53
44413.41443,4,12.29,8.29,0.53,21,1.09,19.31
65445.767,14,22.28,8.28,2.10,6,9.68,112.04
20515.10297,11,19.26,8.26,0.84,16,5.82,61.12
66159.28149,64,72.22,8.22,3.72,16,12.70,547.86
94247.97473,11,19.19,8.19,0.60,16,9.59,231.75
62332.91036,34,42.14,8.14,1.50,16,18.14,1028.99
3741.109181,17,25.05,8.05,0.53,23,12.78,115.01
40644.05282,8,16.05,8.05,2.24,5,4.85,71.17
76231.03342,23,30.95,7.95,1.30,11,16.65,452.38
13083.50333,10,17.91,7.91,2.50,5,5.41,70.29
26543.223,8,15.91,7.91,1.08,8,7.27,233.06
58730.32383,3,10.87,7.87,0.90,11,0.97,27.64
23693.3684,2,9.80,7.80,3.08,3,0.56,75.53
12707.54855,139,146.76,7.76,6.93,16,35.83,1229.85
89604.23049,13,20.76,7.76,1.39,8,9.67,104.28
85652.9908,7,14.58,7.58,1.96,5,4.78,269.61
28643.91352,5,12.54,7.54,0.73,11,4.47,27.94
620.6222247,3,10.54,7.54,0.60,16,0.94,26.04
7120.092627,3,10.54,7.54,0.60,16,0.94,17.25
82812.70332,70,77.54,7.54,3.68,16,18.66,820.70
93675.6505,8,15.31,7.31,1.81,5,6.24,113.33
17003.45786,4,11.30,7.30,0.83,8,4.63,30.65
54009.31797,43,50.25,7.25,1.32,28,13.29,1015.25
69917.70123,8,15.18,7.18,0.84,12,5.10,555.13
8379.849283,52,59.07,7.07,6.80,5,25.07,1415.78
92110.94562,27,34.07,7.07,0.37,60,12.07,154.47
62746.01188,4,11.06,7.06,2.17,3,4.56,53.69
73991.93826,3,10.04,7.04,0.83,8,3.37,30.71
45713.31833,12,18.96,6.96,1.30,8,8.56,130.91
4972.487359,82,88.89,6.89,2.40,25,28.89,2499.25
28524.55907,150,156.87,6.87,7.12,13,64.31,835.34
95331.43224,13,19.84,6.84,0.60,16,10.24,733.36
23375.12566,2,8.78,6.78,0.50,16,0.78,80.40
89385.16644,13,19.78,6.78,0.50,21,9.28,260.68
70964.12009,69,75.77,6.77,0.72,61,31.85,833.34
92433.65716,4,10.75,6.75,1.50,5,3.25,20.27
21448.01887,2,8.69,6.69,0.72,11,0.77,51.68
21917.13829,2,8.69,6.69,0.72,11,0.77,119.72
26362.66432,8,14.65,6.65,0.84,11,5.41,268.61
51198.41152,42,48.60,6.60,0.40,66,22.20,239.37
70410.77463,122,128.59,6.59,3.24,30,31.39,14597.49
36565.19569,2,8.56,6.56,1.30,6,0.76,26.04
38771.24903,5,11.56,6.56,0.50,16,3.56,2975.38
67635.93921,9,15.54,6.54,1.08,8,6.90,50.18
69017.25451,174,180.54,6.54,4.70,35,16.04,6955.54
54527.61791,41,47.52,6.52,2.94,11,15.18,308.38
57719.39021,3,9.46,6.46,1.32,5,2.86,142.26
97338.85973,17,23.43,6.43,1.21,11,10.09,85.78
24318.61343,10,16.39,6.39,0.53,16,7.85,115.40
19715.918,3,9.37,6.37,0.73,8,3.50,81.67
14287.91251,13,19.35,6.35,2.33,5,7.68,68.25
55930.93798,1,7.32,6.32,0.83,8,0.65,8.10
5869.593443,9,15.32,6.32,0.84,11,6.08,239.57
95729.65877,7,13.27,6.27,0.73,8,7.40,177.60
26378.62985,5,11.17,6.17,1.56,5,3.37,47.98
58772.38551,5,11.06,6.06,0.60,11,4.46,69.20
81582.05838,13,18.93,5.93,1.26,11,5.07,369.21
74532.16,136,141.80,5.80,6.80,19,12.60,829.42
72009.69859,12,17.68,5.68,0.47,21,7.88,273.76
52870.46568,5,10.66,5.66,0.73,8,4.79,86.78
88608.29211,15,20.61,5.61,0.47,23,9.88,198.51
14387.29467,10,15.59,5.59,1.36,8,4.71,88.20
472.5036415,10,15.59,5.59,1.36,8,4.71,67.05
84269.57277,6,11.57,5.57,1.08,6,5.09,56.80
46285.29314,13,18.52,5.52,0.40,31,6.12,85.97
89175.46102,18,23.50,5.50,5.84,3,5.98,1151.19
76899.60135,40,45.37,5.37,1.21,15,27.17,340.52
98390.26878,3,8.34,5.34,0.40,19,0.74,18.93
34243.07841,13,18.26,5.26,0.69,18,5.78,1739.13
15199.53512,1,6.15,5.15,0.47,12,0.55,27.61
73648.21102,2,7.02,5.02,0.40,16,0.62,35.72
56381.89685,27,31.95,4.95,1.04,16,15.31,498.28
89251.54452,30,34.95,4.95,0.40,51,14.55,968.32
30587.57995,10,14.90,4.90,4.56,2,5.78,277.03
48754.45583,3,7.86,4.86,0.27,27,0.66,1178.04
5368.448754,7,11.80,4.80,0.50,16,3.80,34.37
92172.87215,74,78.75,4.75,1.26,44,23.31,1095.50
57014.25897,4,8.73,4.73,0.53,11,2.86,97.36
64530.52671,3,7.61,4.61,0.27,26,0.68,62.38
37503.0496,7,11.56,4.56,2.00,4,3.56,542.79
83000.8256,22,26.53,4.53,2.22,8,8.77,535.79
36916.6025,11,15.50,4.50,0.53,16,6.97,1041.12
64933.26732,2,6.44,4.44,0.73,8,0.57,10.19
76184.56936,8,12.44,4.44,1.36,6,4.28,99.90
94992.44171,6,10.41,4.41,0.73,6,6.01,33.17
51679.80795,18,22.39,4.39,4.08,5,1.99,240.90
24373.99537,53,57.35,4.35,1.68,16,30.47,586.41
15696.35309,4,8.31,4.31,0.60,8,3.51,35.26
93725.67222,187,191.28,4.28,2.94,46,56.04,1339.10
81266.55764,4,8.26,4.26,0.73,6,3.86,25.66
85361.35278,40,44.21,4.21,1.02,30,13.61,874.90
93398.35281,19,23.18,4.18,1.32,16,2.06,123.37
19029.92505,5,9.13,4.13,0.52,16,0.81,108.53
30898.51141,4,8.11,4.11,0.47,11,2.97,419.58
68106.51762,19,23.04,4.04,0.40,30,11.04,517.41
13480.94554,62,65.97,3.97,1.36,23,34.69,509.74
14561.62588,2,5.97,3.97,0.83,5,1.80,50.61
32713.08559,2,5.97,3.97,0.83,5,1.80,27.43
82987.78397,2,5.97,3.97,0.83,5,1.80,38.00
65498.0716,4,7.96,3.96,0.91,8,0.71,183.03
83455.34766,1,4.92,3.92,2.24,2,0.44,103.97
35673.96558,2,5.90,3.90,1.08,4,1.58,107.12
40785.58375,25,28.90,3.90,3.24,7,6.22,2246.65
1610.023411,3,6.88,3.88,0.96,5,2.08,29.51
65905.88381,10,13.88,3.88,0.47,16,6.42,57.05
37034.59859,20,23.85,3.85,9.88,2,4.09,262.46
26059.3633,17,20.84,3.84,2.61,6,5.16,129.25
38559.74417,5,8.78,3.78,0.27,30,0.78,68.30
41576.82015,15,18.78,3.78,0.90,8,11.58,3110.35
50888.71464,1,4.74,3.74,0.72,6,0.42,17.18
76649.33972,5,8.69,3.69,1.21,5,2.62,32.23
56366.72822,3,6.59,3.59,0.20,30,0.59,296.97
43367.37952,41,44.57,3.57,1.36,16,22.81,282.34
55482.66358,2,5.54,3.54,0.50,8,1.54,132.57
76699.4284,10,13.54,3.54,1.21,6,6.26,108.12
35251.07142,13,16.46,3.46,1.50,8,4.46,161.37
79546.86262,52,55.43,3.43,2.46,16,16.07,716.59
19447.59679,8,11.40,3.40,1.74,5,2.70,735.04
97265.62288,1,4.39,3.39,0.50,8,0.39,27.19
89743.47696,4,7.38,3.38,0.84,8,0.66,97.78
35267.43038,8,11.35,3.35,0.96,5,6.55,78.84
14959.28489,3,6.32,3.32,0.36,16,0.56,94.85
88147.35741,3,6.32,3.32,0.36,16,0.56,67.37
38.49898826,0,3.29,3.29,1.50,2,0.29,129.93
34071.13627,2,5.27,3.27,0.30,16,0.47,60.76
6729.404205,2,5.27,3.27,0.30,16,0.47,24.57
10529.6734,2,5.25,3.25,0.73,5,1.59,15.19
55477.94926,14,17.21,3.21,1.96,8,1.53,108.49
99367.07905,9,12.20,3.20,0.72,10,5.00,206.54
22520.01689,11,14.16,3.16,0.40,22,5.36,56.71
20079.17189,1,4.10,3.10,0.47,8,0.36,28.60
336.8691995,1,4.10,3.10,0.47,8,0.36,43.09
58772.0459,8,11.06,3.06,1.21,5,4.99,48.02
12028.39964,1,3.98,2.98,1.81,2,0.35,24.84
19063.58305,1,3.95,2.95,0.60,6,0.35,6.70
36569.78261,1,3.95,2.95,0.60,6,0.35,6.25
31911.81543,3,5.93,2.93,0.60,6,2.33,44.07
68332.61741,4,6.78,2.78,2.70,2,1.38,34.41
75533.75393,11,13.75,2.75,0.47,16,6.28,1012.43
38520.56874,2,4.72,2.72,0.60,5,1.72,92.21
27512.51028,4,6.71,2.71,0.84,5,2.51,34.91
4614.838536,9,11.69,2.69,1.02,8,3.53,95.59
43037.22453,4,6.68,2.68,0.84,5,2.48,36.75
76164.66068,2,4.68,2.68,0.27,16,0.42,54.68
92457.86557,2,4.68,2.68,0.27,16,0.42,104.99
94612.03893,2,4.68,2.68,0.27,16,0.42,45.34
13316.33142,4,6.60,2.60,0.40,11,2.20,105.88
30410.16398,2,4.57,2.57,1.04,4,0.41,10.99
21326.32163,0,2.49,2.49,0.73,3,0.29,8.14
35069.67071,8,10.48,2.48,0.53,8,6.21,129.57
72973.15103,4,6.48,2.48,0.72,6,2.16,26.89
9530.401133,8,10.48,2.48,0.47,11,5.35,372.75
18223.462,4,6.45,2.45,0.90,5,1.95,20.59
51278.72571,4,6.45,2.45,0.72,6,2.13,45.74
80557.19668,15,17.43,2.43,1.55,8,5.05,202.78
41123.51408,0,2.41,2.41,0.73,3,0.21,6.01
30292.65585,2,4.39,2.39,0.50,8,0.39,10.19
32369.28162,14,16.39,2.39,0.40,21,7.99,137.47
76090.04432,6,8.32,2.32,2.94,2,2.44,89.61
78535.81499,4,6.32,2.32,0.36,16,0.56,42.94
84554.93203,2,4.30,2.30,0.60,5,1.30,26.57
52859.72379,1,3.29,2.29,0.60,5,0.29,6.37
83101.39768,2,4.26,2.26,1.68,2,0.90,136.33
76995.05268,1,3.22,2.22,0.73,4,0.29,3.86
18262.6529,4,6.16,2.16,1.70,2,2.76,81.15
13433.72832,4,6.09,2.09,0.69,8,0.54,22.76
30893.03415,20,21.99,1.99,0.90,8,14.79,229.54
49076.64577,21,22.96,1.96,0.72,16,11.44,147.10
73860.71471,14,15.95,1.95,0.40,20,7.95,159.48
78354.19965,1,2.93,1.93,0.83,2,1.26,38.87
64312.54785,2,3.89,1.89,0.50,5,1.39,14.77
59627.68804,22,23.87,1.87,1.64,11,5.83,2330.70
464.3319328,1,2.85,1.85,0.52,5,0.25,63.27
98805.82762,10,11.85,1.85,0.27,27,4.65,1151.09
69438.25951,1,2.71,1.71,0.73,3,0.51,47.87
31118.55338,6,7.64,1.64,1.16,6,0.68,32.07
9969.623746,1,2.63,1.63,0.60,4,0.23,5.46
7328.011437,2,3.51,1.51,0.20,16,0.31,31.90
59196.26073,18,19.48,1.48,1.02,12,7.24,264.13
70857.37247,10,11.46,1.46,1.55,5,3.72,242.70
47576.20262,26,27.44,1.44,3.66,5,9.14,1108.65
61807.91734,2,3.44,1.44,0.47,4,1.57,53.21
20920.7648,0,1.40,1.40,0.40,3,0.20,17.65
27804.56418,131,132.40,1.40,2.32,31,60.48,1044.22
56400.75485,1,2.40,1.40,0.40,4,0.80,540.96
40165.04498,4,5.38,1.38,0.30,12,1.78,64.68
29174.32198,1,2.34,1.34,0.27,8,0.21,38.30
36888.23023,1,2.34,1.34,0.27,8,0.21,34.92
691.0125995,1,2.34,1.34,0.53,4,0.21,4.05
41610.36305,16,17.32,1.32,2.22,5,6.22,140.39
54421.73052,1492,1493.32,1.32,42.88,28,292.68,14619.69
10159.67823,1,2.24,1.24,0.60,3,0.44,27.94
34249.81368,1,2.18,1.18,0.68,3,0.14,168.71
90461.4167,0,1.17,1.17,0.53,2,0.10,40.48
93202.32543,22,23.15,1.15,0.69,22,7.90,278.46
36637.88988,6,7.10,1.10,1.04,4,2.94,41.02
7728.237731,0,1.10,1.10,0.50,2,0.10,15.03
39358.36771,2,3.08,1.08,0.40,5,1.08,12.17
1132.416829,2,3.07,1.07,0.72,3,0.91,600.69
18495.56854,2,3.07,1.07,0.36,8,0.19,26.10
88000.72498,2,2.98,0.98,0.96,2,1.06,16.98
67616.65104,4,4.95,0.95,0.68,6,0.87,275.69
52913.96599,194,194.91,0.91,9.56,16,41.95,1073.17
46840.29979,5,5.89,0.89,0.40,8,2.69,152.03
15171.17002,0,0.88,0.88,0.40,2,0.08,11.24
55607.84764,1,1.83,0.83,0.48,3,0.39,47.88
40362.31439,1,1.81,0.81,0.52,3,0.25,47.07
76989.24558,6,6.80,0.80,0.20,31,0.60,36.64
13514.24028,1,1.76,0.76,0.20,8,0.16,76.98
41592.17978,1,1.76,0.76,0.20,8,0.16,67.87
75977.31324,1,1.76,0.76,0.20,8,0.16,39.63
85486.23537,1,1.76,0.76,0.20,8,0.16,11.90
91775.97226,1,1.76,0.76,0.20,8,0.16,39.09
96559.89403,1,1.76,0.76,0.20,8,0.16,19.65
86637.3065,9,9.75,0.75,0.52,15,1.95,735.60
61146.71844,5,5.74,0.74,0.40,8,2.54,36.21
91854.0598,2,2.71,0.71,0.40,4,1.11,270.80
21469.85934,69,69.70,0.70,1.55,28,26.39,5056.08
41517.17867,30,30.70,0.70,0.50,23,19.20,1314.94
4141.507253,1,1.64,0.64,0.40,3,0.44,24.43
9715.729205,4,4.63,0.63,0.30,11,1.33,74.40
58091.45501,24,24.62,0.62,1.98,8,8.78,147.50
94901.17871,2,2.62,0.62,0.48,4,0.70,294.66
50881.52299,1,1.58,0.58,0.68,2,0.22,174.25
31914.83882,3,3.55,0.55,0.40,5,1.55,16.17
83605.04193,35,35.51,0.51,1.00,28,7.51,1324.27
48705.02696,1,1.49,0.49,0.68,2,0.13,6.61
38508.48056,2,2.47,0.47,0.40,4,0.87,37.70
20058.57596,0,0.44,0.44,0.40,1,0.04,45.03
69218.28128,1,1.40,0.40,0.54,2,0.32,117.54
77284.04906,3,3.39,0.39,0.40,5,1.39,30.67
11673.86812,10,10.37,0.37,0.30,21,4.07,331.53
22636.42443,1,1.36,0.36,0.27,3,0.56,309.93
92084.2001,3,3.32,0.32,0.78,3,0.98,475.27
41393.25239,0,0.22,0.22,0.20,1,0.02,41.01
16763.75203,4,4.21,0.21,0.24,16,0.37,52.90
10401.57273,1,1.17,0.17,0.13,8,0.10,35.34
48521.12752,1,1.10,0.10,0.20,5,0.10,116.79
4118.905937,45,45.06,0.06,1.48,22,12.50,27979.26
91715.26174,172,172.06,0.06,8.00,12,76.06,1520.36
67013.58459,5,5.05,0.05,0.40,6,2.65,30.16
66951.12366,42,42.03,0.03,5.87,5,12.69,311.36
