sku,on_hand_stock_value,percentage_of_total_value,cumulative_percentage_of_value
56722.42673,4876665.14,10.5996,10.60
64992.5687,1395586.72,3.0333,13.63
77066.7326,1129564.97,2.4551,16.09
87484.99284,982692.53,2.1359,18.22
95551.89527,927844.54,2.0167,20.24
76235.86954,575271.59,1.2504,21.49
59649.09941,544249.78,1.1829,22.67
45558.36564,538973.39,1.1715,23.85
61431.51228,490624.03,1.0664,24.91
2546.974632,468770.26,1.0189,25.93
20770.25794,461006.60,1.0020,26.93
89009.13269,399711.80,0.8688,27.80
97858.21251,395535.77,0.8597,28.66
54259.55534,392523.44,0.8532,29.51
93540.85184,388702.10,0.8449,30.36
57292.27939,387081.09,0.8413,31.20
27746.72473,371074.93,0.8065,32.01
86403.55774,345335.55,0.7506,32.76
66249.98903,345098.96,0.7501,33.51
12389.93222,335783.93,0.7298,34.24
36272.20584,334335.46,0.7267,34.96
28852.23678,321458.09,0.6987,35.66
92199.42146,315697.37,0.6862,36.35
21691.1655,310793.66,0.6755,37.02
13930.05334,304565.78,0.6620,37.69
12618.77005,303071.34,0.6587,38.35
18382.47986,299388.12,0.6507,39.00
40922.61774,297227.26,0.6460,39.64
17877.58278,294228.16,0.6395,40.28
92052.30979,288391.12,0.6268,40.91
68878.30081,284676.08,0.6188,41.53
40555.53967,276302.79,0.6006,42.13
67194.73671,273744.65,0.5950,42.72
97735.92745,262331.48,0.5702,43.29
74844.42322,254735.82,0.5537,43.85
75376.51236,242701.15,0.5275,44.37
70313.2463,230548.22,0.5011,44.88
43989.70312,228825.15,0.4974,45.37
87631.39657,227620.06,0.4947,45.87
16008.34214,225666.09,0.4905,46.36
31844.01405,212412.75,0.4617,46.82
4831.799117,206469.66,0.4488,47.27
14804.73021,206020.76,0.4478,47.72
62250.83184,201302.14,0.4375,48.15
59614.48888,198444.79,0.4313,48.58
11682.12204,195467.88,0.4249,49.01
34319.52555,191911.53,0.4171,49.43
81689.65414,190999.41,0.4151,49.84
99848.49526,180016.95,0.3913,50.23
91487.04292,177154.27,0.3850,50.62
9752.603397,176954.95,0.3846,51.00
68922.10638,172682.48,0.3753,51.38
22511.99721,167861.13,0.3649,51.74
73719.85221,165434.08,0.3596,52.10
37118.06545,164863.15,0.3583,52.46
46174.19704,160463.20,0.3488,52.81
85781.62452,160101.66,0.3480,53.16
9797.236123,158884.64,0.3453,53.50
68753.34457,158137.11,0.3437,53.85
37405.54347,151412.46,0.3291,54.18
28535.78795,150567.98,0.3273,54.50
54058.36796,150550.57,0.3272,54.83
35617.26411,149293.10,0.3245,55.15
56095.15083,146603.73,0.3186,55.47
68621.70154,145614.90,0.3165,55.79
14950.11098,142536.03,0.3098,56.10
18043.66253,140529.15,0.3054,56.41
23279.88664,140154.28,0.3046,56.71
99935.29323,138687.89,0.3014,57.01
61763.28744,137466.63,0.2988,57.31
17724.92674,136785.83,0.2973,57.61
46753.79928,134153.60,0.2916,57.90
57821.70364,133868.67,0.2910,58.19
61716.77149,132267.47,0.2875,58.48
66898.45026,131594.09,0.2860,58.76
74569.65391,131154.06,0.2851,59.05
49404.04188,130444.90,0.2835,59.33
9089.83595,129909.92,0.2824,59.61
42375.4568,127037.57,0.2761,59.89
58344.90294,126469.37,0.2749,60.17
82550.86699,123750.20,0.2690,60.43
31398.63195,121482.63,0.2640,60.70
91054.88135,117929.47,0.2563,60.95
20353.36609,116998.48,0.2543,61.21
98395.41806,114227.80,0.2483,61.46
9755.440137,113320.11,0.2463,61.70
18214.79285,112380.56,0.2443,61.95
51157.75623,112237.43,0.2440,62.19
42076.92509,111239.64,0.2418,62.43
55243.20891,110940.24,0.2411,62.67
26570.05479,110715.50,0.2406,62.92
66606.75227,110267.88,0.2397,63.16
12826.95597,109974.90,0.2390,63.39
79974.57181,108400.39,0.2356,63.63
28358.53042,107730.57,0.2342,63.86
26976.03739,107616.23,0.2339,64.10
17406.29569,107509.62,0.2337,64.33
69336.6739,105195.27,0.2286,64.56
87232.7768,104126.56,0.2263,64.79
21887.98141,104030.78,0.2261,65.01
87489.68716,102665.93,0.2231,65.24
29892.12735,102512.35,0.2228,65.46
4642.238692,101797.50,0.2213,65.68
56308.83258,101589.20,0.2208,65.90
67332.30068,99239.78,0.2157,66.12
84896.52428,98832.88,0.2148,66.33
14290.54489,97913.40,0.2128,66.54
30629.55147,97438.91,0.2118,66.76
37513.08385,96099.69,0.2089,66.96
80947.58702,95814.94,0.2083,67.17
76681.24189,94988.80,0.2065,67.38
72632.12152,92697.53,0.2015,67.58
33662.68414,92389.58,0.2008,67.78
11938.60819,91059.93,0.1979,67.98
69877.27583,90601.77,0.1969,68.18
69432.77751,89797.18,0.1952,68.37
53498.3392,89424.60,0.1944,68.57
40586.17221,89260.97,0.1940,68.76
43887.9304,89048.40,0.1935,68.95
91641.45053,87992.86,0.1913,69.14
79112.17361,86818.09,0.1887,69.33
32397.04157,84209.72,0.1830,69.52
3242.202969,83210.50,0.1809,69.70
69878.71086,81314.61,0.1767,69.87
85525.70369,80378.50,0.1747,70.05
35265.16222,79471.23,0.1727,70.22
71346.84879,79411.68,0.1726,70.39
67794.64548,77743.50,0.1690,70.56
64934.32412,77217.59,0.1678,70.73
63798.28568,75606.22,0.1643,70.90
41409.2889,75196.85,0.1634,71.06
49940.1708,74957.12,0.1629,71.22
23986.33804,74175.86,0.1612,71.38
83385.07533,74072.66,0.1610,71.54
84183.75319,73997.39,0.1608,71.70
16739.76417,72221.02,0.1570,71.86
96830.56156,71274.46,0.1549,72.02
28063.98004,70972.29,0.1543,72.17
3527.394088,70923.29,0.1542,72.33
11902.9736,70479.53,0.1532,72.48
7725.185229,70220.50,0.1526,72.63
54186.82985,68835.04,0.1496,72.78
70466.39833,68393.33,0.1487,72.93
39743.43884,66039.34,0.1435,73.07
85993.0033,65624.83,0.1426,73.22
95171.92723,65348.64,0.1420,73.36
4569.760124,64463.69,0.1401,73.50
39145.01238,64000.00,0.1391,73.64
54977.50853,63691.01,0.1384,73.78
56062.73383,62939.76,0.1368,73.91
65233.03504,62186.84,0.1352,74.05
99691.56817,62109.29,0.1350,74.18
23640.38365,62000.00,0.1348,74.32
55870.75261,61222.90,0.1331,74.45
83164.98886,60934.16,0.1324,74.58
94862.77623,59745.28,0.1299,74.71
64571.78884,59140.89,0.1285,74.84
18011.47757,57288.34,0.1245,74.97
8431.172843,56798.45,0.1235,75.09
19439.60814,56004.29,0.1217,75.21
80784.06957,55592.57,0.1208,75.33
53537.78345,54510.11,0.1185,75.45
90793.93472,53500.03,0.1163,75.57
4632.399445,53445.63,0.1162,75.68
2333.247696,52711.62,0.1146,75.80
88284.20088,51709.19,0.1124,75.91
20959.07106,50724.98,0.1103,76.02
88828.83679,49626.48,0.1079,76.13
26941.50665,49543.27,0.1077,76.23
91222.74032,49157.52,0.1068,76.34
80337.50935,49098.75,0.1067,76.45
16292.38619,48762.77,0.1060,76.55
27931.32597,48630.17,0.1057,76.66
68655.67308,48217.92,0.1048,76.77
71829.76937,48070.34,0.1045,76.87
25337.73744,47978.81,0.1043,76.97
82122.44457,47936.93,0.1042,77.08
36898.13304,47771.29,0.1038,77.18
38229.3787,47663.80,0.1036,77.29
69248.1887,47340.24,0.1029,77.39
22916.56386,47239.85,0.1027,77.49
79780.34904,46953.20,0.1021,77.59
71185.22702,46570.63,0.1012,77.69
79739.54418,46394.46,0.1008,77.80
81868.63666,46339.15,0.1007,77.90
47951.68833,46210.46,0.1004,78.00
33428.60448,46190.36,0.1004,78.10
3596.258665,46040.87,0.1001,78.20
37450.54569,45805.98,0.0996,78.30
80969.10545,45584.21,0.0991,78.40
74396.47976,45283.88,0.0984,78.49
14894.11729,45130.44,0.0981,78.59
70136.47095,44978.70,0.0978,78.69
22592.41647,44489.65,0.0967,78.79
44002.60198,43546.82,0.0947,78.88
84762.58538,43361.78,0.0942,78.98
29076.92688,43245.84,0.0940,79.07
88893.99833,43223.23,0.0939,79.16
73327.4254,43192.00,0.0939,79.26
33116.19225,42787.57,0.0930,79.35
12710.54877,42771.83,0.0930,79.44
5589.677063,42507.83,0.0924,79.54
6029.396022,42327.45,0.0920,79.63
67855.63481,41942.39,0.0912,79.72
5742.090902,41129.99,0.0894,79.81
27439.58354,41059.48,0.0892,79.90
35915.04203,40706.03,0.0885,79.99
24320.22778,40566.70,0.0882,80.07
44607.35256,40432.19,0.0879,80.16
72433.88595,40204.02,0.0874,80.25
86564.39253,39727.91,0.0863,80.34
49628.93981,39604.56,0.0861,80.42
44090.41583,39594.31,0.0861,80.51
70191.94028,39154.35,0.0851,80.59
21779.73596,38901.05,0.0846,80.68
64275.43798,38129.49,0.0829,80.76
53642.5735,37631.75,0.0818,80.84
64482.4853,37613.94,0.0818,80.92
93898.13441,37261.02,0.0810,81.00
16747.70499,37143.53,0.0807,81.09
44410.82251,37132.24,0.0807,81.17
55531.14298,37030.66,0.0805,81.25
45694.2321,36667.24,0.0797,81.33
23548.24418,36627.48,0.0796,81.41
88457.06741,35930.28,0.0781,81.48
68368.04535,35839.18,0.0779,81.56
93757.32748,35739.57,0.0777,81.64
23278.46785,35675.64,0.0775,81.72
34523.52836,35574.35,0.0773,81.79
1627.077928,35511.61,0.0772,81.87
3168.332644,35422.33,0.0770,81.95
20540.37645,35416.78,0.0770,82.03
73291.86838,35298.86,0.0767,82.10
2797.320736,34813.57,0.0757,82.18
747.6157018,34245.97,0.0744,82.25
62208.77298,34210.96,0.0744,82.33
95063.5017,34018.64,0.0739,82.40
88599.52275,33956.07,0.0738,82.47
15371.66377,33895.45,0.0737,82.55
32538.50344,33735.15,0.0733,82.62
83005.11665,33597.36,0.0730,82.69
67689.42493,32969.82,0.0717,82.77
46846.80048,32912.74,0.0715,82.84
87190.2062,32884.62,0.0715,82.91
75182.03375,32835.17,0.0714,82.98
16751.60479,32762.45,0.0712,83.05
23498.26719,32665.19,0.0710,83.12
839.7189575,32500.00,0.0706,83.19
16032.9716,32398.81,0.0704,83.26
1365.039104,31962.01,0.0695,83.33
72476.04079,31282.81,0.0680,83.40
54362.08273,30968.30,0.0673,83.47
94414.55339,30768.52,0.0669,83.54
36463.56278,30759.16,0.0669,83.60
18596.89763,30713.07,0.0668,83.67
75569.60735,30549.66,0.0664,83.74
98629.22568,30471.41,0.0662,83.80
95637.65634,30433.06,0.0661,83.87
38055.38453,30232.62,0.0657,83.93
46978.24183,30222.19,0.0657,84.00
16792.61395,30177.37,0.0656,84.06
50957.97218,29934.04,0.0651,84.13
18728.79269,29845.88,0.0649,84.19
46383.9519,29677.82,0.0645,84.26
18112.22332,29621.55,0.0644,84.32
90403.3881,29609.53,0.0644,84.39
96256.89429,29591.74,0.0643,84.45
96657.5001,29513.22,0.0641,84.52
10198.98596,29473.20,0.0641,84.58
2465.773782,29441.28,0.0640,84.64
52376.6073,29380.12,0.0639,84.71
92952.96023,29324.81,0.0637,84.77
27776.26972,29044.39,0.0631,84.84
67486.73281,29003.97,0.0630,84.90
94223.26804,29002.55,0.0630,84.96
19193.13063,28943.02,0.0629,85.02
34924.93689,28623.44,0.0622,85.09
23852.51996,28600.69,0.0622,85.15
32535.36267,28362.67,0.0616,85.21
4118.905937,27979.26,0.0608,85.27
12710.49911,27403.30,0.0596,85.33
80109.94767,27367.10,0.0595,85.39
3243.390147,27187.20,0.0591,85.45
63513.44727,27035.06,0.0588,85.51
64371.93369,26702.43,0.0580,85.57
90687.4663,26664.98,0.0580,85.62
56443.5394,26586.93,0.0578,85.68
63575.69139,26026.61,0.0566,85.74
26341.18401,25751.26,0.0560,85.79
55020.73056,25696.87,0.0559,85.85
29973.66394,25609.62,0.0557,85.91
92765.32588,25582.49,0.0556,85.96
77635.18409,25577.93,0.0556,86.02
37919.04046,25486.74,0.0554,86.07
88657.84393,25451.37,0.0553,86.13
75565.46093,25362.14,0.0551,86.18
64747.20442,25017.47,0.0544,86.24
43048.89302,24597.02,0.0535,86.29
21539.09202,24582.04,0.0534,86.34
81820.50532,24579.92,0.0534,86.40
84159.11686,24451.50,0.0531,86.45
24000.84476,24412.64,0.0531,86.50
62977.65315,24267.20,0.0527,86.56
6239.586338,24054.26,0.0523,86.61
79307.86942,24000.00,0.0522,86.66
30570.48898,23774.03,0.0517,86.71
93594.20805,23537.85,0.0512,86.76
16141.79206,23457.73,0.0510,86.81
85753.58412,23248.07,0.0505,86.87
98453.01234,23182.42,0.0504,86.92
34274.56174,22858.95,0.0497,86.97
48074.25459,22849.01,0.0497,87.02
33414.02194,22841.06,0.0496,87.06
29259.21007,22174.06,0.0482,87.11
37485.47982,22000.00,0.0478,87.16
58137.15511,21980.24,0.0478,87.21
79482.93109,21842.35,0.0475,87.26
11660.51327,21819.60,0.0474,87.30
74649.14349,21676.10,0.0471,87.35
99408.71991,21605.25,0.0470,87.40
46788.20641,21457.44,0.0466,87.44
81228.37722,21371.86,0.0465,87.49
18449.16851,21351.31,0.0464,87.54
43200.38411,21325.91,0.0464,87.58
37616.39721,21276.17,0.0462,87.63
33552.6275,21243.11,0.0462,87.68
56242.56638,21078.57,0.0458,87.72
30904.28072,21004.87,0.0457,87.77
5602.445847,20868.33,0.0454,87.81
12338.91806,20838.59,0.0453,87.86
73298.64989,20299.62,0.0441,87.90
89401.79275,20132.88,0.0438,87.95
36031.03594,19967.49,0.0434,87.99
99155.5808,19966.35,0.0434,88.03
42177.39672,19900.82,0.0433,88.08
61623.30086,19871.12,0.0432,88.12
33510.5229,19773.04,0.0430,88.16
72167.89241,19655.70,0.0427,88.20
63320.62117,19419.42,0.0422,88.25
39066.01155,19381.01,0.0421,88.29
51560.04023,19340.11,0.0420,88.33
62420.5743,19111.11,0.0415,88.37
38880.52514,19081.23,0.0415,88.41
13779.47586,19022.94,0.0413,88.46
71032.68656,18976.11,0.0412,88.50
54476.39539,18744.55,0.0407,88.54
46403.87373,18597.08,0.0404,88.58
3526.790467,18585.29,0.0404,88.62
78367.93562,18542.53,0.0403,88.66
16052.87843,18539.60,0.0403,88.70
85804.73815,18500.13,0.0402,88.74
83201.4349,18484.80,0.0402,88.78
80283.87575,18475.15,0.0402,88.82
19661.95471,18236.39,0.0396,88.86
28155.9807,18227.80,0.0396,88.90
44305.27234,18206.74,0.0396,88.94
65708.3253,18142.64,0.0394,88.98
84276.1629,18067.51,0.0393,89.02
27153.84354,17863.83,0.0388,89.06
93847.02035,17852.65,0.0388,89.09
4472.452456,17811.23,0.0387,89.13
83637.23189,17809.12,0.0387,89.17
8994.754483,17775.30,0.0386,89.21
54211.1528,17667.12,0.0384,89.25
96799.14512,17641.00,0.0383,89.29
49417.42548,17631.08,0.0383,89.33
5404.511258,17564.54,0.0382,89.36
88394.37669,17545.67,0.0381,89.40
82315.40602,17484.47,0.0380,89.44
86600.20453,17410.16,0.0378,89.48
43454.37015,17354.31,0.0377,89.52
63421.99319,17339.72,0.0377,89.55
95126.42502,17309.02,0.0376,89.59
79164.04235,17301.24,0.0376,89.63
26412.83289,17291.95,0.0376,89.67
44086.45057,17259.91,0.0375,89.70
60355.84501,17198.04,0.0374,89.74
81307.76995,17123.32,0.0372,89.78
33062.92628,16996.97,0.0369,89.82
52567.94807,16943.68,0.0368,89.85
64160.20509,16928.51,0.0368,89.89
38589.6678,16916.85,0.0368,89.93
49863.589,16879.37,0.0367,89.96
30446.83697,16734.66,0.0364,90.00
64596.80984,16631.92,0.0361,90.03
3317.463521,16595.76,0.0361,90.07
89670.35653,16473.83,0.0358,90.11
88086.29948,16455.94,0.0358,90.14
97544.60351,16310.41,0.0355,90.18
77020.25661,16240.00,0.0353,90.21
65377.15408,16197.46,0.0352,90.25
79438.78059,16193.06,0.0352,90.28
25048.87383,16090.94,0.0350,90.32
80430.37141,16035.79,0.0349,90.35
49467.87115,15955.13,0.0347,90.39
29387.11002,15905.04,0.0346,90.42
37057.50135,15885.80,0.0345,90.46
98586.72215,15805.41,0.0344,90.49
70689.35104,15733.68,0.0342,90.53
93732.1487,15722.79,0.0342,90.56
70415.21402,15639.36,0.0340,90.59
93718.02454,15531.62,0.0338,90.63
38413.66891,15445.83,0.0336,90.66
15456.07562,15429.49,0.0335,90.69
67330.82858,15291.03,0.0332,90.73
91096.30959,15171.38,0.0330,90.76
78653.37195,15047.64,0.0327,90.79
39582.74355,14969.42,0.0325,90.83
7536.769747,14888.62,0.0324,90.86
8198.375067,14758.43,0.0321,90.89
21040.67907,14684.31,0.0319,90.92
66529.1874,14666.00,0.0319,90.95
93769.78771,14643.51,0.0318,90.99
54421.73052,14619.69,0.0318,91.02
70410.77463,14597.49,0.0317,91.05
56336.00866,14472.65,0.0315,91.08
32669.2864,14267.85,0.0310,91.11
87706.61221,14235.73,0.0309,91.14
42508.60461,14234.42,0.0309,91.17
46611.83305,14068.15,0.0306,91.20
62360.0844,14047.64,0.0305,91.24
77443.78208,14037.47,0.0305,91.27
48698.09401,14004.20,0.0304,91.30
92696.22767,13972.58,0.0304,91.33
10741.3015,13948.91,0.0303,91.36
4640.63071,13945.27,0.0303,91.39
6088.393127,13723.50,0.0298,91.42
81501.09753,13690.56,0.0298,91.45
36309.32121,13649.47,0.0297,91.48
21639.40791,13621.66,0.0296,91.51
3557.786413,13541.00,0.0294,91.54
42672.92788,13503.69,0.0294,91.56
89338.77263,13450.98,0.0292,91.59
78229.36296,13448.13,0.0292,91.62
25890.6082,13447.73,0.0292,91.65
13833.06592,13396.43,0.0291,91.68
66245.92726,13286.32,0.0289,91.71
92370.94968,13240.62,0.0288,91.74
52704.84913,13218.86,0.0287,91.77
51627.95997,13133.86,0.0285,91.80
13857.98308,12972.81,0.0282,91.82
79318.69045,12940.10,0.0281,91.85
97658.69905,12864.45,0.0280,91.88
88372.4601,12859.21,0.0279,91.91
1901.801636,12817.27,0.0279,91.94
10644.09722,12803.25,0.0278,91.96
19153.67476,12800.00,0.0278,91.99
75128.79596,12787.98,0.0278,92.02
7484.962409,12702.01,0.0276,92.05
48946.51898,12698.83,0.0276,92.08
280.7880631,12543.43,0.0273,92.10
49937.31222,12530.52,0.0272,92.13
27126.64462,12519.91,0.0272,92.16
74989.5713,12512.09,0.0272,92.18
68000.85251,12428.60,0.0270,92.21
92208.60078,12426.78,0.0270,92.24
43049.36974,12418.64,0.0270,92.27
5080.470179,12318.50,0.0268,92.29
28494.96096,12240.00,0.0266,92.32
49745.15509,12137.41,0.0264,92.34
71647.04951,12117.58,0.0263,92.37
33720.91669,12074.95,0.0262,92.40
1093.566669,12014.15,0.0261,92.42
41079.60145,12013.09,0.0261,92.45
44835.25062,11968.33,0.0260,92.48
90821.14854,11937.00,0.0259,92.50
18136.1648,11892.49,0.0258,92.53
40406.70397,11817.38,0.0257,92.55
8396.036677,11798.67,0.0256,92.58
62442.85336,11772.22,0.0256,92.60
14203.87101,11750.65,0.0255,92.63
4179.736314,11703.55,0.0254,92.66
43587.35979,11700.00,0.0254,92.68
95344.06909,11473.95,0.0249,92.71
20968.31645,11443.45,0.0249,92.73
49056.04127,11182.84,0.0243,92.76
52150.24179,11092.69,0.0241,92.78
35496.07527,11076.78,0.0241,92.80
79836.62189,11000.00,0.0239,92.83
41203.29168,10999.25,0.0239,92.85
81817.28921,10889.35,0.0237,92.87
93472.75764,10868.85,0.0236,92.90
55712.61767,10857.63,0.0236,92.92
68144.5966,10832.09,0.0235,92.95
12808.25974,10817.71,0.0235,92.97
41023.89821,10804.48,0.0235,92.99
6038.437072,10733.38,0.0233,93.02
86111.20422,10704.69,0.0233,93.04
12802.8922,10586.24,0.0230,93.06
94485.72991,10549.07,0.0229,93.08
7028.020895,10502.74,0.0228,93.11
95224.86017,10484.73,0.0228,93.13
93176.32465,10480.79,0.0228,93.15
94947.71683,10464.31,0.0227,93.18
52738.31427,10422.70,0.0227,93.20
94028.81348,10398.22,0.0226,93.22
72091.99853,10385.72,0.0226,93.24
23113.94007,10344.05,0.0225,93.27
44208.9097,10297.90,0.0224,93.29
18053.50511,10286.20,0.0224,93.31
13335.72458,10279.54,0.0223,93.33
92167.07479,10258.85,0.0223,93.36
50118.45693,10253.16,0.0223,93.38
27385.06481,10244.13,0.0223,93.40
5461.554491,10193.40,0.0222,93.42
18966.89772,10185.89,0.0221,93.44
32745.01858,10171.32,0.0221,93.47
24878.72365,10144.65,0.0220,93.49
7766.697457,10135.79,0.0220,93.51
66491.66544,9989.46,0.0217,93.53
82197.08445,9914.22,0.0215,93.55
49987.42053,9908.94,0.0215,93.58
50290.72633,9841.46,0.0214,93.60
36726.63114,9829.82,0.0214,93.62
33180.04635,9781.06,0.0213,93.64
28074.48401,9764.26,0.0212,93.66
15017.43446,9744.20,0.0212,93.68
28305.80833,9740.26,0.0212,93.70
9076.599167,9668.30,0.0210,93.72
8380.815604,9495.47,0.0206,93.74
12538.86834,9426.59,0.0205,93.77
79319.56159,9424.37,0.0205,93.79
16202.39659,9383.15,0.0204,93.81
43315.24026,9231.39,0.0201,93.83
49338.57371,9230.26,0.0201,93.85
15592.2983,9207.46,0.0200,93.87
12779.51295,9184.20,0.0200,93.89
18353.49057,9177.15,0.0199,93.91
59540.86287,9171.46,0.0199,93.93
47304.986,9136.41,0.0199,93.95
96750.54531,9095.54,0.0198,93.97
13539.16641,9081.31,0.0197,93.99
35027.40025,9046.96,0.0197,94.01
1905.634856,9020.57,0.0196,94.02
53079.25885,9000.15,0.0196,94.04
82649.02655,8983.80,0.0195,94.06
50753.1553,8967.40,0.0195,94.08
49472.71625,8939.96,0.0194,94.10
67973.73257,8936.99,0.0194,94.12
97364.80366,8934.49,0.0194,94.14
32623.09674,8835.13,0.0192,94.16
40405.16397,8711.38,0.0189,94.18
85865.43543,8682.89,0.0189,94.20
21988.10598,8678.59,0.0189,94.22
21179.05749,8676.26,0.0189,94.24
74724.52867,8632.69,0.0188,94.26
49002.29976,8544.03,0.0186,94.27
72649.08856,8457.71,0.0184,94.29
52793.46202,8416.30,0.0183,94.31
70588.49851,8414.68,0.0183,94.33
27446.34606,8410.62,0.0183,94.35
89321.96051,8404.75,0.0183,94.37
58168.27747,8342.49,0.0181,94.38
91153.84839,8270.40,0.0180,94.40
81765.22543,8262.20,0.0180,94.42
13776.59003,8179.11,0.0178,94.44
98292.19693,8127.21,0.0177,94.45
89016.80093,8122.20,0.0177,94.47
3872.530019,8116.02,0.0176,94.49
58184.20734,8106.25,0.0176,94.51
50321.69367,8102.84,0.0176,94.53
10728.18783,8099.92,0.0176,94.54
50420.98956,8086.61,0.0176,94.56
8263.863572,8084.36,0.0176,94.58
63570.17856,8074.51,0.0176,94.60
62577.32088,8034.53,0.0175,94.61
95060.09803,8031.64,0.0175,94.63
72292.61001,7988.93,0.0174,94.65
90041.57909,7959.06,0.0173,94.67
11299.55072,7954.19,0.0173,94.68
60104.7615,7937.86,0.0173,94.70
7908.806989,7923.67,0.0172,94.72
35452.87953,7918.65,0.0172,94.73
56625.98059,7893.83,0.0172,94.75
91203.71952,7889.53,0.0171,94.77
79937.84794,7879.77,0.0171,94.79
89546.99097,7874.21,0.0171,94.80
75778.01045,7862.35,0.0171,94.82
93600.17132,7850.77,0.0171,94.84
40486.81469,7800.29,0.0170,94.85
14965.64597,7765.53,0.0169,94.87
68729.12159,7718.09,0.0168,94.89
63165.45343,7711.87,0.0168,94.90
57445.50178,7705.51,0.0167,94.92
30805.18253,7702.45,0.0167,94.94
19725.13695,7665.79,0.0167,94.95
50454.54597,7663.47,0.0167,94.97
93217.39909,7635.42,0.0166,94.99
89951.51899,7625.26,0.0166,95.00
37557.19109,7605.95,0.0165,95.02
62443.94466,7567.56,0.0164,95.04
88245.07882,7557.11,0.0164,95.05
87976.94761,7513.60,0.0163,95.07
71502.14742,7473.51,0.0162,95.09
49843.96956,7454.38,0.0162,95.10
12583.73606,7371.87,0.0160,95.12
57354.62085,7359.34,0.0160,95.13
57739.66091,7344.88,0.0160,95.15
89693.70052,7340.59,0.0160,95.17
75543.6224,7335.32,0.0159,95.18
9994.266704,7311.37,0.0159,95.20
2018.018446,7308.26,0.0159,95.21
86550.04954,7299.54,0.0159,95.23
32887.30684,7288.89,0.0158,95.25
85238.34056,7258.24,0.0158,95.26
45494.15842,7240.03,0.0157,95.28
53960.60565,7160.41,0.0156,95.29
60161.15634,7147.80,0.0155,95.31
60478.8553,7079.00,0.0154,95.32
73714.04524,7069.29,0.0154,95.34
58114.46097,7036.66,0.0153,95.35
915.1744482,7028.54,0.0153,95.37
50164.97265,6979.84,0.0152,95.38
69017.25451,6955.54,0.0151,95.40
62585.84051,6950.81,0.0151,95.42
34331.40254,6890.62,0.0150,95.43
68.43051657,6875.75,0.0149,95.45
48685.61793,6846.32,0.0149,95.46
74085.86797,6844.06,0.0149,95.47
96233.84203,6841.04,0.0149,95.49
76540.99113,6833.06,0.0149,95.50
17766.48626,6789.25,0.0148,95.52
64314.37807,6752.90,0.0147,95.53
98834.21824,6686.33,0.0145,95.55
3757.355247,6655.34,0.0145,95.56
58828.96152,6648.90,0.0145,95.58
24687.64874,6644.58,0.0144,95.59
61579.17586,6626.04,0.0144,95.61
87895.67422,6623.80,0.0144,95.62
42720.38638,6620.52,0.0144,95.64
3404.017843,6596.54,0.0143,95.65
3551.005172,6585.50,0.0143,95.66
6795.122228,6561.95,0.0143,95.68
28089.68138,6515.18,0.0142,95.69
14177.70251,6508.78,0.0141,95.71
27362.13935,6495.48,0.0141,95.72
66650.70302,6476.51,0.0141,95.73
39398.79289,6465.81,0.0141,95.75
19188.97653,6463.23,0.0140,95.76
7137.726453,6440.20,0.0140,95.78
67863.27004,6437.65,0.0140,95.79
76912.21514,6429.56,0.0140,95.80
75376.46112,6421.26,0.0140,95.82
67684.2708,6415.65,0.0139,95.83
40165.75809,6408.88,0.0139,95.85
10448.96367,6337.23,0.0138,95.86
81553.46788,6335.20,0.0138,95.87
93614.81142,6327.93,0.0138,95.89
90839.04435,6315.03,0.0137,95.90
92222.6744,6258.37,0.0136,95.91
37014.40791,6238.78,0.0136,95.93
12691.7175,6217.16,0.0135,95.94
32876.00356,6208.04,0.0135,95.96
1304.362017,6197.29,0.0135,95.97
12171.83778,6180.00,0.0134,95.98
62587.99301,6168.30,0.0134,96.00
39287.16927,6167.06,0.0134,96.01
97673.70719,6155.32,0.0134,96.02
13693.42423,6088.88,0.0132,96.04
2264.265334,6074.29,0.0132,96.05
30931.06155,6070.28,0.0132,96.06
32871.99161,6061.57,0.0132,96.08
49890.04676,6045.63,0.0131,96.09
56543.00904,6027.22,0.0131,96.10
12676.44662,6020.36,0.0131,96.11
76211.07499,6010.28,0.0131,96.13
38529.69786,5976.45,0.0130,96.14
60353.48769,5944.44,0.0129,96.15
60625.65298,5933.65,0.0129,96.17
58870.79322,5920.63,0.0129,96.18
13701.89066,5908.66,0.0128,96.19
34397.37524,5900.56,0.0128,96.21
63214.18444,5876.82,0.0128,96.22
62012.31696,5865.22,0.0127,96.23
96539.69681,5855.36,0.0127,96.24
14171.73212,5837.31,0.0127,96.26
89394.55076,5826.15,0.0127,96.27
39413.5795,5794.33,0.0126,96.28
8351.712288,5791.70,0.0126,96.29
9309.664142,5777.78,0.0126,96.31
42518.77956,5762.79,0.0125,96.32
80233.63754,5720.45,0.0124,96.33
59688.16531,5711.95,0.0124,96.34
21236.77097,5673.72,0.0123,96.36
2853.429693,5668.90,0.0123,96.37
97523.24943,5661.37,0.0123,96.38
53917.25094,5656.18,0.0123,96.39
94721.9698,5597.92,0.0122,96.41
97672.2991,5591.79,0.0122,96.42
39095.80432,5583.20,0.0121,96.43
41041.53084,5556.83,0.0121,96.44
38534.162,5541.11,0.0120,96.45
92841.77308,5521.90,0.0120,96.47
38742.02771,5510.76,0.0120,96.48
35927.35771,5501.51,0.0120,96.49
51528.00533,5467.02,0.0119,96.50
81043.20569,5451.47,0.0118,96.51
17357.58358,5440.84,0.0118,96.53
65657.65403,5435.56,0.0118,96.54
48507.3207,5430.26,0.0118,96.55
89822.0946,5406.36,0.0118,96.56
4480.640121,5294.00,0.0115,96.57
72882.49255,5293.47,0.0115,96.58
69222.79091,5243.60,0.0114,96.59
89243.77892,5226.63,0.0114,96.61
5955.445524,5217.52,0.0113,96.62
87697.91586,5203.16,0.0113,96.63
26356.05607,5190.89,0.0113,96.64
34316.69162,5188.79,0.0113,96.65
74311.1835,5183.50,0.0113,96.66
27821.00845,5143.80,0.0112,96.67
82709.24091,5134.86,0.0112,96.69
62206.36319,5108.77,0.0111,96.70
94539.85507,5067.05,0.0110,96.71
21469.85934,5056.08,0.0110,96.72
61732.08199,5017.30,0.0109,96.73
38645.52128,5013.99,0.0109,96.74
12629.01671,5006.38,0.0109,96.75
53336.45984,4980.26,0.0108,96.76
56345.05754,4969.31,0.0108,96.77
20175.18474,4944.69,0.0107,96.78
59794.46789,4901.58,0.0107,96.79
68435.63096,4829.92,0.0105,96.80
766.3896251,4825.21,0.0105,96.81
29811.36582,4792.97,0.0104,96.83
1082.228679,4776.18,0.0104,96.84
68005.84706,4771.89,0.0104,96.85
24760.86271,4750.32,0.0103,96.86
94232.44256,4742.53,0.0103,96.87
45397.09928,4703.85,0.0102,96.88
72325.83695,4701.30,0.0102,96.89
40938.78716,4698.91,0.0102,96.90
67475.8241,4657.46,0.0101,96.91
72448.97528,4642.34,0.0101,96.92
69313.07822,4627.27,0.0101,96.93
78565.34973,4568.90,0.0099,96.94
72156.25745,4562.33,0.0099,96.95
1194.662959,4540.21,0.0099,96.96
57066.9144,4533.63,0.0099,96.97
139.8523217,4523.66,0.0098,96.98
49717.44659,4519.37,0.0098,96.99
18455.61381,4507.32,0.0098,97.00
66981.88731,4500.00,0.0098,97.01
63816.3017,4455.73,0.0097,97.02
35565.33108,4450.71,0.0097,97.03
86385.28281,4422.40,0.0096,97.04
1826.379771,4420.96,0.0096,97.05
43704.71123,4419.93,0.0096,97.05
67961.41145,4417.45,0.0096,97.06
56037.89845,4398.62,0.0096,97.07
62008.62797,4387.83,0.0095,97.08
12797.36362,4386.47,0.0095,97.09
31119.19079,4385.89,0.0095,97.10
93125.36957,4377.29,0.0095,97.11
50536.67543,4376.54,0.0095,97.12
66926.05819,4375.97,0.0095,97.13
43542.32896,4362.53,0.0095,97.14
50355.96012,4347.03,0.0094,97.15
65490.25957,4336.77,0.0094,97.16
39231.86401,4332.85,0.0094,97.17
88579.59732,4332.75,0.0094,97.18
34964.02796,4326.79,0.0094,97.19
3430.48939,4302.97,0.0094,97.20
56096.26675,4290.73,0.0093,97.21
73887.80966,4264.21,0.0093,97.22
44496.49661,4254.37,0.0092,97.22
848.0809453,4235.90,0.0092,97.23
72201.46064,4209.98,0.0092,97.24
18049.7595,4200.00,0.0091,97.25
97164.69178,4198.31,0.0091,97.26
27348.24635,4196.44,0.0091,97.27
34340.89343,4191.40,0.0091,97.28
17244.61854,4167.02,0.0091,97.29
8954.076984,4156.90,0.0090,97.30
22927.3999,4120.41,0.0090,97.31
57760.55902,4085.72,0.0089,97.32
21062.89384,4071.67,0.0088,97.32
3987.356487,4063.75,0.0088,97.33
13235.04131,4054.18,0.0088,97.34
12512.44766,4044.95,0.0088,97.35
18379.25448,4026.80,0.0088,97.36
90981.63034,4015.47,0.0087,97.37
36903.02252,4013.25,0.0087,97.38
52573.89521,3991.44,0.0087,97.39
2394.595154,3982.29,0.0087,97.39
48736.01396,3971.58,0.0086,97.40
82248.32662,3945.17,0.0086,97.41
40235.04519,3935.79,0.0086,97.42
45174.96376,3933.36,0.0085,97.43
64875.99647,3929.32,0.0085,97.44
15253.35954,3928.20,0.0085,97.45
13232.79607,3911.81,0.0085,97.45
94452.9786,3909.57,0.0085,97.46
11233.80771,3903.82,0.0085,97.47
80260.11575,3900.00,0.0085,97.48
90062.38329,3900.00,0.0085,97.49
28729.89906,3891.50,0.0085,97.50
21094.16479,3889.73,0.0085,97.51
38342.23635,3889.55,0.0085,97.51
17846.65633,3887.97,0.0085,97.52
59245.0841,3876.49,0.0084,97.53
45576.33015,3870.00,0.0084,97.54
70246.00321,3855.95,0.0084,97.55
58028.02417,3817.10,0.0083,97.56
48429.39229,3800.00,0.0083,97.56
26525.0436,3774.43,0.0082,97.57
2669.177997,3774.38,0.0082,97.58
58083.65422,3767.55,0.0082,97.59
28562.10694,3766.72,0.0082,97.60
76066.21819,3754.39,0.0082,97.60
54440.0798,3740.02,0.0081,97.61
91788.78777,3738.07,0.0081,97.62
47193.59978,3713.86,0.0081,97.63
80846.9168,3707.67,0.0081,97.64
27891.95579,3700.00,0.0080,97.65
2893.488088,3682.53,0.0080,97.65
269.7596913,3675.57,0.0080,97.66
43809.86457,3673.24,0.0080,97.67
37199.40082,3658.66,0.0080,97.68
34397.90417,3649.80,0.0079,97.69
64810.32298,3644.89,0.0079,97.69
74104.54331,3612.30,0.0079,97.70
97924.44464,3574.64,0.0078,97.71
28.25267997,3574.45,0.0078,97.72
89811.80717,3557.81,0.0077,97.72
14429.98443,3541.56,0.0077,97.73
73985.47922,3541.56,0.0077,97.74
31580.12914,3540.96,0.0077,97.75
59279.79637,3540.38,0.0077,97.75
82289.6548,3536.25,0.0077,97.76
73576.4875,3514.28,0.0076,97.77
7168.284088,3487.39,0.0076,97.78
30739.83347,3484.25,0.0076,97.79
84351.60936,3475.66,0.0076,97.79
16258.20829,3465.65,0.0075,97.80
87446.87055,3449.93,0.0075,97.81
5762.614267,3444.26,0.0075,97.82
28528.7191,3435.30,0.0075,97.82
78437.89751,3409.98,0.0074,97.83
84559.80606,3408.61,0.0074,97.84
43344.10831,3394.18,0.0074,97.85
990.6670531,3385.68,0.0074,97.85
30213.94562,3385.44,0.0074,97.86
69270.3075,3379.13,0.0073,97.87
64862.27061,3373.53,0.0073,97.87
95346.79829,3360.48,0.0073,97.88
13827.44534,3359.45,0.0073,97.89
55473.70414,3356.71,0.0073,97.90
42242.48607,3355.17,0.0073,97.90
14606.23724,3354.98,0.0073,97.91
78037.70635,3354.34,0.0073,97.92
38093.32095,3296.12,0.0072,97.93
23411.41891,3291.46,0.0072,97.93
65537.65773,3281.04,0.0071,97.94
90641.8808,3277.00,0.0071,97.95
40359.66273,3260.36,0.0071,97.95
48177.98048,3258.31,0.0071,97.96
41997.10601,3253.61,0.0071,97.97
65577.39399,3237.35,0.0070,97.98
33690.34864,3236.48,0.0070,97.98
68319.07542,3234.21,0.0070,97.99
3316.979588,3226.95,0.0070,98.00
22009.69213,3221.96,0.0070,98.00
15390.4921,3192.27,0.0069,98.01
8120.820974,3189.03,0.0069,98.02
79960.39306,3179.27,0.0069,98.02
19942.00864,3152.77,0.0069,98.03
70551.67392,3134.09,0.0068,98.04
39833.66569,3127.23,0.0068,98.04
41576.82015,3110.35,0.0068,98.05
93229.43546,3097.86,0.0067,98.06
89168.13456,3094.41,0.0067,98.06
8303.918527,3079.77,0.0067,98.07
28199.61617,3074.71,0.0067,98.08
71879.19972,3059.94,0.0067,98.08
34612.87214,3033.37,0.0066,98.09
26561.54961,3029.87,0.0066,98.10
63410.09885,3027.67,0.0066,98.10
56666.55127,3013.06,0.0065,98.11
12212.94799,3000.69,0.0065,98.12
83827.89094,2993.95,0.0065,98.12
11944.61174,2986.36,0.0065,98.13
38771.24903,2975.38,0.0065,98.14
56141.93351,2972.03,0.0065,98.14
50064.12161,2960.35,0.0064,98.15
17856.66378,2937.47,0.0064,98.16
92202.7404,2918.18,0.0063,98.16
415.6140404,2896.30,0.0063,98.17
68029.7579,2859.03,0.0062,98.18
38791.91313,2856.41,0.0062,98.18
91086.65585,2851.31,0.0062,98.19
1199.561603,2827.14,0.0061,98.19
31773.45426,2817.95,0.0061,98.20
39789.33265,2813.91,0.0061,98.21
98053.03428,2812.09,0.0061,98.21
93366.37569,2800.85,0.0061,98.22
29443.44791,2791.85,0.0061,98.22
21705.9442,2788.60,0.0061,98.23
16511.1707,2788.10,0.0061,98.24
98972.77991,2772.58,0.0060,98.24
3093.613486,2769.23,0.0060,98.25
79775.55118,2762.23,0.0060,98.25
82506.3155,2757.65,0.0060,98.26
26443.5343,2748.76,0.0060,98.27
52881.43645,2747.89,0.0060,98.27
56656.19487,2744.28,0.0060,98.28
11288.29837,2742.02,0.0060,98.28
19688.64901,2731.89,0.0059,98.29
44766.43608,2731.82,0.0059,98.30
82813.67224,2725.52,0.0059,98.30
93725.9732,2698.00,0.0059,98.31
12783.54968,2694.26,0.0059,98.31
7833.644401,2687.23,0.0058,98.32
76274.03088,2678.78,0.0058,98.33
75443.06423,2651.20,0.0058,98.33
99787.72463,2651.19,0.0058,98.34
7176.598732,2645.69,0.0058,98.34
43035.68842,2621.01,0.0057,98.35
76674.36635,2593.04,0.0056,98.35
34575.36534,2580.97,0.0056,98.36
53493.12248,2565.14,0.0056,98.37
34390.00277,2554.54,0.0056,98.37
81186.83623,2546.95,0.0055,98.38
30303.93974,2542.73,0.0055,98.38
50727.27312,2541.26,0.0055,98.39
82525.33971,2539.60,0.0055,98.39
49928.21246,2538.65,0.0055,98.40
3478.938552,2538.17,0.0055,98.40
13305.90624,2536.37,0.0055,98.41
65229.23928,2531.93,0.0055,98.41
82785.40808,2531.27,0.0055,98.42
73771.9607,2524.27,0.0055,98.43
60018.75247,2522.48,0.0055,98.43
74486.50399,2512.91,0.0055,98.44
73436.20737,2507.60,0.0055,98.44
4972.487359,2499.25,0.0054,98.45
65391.11999,2486.00,0.0054,98.45
38489.70519,2485.02,0.0054,98.46
34162.58915,2468.01,0.0054,98.46
12342.41834,2458.46,0.0053,98.47
84472.29913,2452.08,0.0053,98.47
54570.82291,2450.00,0.0053,98.48
5409.530584,2440.10,0.0053,98.49
91970.25303,2439.83,0.0053,98.49
92564.37328,2428.35,0.0053,98.50
30529.13663,2423.20,0.0053,98.50
89414.43548,2416.65,0.0053,98.51
42916.78441,2404.00,0.0052,98.51
13599.73411,2387.05,0.0052,98.52
96538.87718,2381.63,0.0052,98.52
93034.15064,2381.53,0.0052,98.53
60386.38837,2380.10,0.0052,98.53
17051.99015,2374.17,0.0052,98.54
32462.07942,2365.59,0.0051,98.54
57978.83457,2346.56,0.0051,98.55
30237.84445,2345.25,0.0051,98.55
17596.66454,2337.17,0.0051,98.56
39698.91211,2336.81,0.0051,98.56
19252.2782,2332.60,0.0051,98.57
59627.68804,2330.70,0.0051,98.57
40954.52543,2330.39,0.0051,98.58
41048.75817,2289.03,0.0050,98.58
66633.48938,2288.61,0.0050,98.59
35730.5836,2284.08,0.0050,98.59
24480.71311,2280.99,0.0050,98.60
61513.44926,2256.84,0.0049,98.60
41888.4039,2255.74,0.0049,98.61
9526.482248,2252.41,0.0049,98.61
40785.58375,2246.65,0.0049,98.62
91923.4293,2241.75,0.0049,98.62
78672.28731,2241.41,0.0049,98.63
16165.94128,2240.64,0.0049,98.63
71657.17638,2227.19,0.0048,98.64
13256.11931,2221.16,0.0048,98.64
63104.85832,2221.10,0.0048,98.65
28221.53884,2218.95,0.0048,98.65
26376.72145,1793.44,0.0039,98.66
93423.30877,1792.35,0.0039,98.66
19580.97749,1791.98,0.0039,98.66
84121.20154,1791.54,0.0039,98.67
12159.11518,1770.66,0.0038,98.67
89669.53586,1768.65,0.0038,98.67
54531.10639,1765.84,0.0038,98.68
35393.00406,1758.93,0.0038,98.68
28071.43638,1758.49,0.0038,98.69
54050.97542,1756.18,0.0038,98.69
25584.02824,1753.96,0.0038,98.69
79282.39564,1742.94,0.0038,98.70
56870.09973,1741.60,0.0038,98.70
34243.07841,1739.13,0.0038,98.71
67735.18226,1738.63,0.0038,98.71
62503.38677,1722.39,0.0037,98.71
96362.12156,1713.18,0.0037,98.72
41407.0252,1712.52,0.0037,98.72
30822.31636,1708.35,0.0037,98.72
77672.9379,1701.69,0.0037,98.73
52341.01919,1699.67,0.0037,98.73
99092.46226,1698.59,0.0037,98.73
7029.358676,1692.89,0.0037,98.74
15597.37267,1691.10,0.0037,98.74
29598.79286,1684.93,0.0037,98.75
21392.91957,1674.41,0.0036,98.75
43619.56221,1669.47,0.0036,98.75
3917.77502,1663.19,0.0036,98.76
77925.24545,1648.49,0.0036,98.76
39840.7382,1644.42,0.0036,98.76
64602.92922,1636.06,0.0036,98.77
42665.16393,1634.05,0.0036,98.77
97104.28322,1624.72,0.0035,98.77
39272.0371,1619.12,0.0035,98.78
71072.24732,1607.73,0.0035,98.78
56397.93765,1606.77,0.0035,98.79
53178.28644,1605.68,0.0035,98.79
43781.96218,1605.53,0.0035,98.79
45418.91071,1602.64,0.0035,98.80
68677.35508,1596.90,0.0035,98.80
84079.24587,1591.90,0.0035,98.80
89858.93272,1591.78,0.0035,98.81
42600.17895,1589.42,0.0035,98.81
18093.39803,1588.58,0.0035,98.81
17735.99899,1585.58,0.0034,98.82
13116.39256,1580.06,0.0034,98.82
36027.65259,1574.48,0.0034,98.82
68042.0436,1574.46,0.0034,98.83
36000.41446,1564.83,0.0034,98.83
72626.31806,1562.06,0.0034,98.83
43598.46964,1545.23,0.0034,98.84
82832.34393,1544.00,0.0034,98.84
46105.6719,1543.72,0.0034,98.84
99578.02335,1536.22,0.0033,98.85
52169.04283,1532.72,0.0033,98.85
39363.46175,1531.68,0.0033,98.85
91715.26174,1520.36,0.0033,98.86
77808.02707,1514.64,0.0033,98.86
39092.32166,1512.65,0.0033,98.86
27828.58878,1506.53,0.0033,98.87
63005.95015,1503.67,0.0033,98.87
45569.93306,1500.00,0.0033,98.87
87814.61072,1499.80,0.0033,98.88
20418.92732,1492.01,0.0032,98.88
50262.8849,1491.86,0.0032,98.88
88361.49157,1490.00,0.0032,98.89
39885.56665,1485.68,0.0032,98.89
17918.84121,1484.21,0.0032,98.89
82840.00177,1480.07,0.0032,98.90
19058.81913,1474.32,0.0032,98.90
20237.86945,1470.33,0.0032,98.90
81938.12884,1457.65,0.0032,98.91
81592.47126,1453.42,0.0032,98.91
4947.666398,1445.87,0.0031,98.91
63660.10815,1433.09,0.0031,98.91
63145.95994,1431.29,0.0031,98.92
53420.79036,1428.75,0.0031,98.92
20398.71322,1425.99,0.0031,98.92
24821.80158,1424.38,0.0031,98.93
8379.849283,1415.78,0.0031,98.93
69483.66359,1412.60,0.0031,98.93
27049.09815,1411.33,0.0031,98.94
49639.77433,1411.15,0.0031,98.94
83489.02749,1410.97,0.0031,98.94
6170.814283,1403.66,0.0031,98.95
58947.41564,1398.11,0.0030,98.95
66171.33683,1397.61,0.0030,98.95
96698.57672,1397.29,0.0030,98.95
64582.05918,1397.23,0.0030,98.96
70982.74714,1396.74,0.0030,98.96
87339.56134,1396.43,0.0030,98.96
80519.24531,1395.43,0.0030,98.97
91032.29837,1394.88,0.0030,98.97
1258.781429,1391.76,0.0030,98.97
34901.62629,1387.02,0.0030,98.98
56373.14592,1383.18,0.0030,98.98
43416.42237,1382.95,0.0030,98.98
71757.13271,1382.21,0.0030,98.99
68070.96884,1380.29,0.0030,98.99
62669.72857,1380.23,0.0030,98.99
89665.20677,1379.74,0.0030,98.99
90973.58038,1375.98,0.0030,99.00
2037.852636,1373.28,0.0030,99.00
77806.09006,1372.05,0.0030,99.00
5413.494526,1369.15,0.0030,99.01
57080.21584,1366.26,0.0030,99.01
67997.98926,1366.10,0.0030,99.01
34704.75954,1362.79,0.0030,99.01
67214.50172,1362.46,0.0030,99.02
91426.67159,1353.37,0.0029,99.02
35029.33365,1351.52,0.0029,99.02
76461.28919,1350.99,0.0029,99.03
86446.44412,1347.87,0.0029,99.03
32116.59585,1347.18,0.0029,99.03
95967.6622,1347.14,0.0029,99.04
92572.36416,1345.33,0.0029,99.04
52905.99673,1345.29,0.0029,99.04
93725.67222,1339.10,0.0029,99.04
64875.31789,1338.95,0.0029,99.05
41862.31552,1329.34,0.0029,99.05
84645.50897,1325.60,0.0029,99.05
83605.04193,1324.27,0.0029,99.06
48946.68639,1321.58,0.0029,99.06
48169.95335,1316.10,0.0029,99.06
41517.17867,1314.94,0.0029,99.06
59302.89808,1314.91,0.0029,99.07
9568.790692,1310.58,0.0028,99.07
62023.60436,1304.10,0.0028,99.07
18878.15735,1303.13,0.0028,99.08
68937.24966,1302.58,0.0028,99.08
70545.46037,1298.42,0.0028,99.08
14103.03964,1293.30,0.0028,99.08
58765.31507,1291.22,0.0028,99.09
12328.15963,1289.43,0.0028,99.09
19925.59227,1288.89,0.0028,99.09
64792.18691,1288.76,0.0028,99.10
90924.36709,1284.88,0.0028,99.10
21835.37788,1276.58,0.0028,99.10
84810.90016,1275.51,0.0028,99.10
37920.10879,1271.72,0.0028,99.11
33429.50256,1271.42,0.0028,99.11
92629.19002,1266.95,0.0028,99.11
27719.21863,1264.75,0.0027,99.11
71293.47981,1262.86,0.0027,99.12
57416.49581,1261.59,0.0027,99.12
20509.28596,1261.18,0.0027,99.12
46597.28823,1259.82,0.0027,99.13
76441.54962,1257.13,0.0027,99.13
17700.07071,1255.78,0.0027,99.13
49341.73825,1254.75,0.0027,99.13
42003.69568,1250.00,0.0027,99.14
15226.19915,1246.07,0.0027,99.14
65224.58208,1245.95,0.0027,99.14
91035.61917,1243.37,0.0027,99.14
19299.52682,1240.94,0.0027,99.15
42687.20778,1238.13,0.0027,99.15
98329.55094,1237.26,0.0027,99.15
51201.69218,1235.47,0.0027,99.16
36370.45265,1234.54,0.0027,99.16
12707.54855,1229.85,0.0027,99.16
90520.7083,1226.40,0.0027,99.16
4776.122885,1226.33,0.0027,99.17
29891.19471,1223.50,0.0027,99.17
33850.33114,1221.86,0.0027,99.17
6647.529747,1219.22,0.0027,99.17
40989.98232,1218.22,0.0026,99.18
56592.45296,1216.49,0.0026,99.18
29642.6408,1215.24,0.0026,99.18
87180.96882,1213.42,0.0026,99.18
32416.58346,1211.93,0.0026,99.19
14077.96811,1209.19,0.0026,99.19
43160.03555,1203.42,0.0026,99.19
27441.05294,1202.96,0.0026,99.20
46526.14142,1201.99,0.0026,99.20
57529.21552,1199.53,0.0026,99.20
58470.64716,1195.02,0.0026,99.20
71418.1479,1194.80,0.0026,99.21
42528.76975,1189.46,0.0026,99.21
91537.48339,1186.64,0.0026,99.21
95171.47714,1186.60,0.0026,99.21
55583.32874,1183.13,0.0026,99.22
83959.21238,1181.52,0.0026,99.22
10194.79322,1181.51,0.0026,99.22
91961.60577,1180.43,0.0026,99.22
48754.45583,1178.04,0.0026,99.23
32628.01978,1177.57,0.0026,99.23
68881.04221,1176.24,0.0026,99.23
35735.47813,1173.68,0.0026,99.23
28119.91436,1169.93,0.0025,99.24
28952.46873,1166.06,0.0025,99.24
40051.27024,1164.94,0.0025,99.24
58786.99747,1164.94,0.0025,99.24
99255.09936,1163.27,0.0025,99.25
87576.31826,1162.82,0.0025,99.25
22414.89462,1159.56,0.0025,99.25
62403.27701,1159.47,0.0025,99.25
71993.10907,1154.87,0.0025,99.26
2177.326658,1154.40,0.0025,99.26
36628.5949,1151.99,0.0025,99.26
89175.46102,1151.19,0.0025,99.26
98805.82762,1151.09,0.0025,99.27
96062.58778,1149.05,0.0025,99.27
5925.684757,1148.70,0.0025,99.27
54543.47579,1147.51,0.0025,99.27
33972.8887,1146.01,0.0025,99.28
71481.31066,1143.91,0.0025,99.28
61949.22183,1142.64,0.0025,99.28
58204.41592,1142.18,0.0025,99.28
6348.947722,1139.62,0.0025,99.29
29275.11571,1139.19,0.0025,99.29
84010.94264,1138.57,0.0025,99.29
6622.805149,1138.17,0.0025,99.29
63307.53543,1135.83,0.0025,99.30
59338.99383,1135.55,0.0025,99.30
84042.99035,1133.10,0.0025,99.30
66550.65027,1129.92,0.0025,99.30
25506.41763,1129.80,0.0025,99.31
41010.12339,1129.53,0.0025,99.31
3420.153399,1128.77,0.0025,99.31
78607.59891,1122.73,0.0024,99.31
54473.7405,1121.69,0.0024,99.32
23114.85959,1120.49,0.0024,99.32
52795.08937,1120.49,0.0024,99.32
18962.5671,1120.12,0.0024,99.32
10364.08644,1117.37,0.0024,99.33
93505.32572,1117.30,0.0024,99.33
57414.41086,1115.26,0.0024,99.33
56216.19554,1110.53,0.0024,99.33
98215.01082,1110.26,0.0024,99.34
77724.02442,1109.01,0.0024,99.34
47576.20262,1108.65,0.0024,99.34
2809.055866,1107.33,0.0024,99.34
69829.51455,1106.90,0.0024,99.35
95073.07057,1106.52,0.0024,99.35
65502.95564,1104.98,0.0024,99.35
28488.38611,1104.60,0.0024,99.35
92172.87215,1095.50,0.0024,99.35
64638.53689,1092.07,0.0024,99.36
21391.12157,1091.70,0.0024,99.36
45282.24361,1087.91,0.0024,99.36
19572.58943,1087.78,0.0024,99.36
95930.30237,1084.58,0.0024,99.37
97447.0433,1084.42,0.0024,99.37
81114.43459,1083.73,0.0024,99.37
64737.50782,1079.22,0.0023,99.37
49927.08482,1074.88,0.0023,99.38
52913.96599,1073.17,0.0023,99.38
30058.3472,1070.81,0.0023,99.38
31820.58673,1070.81,0.0023,99.38
32667.50506,1070.81,0.0023,99.39
45214.4679,1067.73,0.0023,99.39
12151.20378,1067.26,0.0023,99.39
99188.33387,1067.11,0.0023,99.39
54137.96425,1067.07,0.0023,99.39
28756.86246,1064.05,0.0023,99.40
72754.33596,1064.03,0.0023,99.40
29759.84406,1063.90,0.0023,99.40
90388.28803,1063.51,0.0023,99.40
12445.2829,1062.87,0.0023,99.41
23332.87361,1061.04,0.0023,99.41
59135.77287,1060.30,0.0023,99.41
26139.86709,1057.10,0.0023,99.41
68884.34592,1054.12,0.0023,99.42
14865.09325,1049.81,0.0023,99.42
43950.98135,1049.77,0.0023,99.42
45552.5998,1049.08,0.0023,99.42
99849.03071,1048.66,0.0023,99.42
2753.120319,1045.18,0.0023,99.43
27804.56418,1044.22,0.0023,99.43
83981.03848,1042.65,0.0023,99.43
51684.3261,1042.63,0.0023,99.43
9037.732304,1042.30,0.0023,99.44
86716.7742,1041.73,0.0023,99.44
36916.6025,1041.12,0.0023,99.44
12128.43273,1040.64,0.0023,99.44
6377.506286,1040.55,0.0023,99.44
45812.71534,1039.71,0.0023,99.45
53890.45119,1039.35,0.0023,99.45
26415.88208,1039.01,0.0023,99.45
48497.52952,1038.71,0.0023,99.45
43162.74144,1034.47,0.0022,99.46
12609.24309,1034.12,0.0022,99.46
84694.08252,1032.89,0.0022,99.46
82397.14582,1032.58,0.0022,99.46
7011.978794,1032.55,0.0022,99.47
36242.58921,1031.92,0.0022,99.47
60330.3787,1031.90,0.0022,99.47
14394.16336,1031.80,0.0022,99.47
62332.91036,1028.99,0.0022,99.47
31324.97779,1027.73,0.0022,99.48
81909.30134,1026.11,0.0022,99.48
23447.44641,1023.22,0.0022,99.48
41213.87088,1022.24,0.0022,99.48
65187.64152,1019.39,0.0022,99.49
32263.1607,1017.00,0.0022,99.49
36205.11128,1016.43,0.0022,99.49
12439.48501,1016.24,0.0022,99.49
54009.31797,1015.25,0.0022,99.49
84789.38357,1014.85,0.0022,99.50
27500.37361,1014.72,0.0022,99.50
64627.18514,1014.14,0.0022,99.50
29459.79577,1014.03,0.0022,99.50
75533.75393,1012.43,0.0022,99.50
55949.49666,1010.59,0.0022,99.51
92382.50898,1009.01,0.0022,99.51
28449.61835,1007.97,0.0022,99.51
76289.42711,1004.26,0.0022,99.51
25214.94662,1004.18,0.0022,99.52
84656.47876,1003.61,0.0022,99.52
47743.74185,1003.22,0.0022,99.52
59065.7381,999.60,0.0022,99.52
87198.89708,998.19,0.0022,99.52
73387.0324,996.76,0.0022,99.53
18008.97887,994.24,0.0022,99.53
51079.91694,991.06,0.0022,99.53
10047.9373,987.85,0.0021,99.53
12912.21779,985.19,0.0021,99.54
43279.22621,983.08,0.0021,99.54
22940.71126,979.41,0.0021,99.54
43081.60824,976.07,0.0021,99.54
9502.657564,974.11,0.0021,99.54
89251.54452,968.32,0.0021,99.55
68359.31198,965.76,0.0021,99.55
16357.87583,965.38,0.0021,99.55
76404.29028,961.50,0.0021,99.55
82028.90622,961.45,0.0021,99.55
41308.8366,958.95,0.0021,99.56
9459.675836,953.13,0.0021,99.56
36945.24393,950.20,0.0021,99.56
4773.702864,946.13,0.0021,99.56
61240.23018,942.22,0.0020,99.56
58892.4027,934.45,0.0020,99.57
65992.87814,931.34,0.0020,99.57
99645.52245,922.76,0.0020,99.57
75465.74089,922.67,0.0020,99.57
41967.30897,920.39,0.0020,99.57
57501.49233,917.93,0.0020,99.58
5364.083202,917.19,0.0020,99.58
53101.94765,914.75,0.0020,99.58
57896.9913,911.68,0.0020,99.58
57256.54102,910.64,0.0020,99.58
82482.98319,908.42,0.0020,99.59
18388.13489,907.00,0.0020,99.59
99761.34426,900.96,0.0020,99.59
55168.57614,900.09,0.0020,99.59
75522.24675,898.77,0.0020,99.59
51646.57145,888.55,0.0019,99.60
40053.72223,882.94,0.0019,99.60
21602.76529,881.86,0.0019,99.60
25223.15719,876.37,0.0019,99.60
85361.35278,874.90,0.0019,99.60
54077.96146,873.98,0.0019,99.61
33661.78504,869.30,0.0019,99.61
54641.93821,864.60,0.0019,99.61
81436.64405,862.81,0.0019,99.61
91258.55653,862.56,0.0019,99.61
51310.78553,861.47,0.0019,99.62
8357.205586,861.32,0.0019,99.62
90478.79893,858.55,0.0019,99.62
19197.77684,855.58,0.0019,99.62
88578.74314,855.55,0.0019,99.62
71000.67199,846.46,0.0018,99.62
55007.58459,845.23,0.0018,99.63
19501.29949,845.09,0.0018,99.63
31835.0261,844.20,0.0018,99.63
28524.55907,835.34,0.0018,99.63
70964.12009,833.34,0.0018,99.63
74532.16,829.42,0.0018,99.64
93469.55851,825.27,0.0018,99.64
64325.68991,825.16,0.0018,99.64
95636.9494,824.42,0.0018,99.64
36174.29807,823.75,0.0018,99.64
86459.93995,820.96,0.0018,99.64
82812.70332,820.70,0.0018,99.65
49986.20614,820.63,0.0018,99.65
42965.73643,816.69,0.0018,99.65
43094.78882,814.23,0.0018,99.65
36888.64543,812.72,0.0018,99.65
88924.53858,811.53,0.0018,99.66
50611.65194,810.03,0.0018,99.66
94965.05464,809.61,0.0018,99.66
70304.02287,808.46,0.0018,99.66
7345.440177,802.37,0.0017,99.66
4154.608702,802.21,0.0017,99.66
31967.57789,798.85,0.0017,99.67
60158.7279,798.36,0.0017,99.67
55042.65347,797.79,0.0017,99.67
23915.89994,792.92,0.0017,99.67
56531.78891,791.80,0.0017,99.67
64333.34908,790.00,0.0017,99.67
813.4034714,785.79,0.0017,99.68
51747.62584,785.59,0.0017,99.68
8766.781667,784.24,0.0017,99.68
39637.39026,782.74,0.0017,99.68
97205.91371,781.73,0.0017,99.68
10035.77473,780.00,0.0017,99.68
73865.19729,774.74,0.0017,99.69
67602.561,772.72,0.0017,99.69
35399.65831,772.05,0.0017,99.69
95156.36474,770.70,0.0017,99.69
12419.57396,755.27,0.0016,99.69
70111.06583,752.71,0.0016,99.69
42911.57872,744.58,0.0016,99.70
7170.446972,743.09,0.0016,99.70
75297.9515,742.36,0.0016,99.70
2224.124802,740.27,0.0016,99.70
61494.19702,738.73,0.0016,99.70
86637.3065,735.60,0.0016,99.70
19447.59679,735.04,0.0016,99.71
95331.43224,733.36,0.0016,99.71
81261.10865,725.60,0.0016,99.71
52640.43787,719.83,0.0016,99.71
79546.86262,716.59,0.0016,99.71
87416.0724,680.00,0.0015,99.71
77704.06654,603.65,0.0013,99.71
87383.01663,602.85,0.0013,99.72
16996.04226,602.75,0.0013,99.72
1132.416829,600.69,0.0013,99.72
45570.45261,600.00,0.0013,99.72
57758.83566,598.45,0.0013,99.72
42497.04662,597.31,0.0013,99.72
48757.60959,595.63,0.0013,99.72
46566.80195,588.79,0.0013,99.73
1449.195854,588.55,0.0013,99.73
55647.4245,587.77,0.0013,99.73
94785.8318,587.59,0.0013,99.73
3015.299583,587.55,0.0013,99.73
26394.89998,587.43,0.0013,99.73
24373.99537,586.41,0.0013,99.73
72252.52323,582.31,0.0013,99.73
12080.64616,579.66,0.0013,99.74
44205.04411,571.14,0.0012,99.74
62848.09046,569.43,0.0012,99.74
57244.61443,566.32,0.0012,99.74
29029.65481,564.37,0.0012,99.74
58745.50168,564.30,0.0012,99.74
77196.3111,563.76,0.0012,99.74
69939.65533,562.91,0.0012,99.74
80434.7921,562.03,0.0012,99.75
85710.85199,558.35,0.0012,99.75
50930.93379,556.66,0.0012,99.75
69917.70123,555.13,0.0012,99.75
19941.46742,552.90,0.0012,99.75
55.95166091,551.42,0.0012,99.75
73806.41833,551.26,0.0012,99.75
20167.09523,549.92,0.0012,99.75
71728.94906,548.65,0.0012,99.75
66159.28149,547.86,0.0012,99.76
43993.27283,544.66,0.0012,99.76
37503.0496,542.79,0.0012,99.76
69987.86978,542.79,0.0012,99.76
9166.740085,541.60,0.0012,99.76
14220.41262,541.46,0.0012,99.76
56400.75485,540.96,0.0012,99.76
83000.8256,535.79,0.0012,99.76
31126.68106,535.59,0.0012,99.77
45624.17289,534.33,0.0012,99.77
38681.85219,528.81,0.0011,99.77
37528.55824,524.63,0.0011,99.77
44289.2047,521.11,0.0011,99.77
40524.06718,520.64,0.0011,99.77
68106.51762,517.41,0.0011,99.77
22667.03678,516.81,0.0011,99.77
98708.20039,514.85,0.0011,99.77
13480.94554,509.74,0.0011,99.78
39377.98911,504.87,0.0011,99.78
21236.62438,502.19,0.0011,99.78
96716.7153,501.62,0.0011,99.78
57581.14754,500.63,0.0011,99.78
50412.93308,499.94,0.0011,99.78
56381.89685,498.28,0.0011,99.78
13835.64099,497.10,0.0011,99.78
10239.02632,486.55,0.0011,99.78
9225.661922,483.99,0.0011,99.79
46060.91678,482.58,0.0010,99.79
35550.82626,480.47,0.0010,99.79
60644.09712,477.18,0.0010,99.79
92084.2001,475.27,0.0010,99.79
5065.188283,473.68,0.0010,99.79
56881.87625,469.76,0.0010,99.79
39928.92215,469.54,0.0010,99.79
45870.41515,465.57,0.0010,99.79
41680.07185,460.68,0.0010,99.79
14400.80689,458.56,0.0010,99.80
97465.78026,457.38,0.0010,99.80
32381.69299,457.12,0.0010,99.80
12533.72729,456.29,0.0010,99.80
76231.03342,452.38,0.0010,99.80
91056.89356,448.82,0.0010,99.80
90821.50073,447.37,0.0010,99.80
29408.85344,442.41,0.0010,99.80
36230.00449,441.34,0.0010,99.80
80696.93523,438.20,0.0010,99.80
78912.73121,437.37,0.0010,99.81
20851.90804,437.35,0.0010,99.81
11965.10355,436.64,0.0009,99.81
12395.24249,436.60,0.0009,99.81
2890.793752,431.29,0.0009,99.81
68278.33093,431.25,0.0009,99.81
38956.79346,430.18,0.0009,99.81
82555.758,429.81,0.0009,99.81
77659.50168,429.12,0.0009,99.81
89405.80703,428.24,0.0009,99.81
97836.37886,427.59,0.0009,99.81
76253.80621,426.85,0.0009,99.82
13566.6382,425.13,0.0009,99.82
91457.61403,424.62,0.0009,99.82
30898.51141,419.58,0.0009,99.82
93549.10259,412.26,0.0009,99.82
76119.6571,409.23,0.0009,99.82
39482.28093,408.62,0.0009,99.82
46633.95719,408.48,0.0009,99.82
52153.34181,407.98,0.0009,99.82
54483.07648,406.98,0.0009,99.82
81537.96901,404.30,0.0009,99.82
36471.18527,403.38,0.0009,99.83
46869.79545,402.96,0.0009,99.83
24295.59651,402.36,0.0009,99.83
84231.26987,401.15,0.0009,99.83
88791.26165,400.07,0.0009,99.83
82599.30915,398.60,0.0009,99.83
33525.41556,398.41,0.0009,99.83
57225.68169,393.49,0.0009,99.83
14533.14101,391.87,0.0009,99.83
63934.82728,387.46,0.0008,99.83
54367.23601,384.93,0.0008,99.83
42854.3262,381.02,0.0008,99.84
38944.51883,380.01,0.0008,99.84
96146.75067,376.85,0.0008,99.84
34784.80383,375.28,0.0008,99.84
94298.91717,373.04,0.0008,99.84
9530.401133,372.75,0.0008,99.84
81640.24882,371.50,0.0008,99.84
67889.90501,371.45,0.0008,99.84
47546.81561,370.78,0.0008,99.84
81582.05838,369.21,0.0008,99.84
91128.90038,366.77,0.0008,99.84
92010.48054,364.93,0.0008,99.84
38388.46865,359.92,0.0008,99.84
60451.34082,355.59,0.0008,99.85
58600.29598,355.48,0.0008,99.85
46476.69875,355.20,0.0008,99.85
80571.43174,354.79,0.0008,99.85
5477.944621,351.28,0.0008,99.85
64784.44354,350.00,0.0008,99.85
49101.2945,349.27,0.0008,99.85
37695.82788,348.66,0.0008,99.85
63038.37697,346.65,0.0008,99.85
34485.09543,342.16,0.0007,99.85
47021.69046,342.09,0.0007,99.85
17682.88126,341.95,0.0007,99.85
15232.50738,341.39,0.0007,99.85
32581.97004,341.34,0.0007,99.86
37961.20578,340.89,0.0007,99.86
51368.02512,340.88,0.0007,99.86
76899.60135,340.52,0.0007,99.86
16190.15576,339.69,0.0007,99.86
94094.52434,337.47,0.0007,99.86
32226.87369,332.72,0.0007,99.86
34854.65502,332.36,0.0007,99.86
11673.86812,331.53,0.0007,99.86
57475.61525,330.19,0.0007,99.86
20838.15682,328.76,0.0007,99.86
70461.63002,327.99,0.0007,99.86
7989.807903,325.72,0.0007,99.86
23682.79807,322.37,0.0007,99.86
5507.884826,321.53,0.0007,99.87
14944.90422,320.94,0.0007,99.87
66241.69921,320.94,0.0007,99.87
56878.11327,319.51,0.0007,99.87
44446.31555,319.08,0.0007,99.87
55806.5158,316.79,0.0007,99.87
91628.00789,315.33,0.0007,99.87
48763.90015,314.64,0.0007,99.87
36030.96631,313.28,0.0007,99.87
95500.49016,312.44,0.0007,99.87
66951.12366,311.36,0.0007,99.87
73163.29742,311.31,0.0007,99.87
22636.42443,309.93,0.0007,99.87
54527.61791,308.38,0.0007,99.87
47556.58701,308.32,0.0007,99.88
954.1068846,308.09,0.0007,99.88
7595.552357,306.50,0.0007,99.88
79135.88516,306.50,0.0007,99.88
37474.06144,306.30,0.0007,99.88
14288.30803,303.89,0.0007,99.88
77841.39491,301.57,0.0007,99.88
32279.6737,301.35,0.0007,99.88
58079.34347,299.69,0.0007,99.88
56366.72822,296.97,0.0006,99.88
59027.20799,296.37,0.0006,99.88
50165.03928,295.52,0.0006,99.88
94901.17871,294.66,0.0006,99.88
33231.01826,293.37,0.0006,99.88
22029.78736,291.56,0.0006,99.88
25867.0554,291.56,0.0006,99.88
47004.24269,291.56,0.0006,99.89
36801.08852,290.41,0.0006,99.89
43822.25836,288.98,0.0006,99.89
82534.17776,287.94,0.0006,99.89
77655.76465,287.70,0.0006,99.89
78230.81337,286.58,0.0006,99.89
34253.56361,284.58,0.0006,99.89
43367.37952,282.34,0.0006,99.89
16289.3966,281.98,0.0006,99.89
76279.32956,279.83,0.0006,99.89
82832.52498,278.57,0.0006,99.89
93202.32543,278.46,0.0006,99.89
3513.799268,277.80,0.0006,99.89
53279.26493,277.16,0.0006,99.89
30587.57995,277.03,0.0006,99.89
67616.65104,275.69,0.0006,99.89
1465.287773,275.48,0.0006,99.90
76543.52333,275.33,0.0006,99.90
38621.46053,275.16,0.0006,99.90
72009.69859,273.76,0.0006,99.90
63748.76854,273.50,0.0006,99.90
44624.30577,272.54,0.0006,99.90
49840.64111,272.36,0.0006,99.90
91854.0598,270.80,0.0006,99.90
43580.49714,270.58,0.0006,99.90
12363.61215,270.00,0.0006,99.90
89374.89194,270.00,0.0006,99.90
85652.9908,269.61,0.0006,99.90
53779.00665,268.73,0.0006,99.90
26362.66432,268.61,0.0006,99.90
17675.74024,267.34,0.0006,99.90
29651.51183,265.54,0.0006,99.90
54644.76441,264.65,0.0006,99.90
59196.26073,264.13,0.0006,99.91
69878.49921,263.42,0.0006,99.91
37034.59859,262.46,0.0006,99.91
33926.56945,261.68,0.0006,99.91
28701.63319,261.45,0.0006,99.91
61839.11381,260.89,0.0006,99.91
89385.16644,260.68,0.0006,99.91
84102.45845,260.57,0.0006,99.91
18511.05158,259.77,0.0006,99.91
88499.43008,259.74,0.0006,99.91
68318.78866,259.25,0.0006,99.91
59069.77943,256.58,0.0006,99.91
80417.46676,253.16,0.0006,99.91
78998.63826,252.54,0.0005,99.91
783.9037727,248.70,0.0005,99.91
39214.33263,247.37,0.0005,99.91
29982.57199,247.04,0.0005,99.91
2838.435689,245.51,0.0005,99.91
30107.5998,243.68,0.0005,99.92
70857.37247,242.70,0.0005,99.92
7436.807314,242.32,0.0005,99.92
5565.194267,242.23,0.0005,99.92
51679.80795,240.90,0.0005,99.92
63670.75083,239.94,0.0005,99.92
5869.593443,239.57,0.0005,99.92
51198.41152,239.37,0.0005,99.92
23921.16203,239.16,0.0005,99.92
12950.88246,239.14,0.0005,99.92
61734.75194,237.94,0.0005,99.92
8948.118231,237.16,0.0005,99.92
2813.969934,236.06,0.0005,99.92
32256.65625,235.74,0.0005,99.92
6591.650064,234.78,0.0005,99.92
70200.57052,234.27,0.0005,99.92
7857.752319,233.17,0.0005,99.92
26543.223,233.06,0.0005,99.92
94247.97473,231.75,0.0005,99.92
46022.17049,229.83,0.0005,99.93
30893.03415,229.54,0.0005,99.93
65825.06061,229.09,0.0005,99.93
11726.2985,226.50,0.0005,99.93
44375.94425,225.46,0.0005,99.93
95065.28913,224.96,0.0005,99.93
43497.30661,224.70,0.0005,99.93
8392.581071,224.51,0.0005,99.93
50685.29326,224.08,0.0005,99.93
13825.92566,222.32,0.0005,99.93
74026.59966,220.15,0.0005,99.93
30492.923,219.35,0.0005,99.93
84273.51019,215.70,0.0005,99.93
66345.50015,214.62,0.0005,99.93
67407.81987,214.01,0.0005,99.93
12391.62135,212.74,0.0005,99.93
89602.68337,212.69,0.0005,99.93
82265.2851,210.78,0.0005,99.93
95354.15986,209.04,0.0005,99.93
97640.65862,207.77,0.0005,99.93
56852.69199,207.40,0.0005,99.93
72831.12371,206.70,0.0004,99.93
99367.07905,206.54,0.0004,99.94
36559.455,206.24,0.0004,99.94
63597.9838,204.31,0.0004,99.94
27931.1516,202.97,0.0004,99.94
80557.19668,202.78,0.0004,99.94
24990.97608,202.46,0.0004,99.94
24401.95087,201.62,0.0004,99.94
10654.13136,200.65,0.0004,99.94
43920.82602,199.16,0.0004,99.94
98043.10893,198.67,0.0004,99.94
88608.29211,198.51,0.0004,99.94
85728.69329,194.46,0.0004,99.94
67144.68233,194.03,0.0004,99.94
59404.98731,191.81,0.0004,99.94
56490.52412,187.95,0.0004,99.94
54983.43548,187.81,0.0004,99.94
73183.07634,186.82,0.0004,99.94
44320.83531,186.46,0.0004,99.94
87129.24137,185.43,0.0004,99.94
34471.12391,184.54,0.0004,99.94
13890.49711,183.94,0.0004,99.94
65498.0716,183.03,0.0004,99.94
35470.91724,181.14,0.0004,99.94
44081.15571,179.77,0.0004,99.95
95729.65877,177.60,0.0004,99.95
55467.27121,175.57,0.0004,99.95
79805.55301,174.65,0.0004,99.95
50881.52299,174.25,0.0004,99.95
16821.95714,173.91,0.0004,99.95
52071.58392,173.32,0.0004,99.95
37521.04229,173.13,0.0004,99.95
50997.24849,172.78,0.0004,99.95
30641.93847,171.18,0.0004,99.95
9888.345393,170.02,0.0004,99.95
98139.37454,168.84,0.0004,99.95
34249.81368,168.71,0.0004,99.95
55973.83445,168.12,0.0004,99.95
71873.54123,167.59,0.0004,99.95
62578.56097,167.43,0.0004,99.95
68540.27611,166.72,0.0004,99.95
76115.21441,166.56,0.0004,99.95
21915.70075,166.01,0.0004,99.95
9503.436666,162.80,0.0004,99.95
35251.07142,161.37,0.0004,99.95
55912.04181,160.68,0.0003,99.95
60925.83975,160.67,0.0003,99.95
5146.411327,160.42,0.0003,99.95
73860.71471,159.48,0.0003,99.95
7788.562856,159.43,0.0003,99.95
64524.54055,159.37,0.0003,99.95
27249.77679,157.31,0.0003,99.95
67748.83664,157.05,0.0003,99.96
92110.94562,154.47,0.0003,99.96
33788.86995,154.39,0.0003,99.96
34296.63758,153.97,0.0003,99.96
66763.51187,152.70,0.0003,99.96
46840.29979,152.03,0.0003,99.96
93158.66933,151.54,0.0003,99.96
3131.117452,151.13,0.0003,99.96
26840.76943,149.80,0.0003,99.96
87621.46342,149.59,0.0003,99.96
58091.45501,147.50,0.0003,99.96
9615.943625,147.42,0.0003,99.96
1390.773049,147.32,0.0003,99.96
49076.64577,147.10,0.0003,99.96
27165.81733,146.46,0.0003,99.96
46291.06205,146.17,0.0003,99.96
1912.492979,145.25,0.0003,99.96
59233.22299,144.98,0.0003,99.96
2080.125369,144.45,0.0003,99.96
10514.99874,143.48,0.0003,99.96
57719.39021,142.26,0.0003,99.96
14082.8658,141.68,0.0003,99.96
41610.36305,140.39,0.0003,99.96
48256.78768,138.15,0.0003,99.96
32369.28162,137.47,0.0003,99.96
83101.39768,136.33,0.0003,99.96
52607.2665,135.64,0.0003,99.96
93388.69442,134.06,0.0003,99.96
36904.67378,133.50,0.0003,99.96
24189.22483,132.85,0.0003,99.96
87767.50716,132.58,0.0003,99.96
55482.66358,132.57,0.0003,99.96
22099.88081,131.49,0.0003,99.97
45713.31833,130.91,0.0003,99.97
38.49898826,129.93,0.0003,99.97
79791.06754,129.92,0.0003,99.97
35069.67071,129.57,0.0003,99.97
66104.14713,129.44,0.0003,99.97
26059.3633,129.25,0.0003,99.97
25454.28311,128.37,0.0003,99.97
26425.65326,128.09,0.0003,99.97
20232.45783,125.71,0.0003,99.97
93398.35281,123.37,0.0003,99.97
19294.75574,123.20,0.0003,99.97
98378.27555,122.91,0.0003,99.97
21917.13829,119.72,0.0003,99.97
36412.69172,119.45,0.0003,99.97
12591.10447,117.74,0.0003,99.97
69218.28128,117.54,0.0003,99.97
25964.72027,116.88,0.0003,99.97
48521.12752,116.79,0.0003,99.97
63390.61541,116.11,0.0003,99.97
42197.0308,115.55,0.0003,99.97
24318.61343,115.40,0.0003,99.97
76756.87989,115.31,0.0003,99.97
3741.109181,115.01,0.0002,99.97
64151.56084,114.98,0.0002,99.97
93675.6505,113.33,0.0002,99.97
19362.40888,113.16,0.0002,99.97
50337.76968,113.14,0.0002,99.97
65445.767,112.04,0.0002,99.97
2199.098984,111.91,0.0002,99.97
40124.79589,108.66,0.0002,99.97
19029.92505,108.53,0.0002,99.97
55477.94926,108.49,0.0002,99.97
86262.20054,108.27,0.0002,99.97
76699.4284,108.12,0.0002,99.97
32339.82367,107.29,0.0002,99.97
35673.96558,107.12,0.0002,99.97
97384.75969,106.00,0.0002,99.97
13316.33142,105.88,0.0002,99.97
92457.86557,104.99,0.0002,99.98
89604.23049,104.28,0.0002,99.98
83455.34766,103.97,0.0002,99.98
37091.96654,102.02,0.0002,99.98
59822.64397,101.32,0.0002,99.98
76184.56936,99.90,0.0002,99.98
79757.16542,99.41,0.0002,99.98
46724.82287,99.24,0.0002,99.98
33392.71067,98.19,0.0002,99.98
89743.47696,97.78,0.0002,99.98
14522.11341,97.67,0.0002,99.98
57014.25897,97.36,0.0002,99.98
70828.31315,96.62,0.0002,99.98
4614.838536,95.59,0.0002,99.98
14959.28489,94.85,0.0002,99.98
39547.29566,94.67,0.0002,99.98
34368.34819,93.79,0.0002,99.98
69905.31937,92.33,0.0002,99.98
38520.56874,92.21,0.0002,99.98
80344.90305,91.26,0.0002,99.98
23247.41692,90.93,0.0002,99.98
34117.21829,90.72,0.0002,99.98
86221.78178,90.13,0.0002,99.98
53822.56425,90.01,0.0002,99.98
18407.77463,89.63,0.0002,99.98
76090.04432,89.61,0.0002,99.98
27235.48519,88.82,0.0002,99.98
78905.07537,88.25,0.0002,99.98
14387.29467,88.20,0.0002,99.98
52870.46568,86.78,0.0002,99.98
46285.29314,85.97,0.0002,99.98
97338.85973,85.78,0.0002,99.98
4511.179675,85.04,0.0002,99.98
76619.94459,84.45,0.0002,99.98
38857.4034,82.24,0.0002,99.98
19715.918,81.67,0.0002,99.98
47774.47444,81.59,0.0002,99.98
18262.6529,81.15,0.0002,99.98
94413.99111,81.05,0.0002,99.98
40510.0628,81.04,0.0002,99.98
11568.84245,81.02,0.0002,99.98
7222.37229,80.53,0.0002,99.98
23375.12566,80.40,0.0002,99.98
99727.35474,79.47,0.0002,99.98
35267.43038,78.84,0.0002,99.98
73377.32315,78.79,0.0002,99.98
32963.11452,78.04,0.0002,99.98
13514.24028,76.98,0.0002,99.98
16643.79319,76.66,0.0002,99.98
23693.3684,75.53,0.0002,99.98
4336.412388,74.93,0.0002,99.98
9715.729205,74.40,0.0002,99.98
47789.22905,73.97,0.0002,99.99
78261.5522,73.00,0.0002,99.99
98580.99493,72.84,0.0002,99.99
80733.80677,71.67,0.0002,99.99
86267.46835,71.46,0.0002,99.99
40644.05282,71.17,0.0002,99.99
89943.6597,70.32,0.0002,99.99
13083.50333,70.29,0.0002,99.99
40688.08369,69.46,0.0002,99.99
84047.34263,69.38,0.0002,99.99
58772.38551,69.20,0.0002,99.99
43977.12847,68.99,0.0001,99.99
38559.74417,68.30,0.0001,99.99
14287.91251,68.25,0.0001,99.99
36540.19919,68.22,0.0001,99.99
41592.17978,67.87,0.0001,99.99
88147.35741,67.37,0.0001,99.99
98206.36746,67.08,0.0001,99.99
472.5036415,67.05,0.0001,99.99
82235.37377,66.53,0.0001,99.99
92397.65944,66.04,0.0001,99.99
31340.14649,65.04,0.0001,99.99
40165.04498,64.68,0.0001,99.99
34756.29703,64.35,0.0001,99.99
97900.13584,64.22,0.0001,99.99
19739.63902,64.12,0.0001,99.99
43831.07434,63.87,0.0001,99.99
40066.64533,63.60,0.0001,99.99
17330.33273,63.44,0.0001,99.99
464.3319328,63.27,0.0001,99.99
64530.52671,62.38,0.0001,99.99
20515.10297,61.12,0.0001,99.99
21901.57739,61.07,0.0001,99.99
34071.13627,60.76,0.0001,99.99
26011.98886,60.10,0.0001,99.99
46546.61843,59.18,0.0001,99.99
24970.73488,59.15,0.0001,99.99
28439.44014,58.47,0.0001,99.99
91785.33863,58.24,0.0001,99.99
60638.94864,57.28,0.0001,99.99
65905.88381,57.05,0.0001,99.99
4089.249082,56.95,0.0001,99.99
48155.2649,56.82,0.0001,99.99
84269.57277,56.80,0.0001,99.99
22520.01689,56.71,0.0001,99.99
86793.40418,56.65,0.0001,99.99
90957.94537,54.84,0.0001,99.99
76164.66068,54.68,0.0001,99.99
48407.04413,54.60,0.0001,99.99
48413.09986,54.52,0.0001,99.99
62746.01188,53.69,0.0001,99.99
61807.91734,53.21,0.0001,99.99
16763.75203,52.90,0.0001,99.99
21977.15266,52.10,0.0001,99.99
21448.01887,51.68,0.0001,99.99
18814.27596,51.46,0.0001,99.99
79018.36345,51.27,0.0001,99.99
14561.62588,50.61,0.0001,99.99
67635.93921,50.18,0.0001,99.99
80866.55668,49.19,0.0001,99.99
58772.0459,48.02,0.0001,99.99
26378.62985,47.98,0.0001,99.99
55607.84764,47.88,0.0001,99.99
69438.25951,47.87,0.0001,99.99
72009.44844,47.85,0.0001,99.99
40362.31439,47.07,0.0001,99.99
18554.01969,46.69,0.0001,99.99
51278.72571,45.74,0.0001,99.99
61599.13697,45.40,0.0001,99.99
94612.03893,45.34,0.0001,99.99
20058.57596,45.03,0.0001,99.99
66054.84358,44.59,0.0001,99.99
31911.81543,44.07,0.0001,99.99
89304.32349,44.04,0.0001,99.99
336.8691995,43.09,0.0001,99.99
45879.09284,43.03,0.0001,99.99
32008.61935,43.00,0.0001,99.99
78535.81499,42.94,0.0001,99.99
1762.612105,42.27,0.0001,99.99
21546.18424,41.77,0.0001,99.99
14719.85298,41.67,0.0001,100.00
24479.56596,41.27,0.0001,100.00
36637.88988,41.02,0.0001,100.00
41393.25239,41.01,0.0001,100.00
90461.4167,40.48,0.0001,100.00
75977.31324,39.63,0.0001,100.00
18282.02917,39.26,0.0001,100.00
91775.97226,39.09,0.0001,100.00
78354.19965,38.87,0.0001,100.00
29174.32198,38.30,0.0001,100.00
82987.78397,38.00,0.0001,100.00
38508.48056,37.70,0.0001,100.00
53825.93435,37.60,0.0001,100.00
34364.44188,37.26,0.0001,100.00
43037.22453,36.75,0.0001,100.00
76989.24558,36.64,0.0001,100.00
61146.71844,36.21,0.0001,100.00
73648.21102,35.72,0.0001,100.00
10401.57273,35.34,0.0001,100.00
15696.35309,35.26,0.0001,100.00
36888.23023,34.92,0.0001,100.00
27512.51028,34.91,0.0001,100.00
68332.61741,34.41,0.0001,100.00
5368.448754,34.37,0.0001,100.00
38731.46507,34.19,0.0001,100.00
94992.44171,33.17,0.0001,100.00
98191.86268,33.07,0.0001,100.00
76649.33972,32.23,0.0001,100.00
31118.55338,32.07,0.0001,100.00
7328.011437,31.90,0.0001,100.00
95932.29197,31.03,0.0001,100.00
73991.93826,30.71,0.0001,100.00
77284.04906,30.67,0.0001,100.00
17003.45786,30.65,0.0001,100.00
67013.58459,30.16,0.0001,100.00
86427.24351,29.74,0.0001,100.00
1610.023411,29.51,0.0001,100.00
20079.17189,28.60,0.0001,100.00
62925.39261,28.00,0.0001,100.00
10159.67823,27.94,0.0001,100.00
28643.91352,27.94,0.0001,100.00
58730.32383,27.64,0.0001,100.00
15199.53512,27.61,0.0001,100.00
32713.08559,27.43,0.0001,100.00
97265.62288,27.19,0.0001,100.00
72973.15103,26.89,0.0001,100.00
84554.93203,26.57,0.0001,100.00
18495.56854,26.10,0.0001,100.00
36565.19569,26.04,0.0001,100.00
620.6222247,26.04,0.0001,100.00
1438.094411,25.93,0.0001,100.00
81266.55764,25.66,0.0001,100.00
49867.48071,25.61,0.0001,100.00
12028.39964,24.84,0.0001,100.00
26008.68048,24.58,0.0001,100.00
6729.404205,24.57,0.0001,100.00
4141.507253,24.43,0.0001,100.00
13433.72832,22.76,0.0000,100.00
30363.57703,21.75,0.0000,100.00
66097.56463,21.60,0.0000,100.00
18223.462,20.59,0.0000,100.00
92433.65716,20.27,0.0000,100.00
58978.24688,20.23,0.0000,100.00
96559.89403,19.65,0.0000,100.00
44413.41443,19.31,0.0000,100.00
98390.26878,18.93,0.0000,100.00
20920.7648,17.65,0.0000,100.00
7120.092627,17.25,0.0000,100.00
50888.71464,17.18,0.0000,100.00
88000.72498,16.98,0.0000,100.00
31914.83882,16.17,0.0000,100.00
10529.6734,15.19,0.0000,100.00
7728.237731,15.03,0.0000,100.00
64312.54785,14.77,0.0000,100.00
39358.36771,12.17,0.0000,100.00
85486.23537,11.90,0.0000,100.00
15171.17002,11.24,0.0000,100.00
30410.16398,10.99,0.0000,100.00
11634.3914,10.31,0.0000,100.00
30292.65585,10.19,0.0000,100.00
64933.26732,10.19,0.0000,100.00
59728.2109,8.47,0.0000,100.00
21326.32163,8.14,0.0000,100.00
55930.93798,8.10,0.0000,100.00
19063.58305,6.70,0.0000,100.00
48705.02696,6.61,0.0000,100.00
52859.72379,6.37,0.0000,100.00
36569.78261,6.25,0.0000,100.00
41123.51408,6.01,0.0000,100.00
9969.623746,5.46,0.0000,100.00
691.0125995,4.05,0.0000,100.00
76995.05268,3.86,0.0000,100.00
