sku,inventory_units_on_hand,average_monthly_usage,months_of_inventory_coverage,on_hand_stock_value,annual_demand
23640.38365,9223,10.00,922.30,62000.00,72.00
839.7189575,6013,26.00,231.27,32500.00,187.20
79836.62189,1706,10.00,170.60,11000.00,300.00
79307.86942,827,10.00,82.70,24000.00,72.00
18049.7595,618,10.00,61.80,4200.00,48.00
39145.01238,8009,130.00,61.61,64000.00,936.00
19153.67476,1986,34.00,58.41,12800.00,163.20
28494.96096,521,10.00,52.10,12240.00,48.00
66981.88731,461,10.00,46.10,4500.00,48.00
37485.47982,419,10.00,41.90,22000.00,264.00
43587.35979,731,18.00,40.61,11700.00,129.60
54570.82291,301,10.00,30.10,2450.00,48.00
12171.83778,1188,42.00,28.29,6180.00,201.60
27891.95579,497,18.00,27.61,3700.00,86.40
45576.33015,238,10.00,23.80,3870.00,72.00
42003.69568,234,10.00,23.40,1250.00,48.00
48429.39229,639,34.00,18.79,3800.00,163.20
79438.78059,2111,138.00,15.30,16193.06,3643.20
37919.04046,1027,74.00,13.88,25486.74,1332.00
90062.38329,466,34.00,13.71,3900.00,122.40
46403.87373,1664,122.00,13.64,18597.08,878.40
29259.21007,126,10.00,12.60,22174.06,144.00
68000.85251,525,42.00,12.50,12428.60,705.60
39582.74355,1603,146.00,10.98,14969.42,4380.00
45569.93306,97,10.00,9.70,1500.00,72.00
45570.45261,94,10.00,9.40,600.00,36.00
11682.12204,24168,2660.00,9.09,195467.88,12768.00
80260.11575,235,26.00,9.04,3900.00,93.60
87416.0724,89,10.00,8.90,680.00,72.00
81307.76995,86,10.00,8.60,17123.32,72.00
67794.64548,2986,364.00,8.20,77743.50,6115.20
41213.87088,79,10.00,7.90,1022.24,264.00
91537.48339,205,26.00,7.88,1186.64,468.00
39840.7382,200,26.00,7.69,1644.42,436.80
67684.2708,1241,170.00,7.30,6415.65,612.00
88361.49157,73,10.00,7.30,1490.00,72.00
38589.6678,130,18.00,7.22,16916.85,324.00
66606.75227,17945,2506.00,7.16,110267.88,36086.40
6239.586338,176,26.00,6.77,24054.26,780.00
21779.73596,1494,228.00,6.55,38901.05,3830.40
35265.16222,220,34.00,6.47,79471.23,163.20
69313.07822,509,82.00,6.21,4627.27,590.40
67889.90501,60,10.00,6.00,371.45,300.00
89811.80717,60,10.00,6.00,3557.81,264.00
27439.58354,2669,446.00,5.98,41059.48,3211.20
91641.45053,2106,356.00,5.92,87992.86,7689.60
66898.45026,3470,624.00,5.56,131594.09,11980.80
97735.92745,25846,4658.00,5.55,262331.48,89433.60
73298.64989,2223,406.00,5.48,20299.62,7308.00
97104.28322,98,18.00,5.44,1624.72,172.80
37513.08385,3691,680.00,5.43,96099.69,6528.00
57225.68169,54,10.00,5.40,393.49,300.00
46846.80048,1346,252.00,5.34,32912.74,6652.80
19197.77684,53,10.00,5.30,855.58,180.00
82832.52498,53,10.00,5.30,278.57,180.00
68878.30081,8071,1536.00,5.25,284676.08,33177.60
39363.46175,51,10.00,5.10,1531.68,216.00
83164.98886,8106,1610.00,5.03,60934.16,5796.00
27776.26972,3834,778.00,4.93,29044.39,11203.20
12328.15963,128,26.00,4.92,1289.43,436.80
16739.76417,2908,592.00,4.91,72221.02,2131.20
82840.00177,205,42.00,4.88,1480.07,806.40
16792.61395,1100,228.00,4.82,30177.37,3283.20
83489.02749,202,42.00,4.81,1410.97,705.60
58028.02417,48,10.00,4.80,3817.10,216.00
93469.55851,86,18.00,4.78,825.27,324.00
56531.78891,158,34.00,4.65,791.80,1020.00
43887.9304,13155,2862.00,4.60,89048.40,10303.20
2546.974632,3393,760.00,4.46,468770.26,8208.00
99935.29323,5505,1246.00,4.42,138687.89,8971.20
99848.49526,6467,1496.00,4.32,180016.95,44880.00
51646.57145,43,10.00,4.30,888.55,48.00
64784.44354,43,10.00,4.30,350.00,36.00
20353.36609,2933,688.00,4.26,116998.48,18163.20
34397.37524,585,138.00,4.24,5900.56,4140.00
91426.67159,211,50.00,4.22,1353.37,1080.00
51198.41152,42,10.00,4.20,239.37,144.00
52150.24179,445,106.00,4.20,11092.69,2798.40
18388.13489,75,18.00,4.17,907.00,324.00
68655.67308,6505,1562.00,4.16,48217.92,41236.80
68029.7579,307,74.00,4.15,2859.03,1598.40
92765.32588,3428,826.00,4.15,25582.49,8920.80
20959.07106,6797,1658.00,4.10,50724.98,11937.60
77806.09006,203,50.00,4.06,1372.05,480.00
22592.41647,2766,688.00,4.02,44489.65,9907.20
11726.2985,40,10.00,4.00,226.50,96.00
62208.77298,1135,284.00,4.00,34210.96,2044.80
56722.42673,925539,232324.00,3.98,4876665.14,3345465.60
37405.54347,20289,5240.00,3.87,151412.46,75456.00
23447.44641,131,34.00,3.85,1023.22,244.80
70964.12009,69,18.00,3.83,833.34,259.20
26561.54961,99,26.00,3.81,3029.87,280.80
22940.71126,38,10.00,3.80,979.41,180.00
7436.807314,38,10.00,3.80,242.32,300.00
89822.0946,1075,284.00,3.79,5406.36,7497.60
75297.9515,68,18.00,3.78,742.36,172.80
38055.38453,2222,592.00,3.75,30232.62,6393.60
45694.2321,1198,324.00,3.70,36667.24,2332.80
48736.01396,152,42.00,3.62,3971.58,302.40
37961.20578,36,10.00,3.60,340.89,72.00
88284.20088,6696,1860.00,3.60,51709.19,26784.00
95156.36474,122,34.00,3.59,770.70,897.60
40165.75809,699,196.00,3.57,6408.88,1411.20
55870.75261,6500,1820.00,3.57,61222.90,26208.00
2853.429693,660,186.00,3.55,5668.90,3348.00
3404.017843,35,10.00,3.50,6596.54,72.00
49890.04676,230,66.00,3.48,6045.63,633.60
9076.599167,1431,414.00,3.46,9668.30,6955.20
36463.56278,5595,1626.00,3.44,30759.16,5853.60
9037.732304,198,58.00,3.41,1042.30,208.80
12950.88246,34,10.00,3.40,239.14,192.00
16996.04226,34,10.00,3.40,602.75,96.00
41680.07185,34,10.00,3.40,460.68,168.00
68359.31198,34,10.00,3.40,965.76,168.00
66249.98903,18765,5538.00,3.39,345098.96,166140.00
80337.50935,9149,2700.00,3.39,49098.75,45360.00
12538.86834,546,162.00,3.37,9426.59,1166.40
92199.42146,24874,7414.00,3.36,315697.37,160142.40
68922.10638,273,82.00,3.33,172682.48,590.40
19688.64901,219,66.00,3.32,2731.89,1742.40
28488.38611,86,26.00,3.31,1104.60,249.60
5080.470179,86,26.00,3.31,12318.50,499.20
56852.69199,33,10.00,3.30,207.40,72.00
12389.93222,2430,752.00,3.23,335783.93,19852.80
91258.55653,58,18.00,3.22,862.56,324.00
95171.92723,758,236.00,3.21,65348.64,1132.80
269.7596913,32,10.00,3.20,3675.57,48.00
42854.3262,32,10.00,3.20,381.02,192.00
12618.77005,47774,15086.00,3.17,303071.34,452580.00
55712.61767,1152,364.00,3.16,10857.63,9609.60
10035.77473,107,34.00,3.15,780.00,122.40
49717.44659,208,66.00,3.15,4519.37,1188.00
74649.14349,208,66.00,3.15,21676.10,1425.60
9752.603397,82,26.00,3.15,176954.95,468.00
16258.20829,56,18.00,3.11,3465.65,86.40
30213.94562,31,10.00,3.10,3385.44,72.00
77704.06654,31,10.00,3.10,603.65,264.00
29973.66394,253,82.00,3.09,25609.62,1574.40
94223.26804,745,244.00,3.05,29002.55,5270.40
93847.02035,516,170.00,3.04,17852.65,2448.00
40922.61774,35212,11618.00,3.03,297227.26,167299.20
58184.20734,998,332.00,3.01,8106.25,2390.40
1465.287773,30,10.00,3.00,275.48,144.00
15456.07562,30,10.00,3.00,15429.49,108.00
33788.86995,30,10.00,3.00,154.39,168.00
41048.75817,78,26.00,3.00,2289.03,187.20
41517.17867,30,10.00,3.00,1314.94,180.00
55912.04181,30,10.00,3.00,160.68,72.00
56656.19487,30,10.00,3.00,2744.28,168.00
82122.44457,4433,1480.00,3.00,47936.93,39072.00
89251.54452,30,10.00,3.00,968.32,144.00
96830.56156,2737,914.00,2.99,71274.46,6580.80
13827.44534,529,178.00,2.97,3359.45,2563.20
13857.98308,218,74.00,2.95,12972.81,1420.80
28528.7191,406,138.00,2.94,3435.30,993.60
60104.7615,500,170.00,2.94,7937.86,1836.00
34331.40254,872,300.00,2.91,6890.62,2880.00
43048.89302,2780,972.00,2.86,24597.02,13996.80
79318.69045,1028,364.00,2.82,12940.10,3494.40
21835.37788,28,10.00,2.80,1276.58,300.00
74724.52867,769,276.00,2.79,8632.69,1324.80
52567.94807,50,18.00,2.78,16943.68,345.60
78437.89751,205,74.00,2.77,3409.98,799.20
18053.50511,1361,494.00,2.76,10286.20,2371.20
45282.24361,116,42.00,2.76,1087.91,453.60
83201.4349,2477,906.00,2.73,18484.80,4348.80
97544.60351,1372,502.00,2.73,16310.41,3614.40
45870.41515,49,18.00,2.72,465.57,259.20
46060.91678,49,18.00,2.72,482.58,302.40
52793.46202,441,162.00,2.72,8416.30,1749.60
59540.86287,727,268.00,2.71,9171.46,3859.20
55647.4245,27,10.00,2.70,587.77,168.00
72626.31806,27,10.00,2.70,1562.06,300.00
92110.94562,27,10.00,2.70,154.47,132.00
9502.657564,27,10.00,2.70,974.11,264.00
68884.34592,156,58.00,2.69,1054.12,556.80
8380.815604,845,316.00,2.67,9495.47,5308.80
49745.15509,428,162.00,2.64,12137.41,777.60
50412.93308,68,26.00,2.62,499.94,561.60
75182.03375,4642,1780.00,2.61,32835.17,38448.00
15592.2983,483,186.00,2.60,9207.46,3348.00
6038.437072,192,74.00,2.59,10733.38,1953.60
79319.56159,550,212.00,2.59,9424.37,4070.40
18455.61381,274,106.00,2.58,4507.32,1526.40
73719.85221,22061,8634.00,2.56,165434.08,165772.80
53498.3392,17024,6670.00,2.55,89424.60,120060.00
59338.99383,126,50.00,2.52,1135.55,1080.00
3317.463521,1546,616.00,2.51,16595.76,2956.80
59614.48888,20776,8262.00,2.51,198444.79,148716.00
21236.62438,85,34.00,2.50,502.19,734.40
36030.96631,25,10.00,2.50,313.28,36.00
52071.58392,25,10.00,2.50,173.32,96.00
67735.18226,25,10.00,2.50,1738.63,168.00
88086.29948,1201,486.00,2.47,16455.94,8748.00
13930.05334,18244,7414.00,2.46,304565.78,26690.40
42672.92788,1116,454.00,2.46,13503.69,11985.60
12583.73606,1171,478.00,2.45,7371.87,14340.00
75522.24675,103,42.00,2.45,898.77,604.80
78565.34973,657,268.00,2.45,4568.90,8040.00
9797.236123,21188,8634.00,2.45,158884.64,186494.40
5925.684757,44,18.00,2.44,1148.70,259.20
92010.48054,44,18.00,2.44,364.93,194.40
91203.71952,921,380.00,2.42,7889.53,8208.00
89951.51899,979,406.00,2.41,7625.26,3897.60
14894.11729,1519,632.00,2.40,45130.44,10617.60
62587.99301,586,244.00,2.40,6168.30,6441.60
27746.72473,49484,20808.00,2.38,371074.93,449452.80
3527.394088,9874,4148.00,2.38,70923.29,124440.00
71418.1479,157,66.00,2.38,1194.80,950.40
62442.85336,118,50.00,2.36,11772.22,540.00
64314.37807,155,66.00,2.35,6752.90,1742.40
79112.17361,3276,1400.00,2.34,86818.09,25200.00
94539.85507,570,244.00,2.34,5067.05,1756.80
35550.82626,42,18.00,2.33,480.47,172.80
71072.24732,79,34.00,2.32,1607.73,612.00
32628.01978,60,26.00,2.31,1177.57,686.40
12363.61215,23,10.00,2.30,270.00,48.00
33972.8887,23,10.00,2.30,1146.01,72.00
18379.25448,521,228.00,2.29,4026.80,820.80
50957.97218,761,332.00,2.29,29934.04,5976.00
53917.25094,649,284.00,2.29,5656.18,1022.40
12779.51295,1015,446.00,2.28,9184.20,11774.40
17675.74024,41,18.00,2.28,267.34,540.00
48685.61793,132,58.00,2.28,6846.32,417.60
51157.75623,10820,4746.00,2.28,112237.43,68342.40
27804.56418,131,58.00,2.26,1044.22,835.20
25337.73744,6098,2710.00,2.25,47978.81,26016.00
28852.23678,42867,19038.00,2.25,321458.09,502603.20
81689.65414,34008,15126.00,2.25,190999.41,254116.80
17724.92674,202,90.00,2.24,136785.83,1512.00
34964.02796,76,34.00,2.24,4326.79,612.00
56870.09973,76,34.00,2.24,1741.60,897.60
20175.18474,848,380.00,2.23,4944.69,5472.00
21236.77097,704,316.00,2.23,5673.72,3412.80
37014.40791,545,244.00,2.23,6238.78,1756.80
813.4034714,58,26.00,2.23,785.79,280.80
37450.54569,4249,1916.00,2.22,45805.98,13795.20
11902.9736,9762,4422.00,2.21,70479.53,116740.80
62443.94466,539,244.00,2.21,7567.56,6441.60
34340.89343,589,268.00,2.20,4191.40,3859.20
52607.2665,22,10.00,2.20,135.64,72.00
21602.76529,162,74.00,2.19,881.86,1243.20
91054.88135,11283,5142.00,2.19,117929.47,135748.80
42375.4568,16941,7786.00,2.18,127037.57,168177.60
5589.677063,1470,680.00,2.16,42507.83,7344.00
58344.90294,4042,1884.00,2.15,126469.37,56520.00
48507.3207,728,340.00,2.14,5430.26,3264.00
90641.8808,519,244.00,2.13,3277.00,5270.40
11288.29837,225,106.00,2.12,2742.02,2798.40
31844.01405,34794,16532.00,2.10,212412.75,277737.60
42197.0308,21,10.00,2.10,115.55,300.00
51684.3261,122,58.00,2.10,1042.63,974.40
60644.09712,21,10.00,2.10,477.18,180.00
65577.39399,21,10.00,2.10,3237.35,216.00
67194.73671,44670,21318.00,2.10,273744.65,358142.40
39398.79289,339,162.00,2.09,6465.81,3499.20
85804.73815,1693,810.00,2.09,18500.13,5832.00
91222.74032,1644,786.00,2.09,49157.52,7545.60
96750.54531,1272,608.00,2.09,9095.54,16051.20
40555.53967,36846,17760.00,2.07,276302.79,255744.00
32887.30684,983,478.00,2.06,7288.89,3441.60
35735.47813,37,18.00,2.06,1173.68,194.40
87339.56134,37,18.00,2.06,1396.43,172.80
98586.72215,1668,810.00,2.06,15805.41,17496.00
17596.66454,451,220.00,2.05,2337.17,5808.00
62023.60436,217,106.00,2.05,1304.10,763.20
97447.0433,135,66.00,2.05,1084.42,1108.80
98329.55094,86,42.00,2.05,1237.26,1108.80
17766.48626,1173,574.00,2.04,6789.25,10332.00
52881.43645,330,162.00,2.04,2747.89,3110.40
59794.46789,53,26.00,2.04,4901.58,374.40
3242.202969,5608,2758.00,2.03,83210.50,59572.80
35496.07527,1183,584.00,2.03,11076.78,9811.20
55243.20891,706,348.00,2.03,110940.24,10440.00
57978.83457,134,66.00,2.03,2346.56,1742.40
27153.84354,2161,1068.00,2.02,17863.83,11534.40
4642.238692,13446,6654.00,2.02,101797.50,111787.20
8263.863572,85,42.00,2.02,8084.36,1108.80
69877.27583,2762,1376.00,2.01,90601.77,36326.40
10514.99874,20,10.00,2.00,143.48,72.00
20418.92732,36,18.00,2.00,1492.01,129.60
33525.41556,20,10.00,2.00,398.41,300.00
39482.28093,20,10.00,2.00,408.62,216.00
76279.32956,36,18.00,2.00,279.83,388.80
77196.3111,36,18.00,2.00,563.76,324.00
82709.24091,244,122.00,2.00,5134.86,3220.80
89016.80093,504,252.00,2.00,8122.20,1814.40
98053.03428,20,10.00,2.00,2812.09,264.00
64875.31789,163,82.00,1.99,1338.95,787.20
7028.020895,1886,946.00,1.99,10502.74,20433.60
81868.63666,3369,1690.00,1.99,46339.15,16224.00
28155.9807,83,42.00,1.98,18227.80,453.60
47304.986,769,390.00,1.97,9136.41,2808.00
86111.20422,366,186.00,1.97,10704.69,669.60
12710.54877,489,252.00,1.94,42771.83,4536.00
28562.10694,128,66.00,1.94,3766.72,316.80
35452.87953,502,260.00,1.93,7918.65,1872.00
61763.28744,26013,13452.00,1.93,137466.63,355132.80
93614.81142,220,114.00,1.93,6327.93,1915.20
10364.08644,50,26.00,1.92,1117.37,780.00
28089.68138,50,26.00,1.92,6515.18,436.80
68621.70154,19512,10138.00,1.92,145614.90,145987.20
77066.7326,193618,100674.00,1.92,1129564.97,1328896.80
71647.04951,435,228.00,1.91,12117.58,2188.80
93725.67222,187,98.00,1.91,1339.10,1058.40
3420.153399,171,90.00,1.90,1128.77,2376.00
35393.00406,232,122.00,1.90,1758.93,1756.80
38681.85219,19,10.00,1.90,528.81,180.00
49472.71625,1073,566.00,1.90,8939.96,8829.60
68106.51762,19,10.00,1.90,517.41,144.00
80784.06957,7449,3922.00,1.90,55592.57,37651.20
81909.30134,19,10.00,1.90,1026.11,36.00
87976.94761,19,10.00,1.90,7513.60,216.00
99255.09936,201,106.00,1.90,1163.27,1526.40
30058.3472,34,18.00,1.89,1070.81,324.00
31820.58673,34,18.00,1.89,1070.81,388.80
32667.50506,34,18.00,1.89,1070.81,129.60
5364.083202,34,18.00,1.89,917.19,302.40
64602.92922,230,122.00,1.89,1636.06,1171.20
89009.13269,1635,866.00,1.89,399711.80,25980.00
89665.20677,34,18.00,1.89,1379.74,324.00
99645.52245,34,18.00,1.89,922.76,540.00
4831.799117,27868,14850.00,1.88,206469.66,160380.00
22009.69213,472,252.00,1.87,3221.96,5443.20
58870.79322,805,430.00,1.87,5920.63,11352.00
91153.84839,501,268.00,1.87,8270.40,5145.60
33062.92628,632,340.00,1.86,16996.97,7344.00
29892.12735,13736,7430.00,1.85,102512.35,35664.00
36726.63114,1367,744.00,1.84,9829.82,5356.80
66550.65027,165,90.00,1.83,1129.92,432.00
86403.55774,31711,17284.00,1.83,345335.55,248889.60
13480.94554,62,34.00,1.82,509.74,489.60
49338.57371,1106,608.00,1.82,9230.26,6566.40
62977.65315,4289,2354.00,1.82,24267.20,62145.60
70415.21402,1858,1020.00,1.82,15639.36,7344.00
70689.35104,2513,1384.00,1.82,15733.68,19929.60
84159.11686,898,494.00,1.82,24451.50,3556.80
54543.47579,177,98.00,1.81,1147.51,2940.00
11233.80771,18,10.00,1.80,3903.82,48.00
16052.87843,3311,1844.00,1.80,18539.60,6638.40
84559.80606,18,10.00,1.80,3408.61,72.00
46753.79928,17958,10040.00,1.79,134153.60,180720.00
65233.03504,204,114.00,1.79,62186.84,1641.60
65490.25957,351,196.00,1.79,4336.77,3763.20
69878.71086,11320,6338.00,1.79,81314.61,91267.20
19580.97749,32,18.00,1.78,1791.98,324.00
44320.83531,32,18.00,1.78,186.46,540.00
84183.75319,6230,3494.00,1.78,73997.39,12578.40
95171.47714,32,18.00,1.78,1186.60,324.00
43315.24026,658,372.00,1.77,9231.39,6249.60
92172.87215,74,42.00,1.76,1095.50,453.60
49843.96956,651,372.00,1.75,7454.38,8035.20
64275.43798,5866,3348.00,1.75,38129.49,64281.60
76674.36635,427,244.00,1.75,2593.04,2342.40
26443.5343,184,106.00,1.74,2748.76,2289.60
38489.70519,115,66.00,1.74,2485.02,1425.60
5461.554491,1427,818.00,1.74,10193.40,24540.00
89243.77892,323,186.00,1.74,5226.63,4910.40
84789.38357,45,26.00,1.73,1014.85,93.60
77724.02442,31,18.00,1.72,1109.01,259.20
17856.66378,472,276.00,1.71,2937.47,5961.60
38529.69786,113,66.00,1.71,5976.45,1188.00
41203.29168,209,122.00,1.71,10999.25,1171.20
3741.109181,17,10.00,1.70,115.01,192.00
74569.65391,207,122.00,1.70,131154.06,3660.00
76543.52333,17,10.00,1.70,275.33,72.00
80696.93523,17,10.00,1.70,438.20,108.00
88599.52275,17,10.00,1.70,33956.07,192.00
27446.34606,1608,954.00,1.69,8410.62,4579.20
89401.79275,2659,1578.00,1.69,20132.88,26510.40
94721.9698,71,42.00,1.69,5597.92,201.60
30237.84445,84,50.00,1.68,2345.25,960.00
31773.45426,232,138.00,1.68,2817.95,1987.20
59065.7381,124,74.00,1.68,999.60,1598.40
46869.79545,30,18.00,1.67,402.96,475.20
74026.59966,30,18.00,1.67,220.15,259.20
74085.86797,1286,768.00,1.67,6844.06,7372.80
85993.0033,4845,2894.00,1.67,65624.83,41673.60
1304.362017,202,122.00,1.66,6197.29,585.60
80430.37141,203,122.00,1.66,16035.79,3660.00
87631.39657,32358,19498.00,1.66,227620.06,584940.00
32416.58346,43,26.00,1.65,1211.93,93.60
747.6157018,6576,3986.00,1.65,34245.97,119580.00
79974.57181,21221,12926.00,1.64,108400.39,387780.00
81186.83623,265,162.00,1.64,2546.95,2332.80
17877.58278,41151,25360.00,1.62,294228.16,182592.00
22414.89462,42,26.00,1.62,1159.56,686.40
26139.86709,42,26.00,1.62,1057.10,187.20
2753.120319,42,26.00,1.62,1045.18,780.00
48074.25459,1888,1166.00,1.62,22849.01,19588.80
53178.28644,185,114.00,1.62,1605.68,1641.60
5413.494526,81,50.00,1.62,1369.15,240.00
57501.49233,42,26.00,1.62,917.93,374.40
68881.04221,42,26.00,1.62,1176.24,499.20
72091.99853,1439,890.00,1.62,10385.72,23496.00
87180.96882,42,26.00,1.62,1213.42,499.20
24000.84476,4110,2556.00,1.61,24412.64,36806.40
42916.78441,329,204.00,1.61,2404.00,3916.80
64333.34908,29,18.00,1.61,790.00,129.60
70136.47095,1987,1238.00,1.61,44978.70,22284.00
25964.72027,16,10.00,1.60,116.88,264.00
39547.29566,16,10.00,1.60,94.67,216.00
40510.0628,16,10.00,1.60,81.04,264.00
44446.31555,16,10.00,1.60,319.08,192.00
45418.91071,157,98.00,1.60,1602.64,2587.20
50118.45693,557,348.00,1.60,10253.16,6681.60
53279.26493,16,10.00,1.60,277.16,168.00
58079.34347,16,10.00,1.60,299.69,72.00
58947.41564,16,10.00,1.60,1398.11,216.00
78230.81337,16,10.00,1.60,286.58,300.00
78367.93562,80,50.00,1.60,18542.53,840.00
84010.94264,16,10.00,1.60,1138.57,264.00
94094.52434,16,10.00,1.60,337.47,96.00
94232.44256,245,154.00,1.59,4742.53,739.20
139.8523217,41,26.00,1.58,4523.66,374.40
91056.89356,41,26.00,1.58,448.82,561.60
92202.7404,323,204.00,1.58,2918.18,1468.80
97858.21251,53387,33936.00,1.57,395535.77,610848.00
99188.33387,66,42.00,1.57,1067.11,806.40
11660.51327,1249,802.00,1.56,21819.60,11548.80
28305.80833,28,18.00,1.56,9740.26,388.80
34274.56174,2191,1408.00,1.56,22858.95,42240.00
66763.51187,28,18.00,1.56,152.70,475.20
69270.3075,392,252.00,1.56,3379.13,4536.00
71293.47981,140,90.00,1.56,1262.86,1296.00
93540.85184,46993,30218.00,1.56,388702.10,580185.60
1449.195854,90,58.00,1.55,588.55,556.80
3168.332644,4688,3032.00,1.55,35422.33,90960.00
50454.54597,513,332.00,1.55,7663.47,5976.00
67486.73281,2778,1796.00,1.55,29003.97,30172.80
848.0809453,730,470.00,1.55,4235.90,12408.00
14944.90422,40,26.00,1.54,320.94,374.40
22029.78736,40,26.00,1.54,291.56,374.40
23852.51996,1777,1156.00,1.54,28600.69,24969.60
25867.0554,40,26.00,1.54,291.56,468.00
32226.87369,40,26.00,1.54,332.72,686.40
32279.6737,40,26.00,1.54,301.35,686.40
32581.97004,40,26.00,1.54,341.34,249.60
34485.09543,40,26.00,1.54,342.16,686.40
34854.65502,40,26.00,1.54,332.36,561.60
47004.24269,40,26.00,1.54,291.56,780.00
47021.69046,40,26.00,1.54,342.09,374.40
57445.50178,1134,736.00,1.54,7705.51,3532.80
66241.69921,40,26.00,1.54,320.94,249.60
76899.60135,40,26.00,1.54,340.52,436.80
77841.39491,40,26.00,1.54,301.57,187.20
83959.21238,40,26.00,1.54,1181.52,468.00
91628.00789,40,26.00,1.54,315.33,187.20
40524.06718,89,58.00,1.53,520.64,556.80
10728.18783,1094,720.00,1.52,8099.92,15552.00
12080.64616,76,50.00,1.52,579.66,900.00
3596.258665,1207,794.00,1.52,46040.87,23820.00
36242.58921,124,82.00,1.51,1031.92,295.20
74989.5713,1448,962.00,1.51,12512.09,25396.80
76912.21514,879,584.00,1.51,6429.56,8409.60
13833.06592,2099,1400.00,1.50,13396.43,20160.00
24821.80158,51,34.00,1.50,1424.38,897.60
33662.68414,2964,1974.00,1.50,92389.58,33163.20
36801.08852,27,18.00,1.50,290.41,259.20
42600.17895,63,42.00,1.50,1589.42,907.20
43344.10831,15,10.00,1.50,3394.18,96.00
46476.69875,15,10.00,1.50,355.20,300.00
64792.18691,51,34.00,1.50,1288.76,612.00
70200.57052,15,10.00,1.50,234.27,108.00
71728.94906,51,34.00,1.50,548.65,367.20
73183.07634,15,10.00,1.50,186.82,216.00
84121.20154,39,26.00,1.50,1791.54,249.60
88608.29211,15,10.00,1.50,198.51,168.00
90041.57909,1265,842.00,1.50,7959.06,12124.80
18449.16851,460,308.00,1.49,21351.31,3326.40
34162.58915,217,146.00,1.49,2468.01,1576.80
87484.99284,188038,126260.00,1.49,982692.53,2727216.00
95551.89527,123730,82874.00,1.49,927844.54,795590.40
11299.55072,239,162.00,1.48,7954.19,4860.00
12342.41834,121,82.00,1.48,2458.46,1180.80
13779.47586,50,34.00,1.47,19022.94,244.80
21887.98141,97,66.00,1.47,104030.78,475.20
3987.356487,50,34.00,1.47,4063.75,163.20
77020.25661,2177,1480.00,1.47,16240.00,5328.00
82506.3155,215,146.00,1.47,2757.65,3153.60
45494.15842,973,672.00,1.45,7240.03,12902.40
9225.661922,84,58.00,1.45,483.99,1044.00
12439.48501,72,50.00,1.44,1016.24,360.00
27249.77679,26,18.00,1.44,157.31,475.20
51560.04023,339,236.00,1.44,19340.11,3964.80
55007.58459,26,18.00,1.44,845.23,129.60
63165.45343,1360,946.00,1.44,7711.87,6811.20
66345.50015,26,18.00,1.44,214.62,388.80
69829.51455,49,34.00,1.44,1106.90,612.00
74104.54331,49,34.00,1.44,3612.30,163.20
74844.42322,33888,23508.00,1.44,254735.82,338515.20
84273.51019,26,18.00,1.44,215.70,388.80
16751.60479,417,292.00,1.43,32762.45,4204.80
60355.84501,1337,938.00,1.43,17198.04,28140.00
14171.73212,173,122.00,1.42,5837.31,1317.60
45174.96376,242,170.00,1.42,3933.36,3672.00
70246.00321,357,252.00,1.42,3855.95,5443.20
990.6670531,472,332.00,1.42,3385.68,5577.60
57821.70364,7654,5426.00,1.41,133868.67,117201.60
12629.01671,14,10.00,1.40,5006.38,168.00
13890.49711,14,10.00,1.40,183.94,36.00
32369.28162,14,10.00,1.40,137.47,144.00
33180.04635,171,122.00,1.40,9781.06,1756.80
36174.29807,14,10.00,1.40,823.75,96.00
38645.52128,14,10.00,1.40,5013.99,180.00
4480.640121,249,178.00,1.40,5294.00,5340.00
46597.28823,226,162.00,1.40,1259.82,4276.80
54058.36796,28116,20114.00,1.40,150550.57,362052.00
73860.71471,14,10.00,1.40,159.48,144.00
80733.80677,14,10.00,1.40,71.67,96.00
80947.58702,10325,7358.00,1.40,95814.94,52977.60
87129.24137,14,10.00,1.40,185.43,216.00
1901.801636,665,478.00,1.39,12817.27,1720.80
54476.39539,427,308.00,1.39,18744.55,2217.60
44835.25062,113,82.00,1.38,11968.33,590.40
5065.188283,47,34.00,1.38,473.68,1020.00
56141.93351,491,356.00,1.38,2972.03,3417.60
64934.32412,3311,2394.00,1.38,77217.59,34473.60
93125.36957,684,494.00,1.38,4377.29,3556.80
97164.69178,168,122.00,1.38,4198.31,3220.80
15226.19915,112,82.00,1.37,1246.07,393.60
27931.32597,346,252.00,1.37,48630.17,6652.80
35027.40025,1259,922.00,1.37,9046.96,17702.40
58168.27747,377,276.00,1.37,8342.49,3974.40
67330.82858,1109,810.00,1.37,15291.03,14580.00
91487.04292,12075,8812.00,1.37,177154.27,126892.80
95224.86017,1681,1230.00,1.37,10484.73,5904.00
16032.9716,3808,2790.00,1.36,32398.81,50220.00
72325.83695,231,170.00,1.36,4701.30,1224.00
75565.46093,68,50.00,1.36,25362.14,360.00
16511.1707,100,74.00,1.35,2788.10,532.80
33428.60448,2198,1634.00,1.35,46190.36,17647.20
37528.55824,35,26.00,1.35,524.63,374.40
50321.69367,404,300.00,1.35,8102.84,7920.00
57739.66091,35,26.00,1.35,7344.88,468.00
61732.08199,46,34.00,1.35,5017.30,244.80
64810.32298,46,34.00,1.35,3644.89,897.60
95344.06909,372,276.00,1.35,11473.95,7286.40
13305.90624,358,268.00,1.34,2536.37,4502.40
43809.86457,412,308.00,1.34,3673.24,6652.80
48757.60959,99,74.00,1.34,595.63,1332.00
49056.04127,1359,1012.00,1.34,11182.84,14572.80
49928.21246,497,372.00,1.34,2538.65,2678.40
12159.11518,194,146.00,1.33,1770.66,2452.80
1905.634856,368,276.00,1.33,9020.57,993.60
45624.17289,56,42.00,1.33,534.33,907.20
12212.94799,45,34.00,1.32,3000.69,163.20
18728.79269,2238,1690.00,1.32,29845.88,44616.00
26412.83289,601,454.00,1.32,17291.95,6537.60
45558.36564,72748,55100.00,1.32,538973.39,1454640.00
49002.29976,654,494.00,1.32,8544.03,9484.80
55531.14298,2933,2224.00,1.32,37030.66,37363.20
64482.4853,269,204.00,1.32,37613.94,3916.80
76235.86954,4711,3574.00,1.32,575271.59,51465.60
78607.59891,45,34.00,1.32,1122.73,897.60
82397.14582,87,66.00,1.32,1032.58,475.20
14103.03964,34,26.00,1.31,1293.30,686.40
18214.79285,15012,11432.00,1.31,112380.56,41155.20
34397.90417,160,122.00,1.31,3649.80,3220.80
40938.78716,34,26.00,1.31,4698.91,374.40
99849.03071,55,42.00,1.31,1048.66,756.00
24760.86271,180,138.00,1.30,4750.32,2318.40
32871.99161,578,446.00,1.30,6061.57,4281.60
40688.08369,13,10.00,1.30,69.46,72.00
46285.29314,13,10.00,1.30,85.97,144.00
53822.56425,13,10.00,1.30,90.01,264.00
5507.884826,13,10.00,1.30,321.53,36.00
67748.83664,13,10.00,1.30,157.05,300.00
68729.12159,13,10.00,1.30,7718.09,72.00
89385.16644,13,10.00,1.30,260.68,180.00
95331.43224,13,10.00,1.30,733.36,216.00
16289.3966,44,34.00,1.29,281.98,612.00
3917.77502,304,236.00,1.29,1663.19,3398.40
56543.00904,75,58.00,1.29,6027.22,835.20
64160.20509,1063,826.00,1.29,16928.51,5947.20
93366.37569,85,66.00,1.29,2800.85,950.40
2018.018446,23,18.00,1.28,7308.26,388.80
20838.15682,23,18.00,1.28,328.76,324.00
2669.177997,125,98.00,1.28,3774.38,1646.40
34253.56361,23,18.00,1.28,284.58,129.60
40359.66273,187,146.00,1.28,3260.36,3153.60
43035.68842,74,58.00,1.28,2621.01,417.60
53079.25885,475,372.00,1.28,9000.15,4017.60
62250.83184,5103,3986.00,1.28,201302.14,38265.60
64992.5687,181895,141812.00,1.28,1395586.72,2382441.60
85781.62452,1264,988.00,1.28,160101.66,21340.80
87767.50716,23,18.00,1.28,132.58,324.00
4472.452456,94,74.00,1.27,17811.23,1243.20
63320.62117,649,510.00,1.27,19419.42,15300.00
6795.122228,290,228.00,1.27,6561.95,4104.00
71481.31066,175,138.00,1.27,1143.91,2484.00
12783.54968,307,244.00,1.26,2694.26,3513.60
24373.99537,53,42.00,1.26,586.41,604.80
41079.60145,459,364.00,1.26,12013.09,6988.80
43989.70312,20537,16258.00,1.26,228825.15,487740.00
58892.4027,73,58.00,1.26,934.45,417.60
72754.33596,123,98.00,1.26,1064.03,705.60
93217.39909,73,58.00,1.26,7635.42,835.20
12676.44662,183,146.00,1.25,6020.36,2452.80
13235.04131,304,244.00,1.25,4054.18,6441.60
44766.43608,345,276.00,1.25,2731.82,4636.80
68319.07542,538,430.00,1.25,3234.21,7740.00
68753.34457,15547,12394.00,1.25,158137.11,223092.00
7766.697457,294,236.00,1.25,10135.79,1699.20
83385.07533,7092,5668.00,1.25,74072.66,170040.00
89168.13456,163,130.00,1.25,3094.41,3432.00
12691.7175,151,122.00,1.24,6217.16,3220.80
23986.33804,12539,10082.00,1.24,74175.86,96787.20
49987.42053,462,372.00,1.24,9908.94,6696.00
52704.84913,1588,1278.00,1.24,13218.86,18403.20
56037.89845,713,574.00,1.24,4398.62,10332.00
62008.62797,412,332.00,1.24,4387.83,5577.60
65187.64152,42,34.00,1.24,1019.39,897.60
89321.96051,42,34.00,1.24,8404.75,897.60
90973.58038,181,146.00,1.24,1375.98,4380.00
91457.61403,42,34.00,1.24,424.62,367.20
95500.49016,52,42.00,1.24,312.44,705.60
97673.70719,1082,874.00,1.24,6155.32,6292.80
54440.0798,348,284.00,1.23,3740.02,5452.80
67973.73257,32,26.00,1.23,8936.99,187.20
81817.28921,111,90.00,1.23,10889.35,324.00
8954.076984,510,414.00,1.23,4156.90,7452.00
91961.60577,180,146.00,1.23,1180.43,3153.60
19942.00864,22,18.00,1.22,3152.77,129.60
21040.67907,1970,1610.00,1.22,14684.31,11592.00
21062.89384,563,462.00,1.22,4071.67,12196.80
36559.455,22,18.00,1.22,206.24,540.00
6622.805149,71,58.00,1.22,1138.17,417.60
68677.35508,22,18.00,1.22,1596.90,475.20
78229.36296,22,18.00,1.22,13448.13,86.40
78998.63826,22,18.00,1.22,252.54,129.60
88791.26165,22,18.00,1.22,400.07,194.40
89670.35653,2284,1868.00,1.22,16473.83,17932.80
13256.11931,167,138.00,1.21,2221.16,2980.80
43367.37952,41,34.00,1.21,282.34,489.60
64638.53689,41,34.00,1.21,1092.07,244.80
17846.65633,156,130.00,1.20,3887.97,3432.00
24687.64874,223,186.00,1.20,6644.58,4910.40
31398.63195,7537,6258.00,1.20,121482.63,30038.40
43279.22621,12,10.00,1.20,983.08,72.00
43416.42237,12,10.00,1.20,1382.95,180.00
52795.08937,12,10.00,1.20,1120.49,144.00
65502.95564,12,10.00,1.20,1104.98,300.00
72009.69859,12,10.00,1.20,273.76,168.00
72156.25745,388,324.00,1.20,4562.33,2332.80
72882.49255,555,462.00,1.20,5293.47,6652.80
79135.88516,12,10.00,1.20,306.50,36.00
80571.43174,12,10.00,1.20,354.79,216.00
82197.08445,1018,850.00,1.20,9914.22,22440.00
90403.3881,4122,3436.00,1.20,29609.53,90710.40
12826.95597,31,26.00,1.19,109974.90,124.80
15232.50738,31,26.00,1.19,341.39,436.80
20167.09523,31,26.00,1.19,549.92,686.40
21469.85934,69,58.00,1.19,5056.08,556.80
53779.00665,31,26.00,1.19,268.73,374.40
54137.96425,50,42.00,1.19,1067.07,201.60
57080.21584,261,220.00,1.19,1366.26,3168.00
57475.61525,31,26.00,1.19,330.19,686.40
82785.40808,221,186.00,1.19,2531.27,4910.40
99408.71991,3045,2556.00,1.19,21605.25,46008.00
3478.938552,363,308.00,1.18,2538.17,4435.20
40051.27024,40,34.00,1.18,1164.94,326.40
58786.99747,40,34.00,1.18,1164.94,897.60
84694.08252,144,122.00,1.18,1032.89,2342.40
84762.58538,7672,6476.00,1.18,43361.78,23313.60
85361.35278,40,34.00,1.18,874.90,367.20
88657.84393,3485,2960.00,1.18,25451.37,78144.00
12802.8922,21,18.00,1.17,10586.24,172.80
17406.29569,14511,12418.00,1.17,107509.62,372540.00
39214.33263,49,42.00,1.17,247.37,403.20
49076.64577,21,18.00,1.17,147.10,259.20
64571.78884,7973,6808.00,1.17,59140.89,98035.20
82813.67224,359,308.00,1.17,2725.52,1108.80
83637.23189,2954,2532.00,1.17,17809.12,48614.40
13232.79607,86,74.00,1.16,3911.81,1953.60
13776.59003,386,332.00,1.16,8179.11,2390.40
16202.39659,384,332.00,1.16,9383.15,7171.20
19188.97653,215,186.00,1.16,6463.23,4017.60
31967.57789,123,106.00,1.16,798.85,1144.80
34575.36534,256,220.00,1.16,2580.97,5808.00
46383.9519,206,178.00,1.16,29677.82,5340.00
50753.1553,771,664.00,1.16,8967.40,17529.60
68368.04535,104,90.00,1.16,35839.18,1620.00
71502.14742,123,106.00,1.16,7473.51,3180.00
85710.85199,86,74.00,1.16,558.35,1953.60
38093.32095,624,542.00,1.15,3296.12,9756.00
45214.4679,39,34.00,1.15,1067.73,244.80
78672.28731,196,170.00,1.15,2241.41,612.00
84351.60936,39,34.00,1.15,3475.66,612.00
37920.10879,176,154.00,1.14,1271.72,2217.60
58765.31507,233,204.00,1.14,1291.22,5385.60
73865.19729,75,66.00,1.14,774.74,475.20
75778.01045,424,372.00,1.14,7862.35,8035.20
79937.84794,424,372.00,1.14,7879.77,11160.00
14865.09325,201,178.00,1.13,1049.81,1922.40
23332.87361,129,114.00,1.13,1061.04,2462.40
29891.19471,129,114.00,1.13,1223.50,3009.60
56095.15083,8957,7898.00,1.13,146603.73,132686.40
57760.55902,147,130.00,1.13,4085.72,624.00
73714.04524,321,284.00,1.13,7069.29,4089.60
88828.83679,611,542.00,1.13,49626.48,2601.60
30107.5998,29,26.00,1.12,243.68,780.00
34316.69162,489,438.00,1.12,5188.79,6307.20
47743.74185,38,34.00,1.12,1003.22,326.40
54362.08273,247,220.00,1.12,30968.30,2376.00
64371.93369,4586,4108.00,1.12,26702.43,29577.60
6647.529747,56,50.00,1.12,1219.22,240.00
94485.72991,409,364.00,1.12,10549.07,2620.80
94947.71683,406,364.00,1.12,10464.31,7862.40
14965.64597,325,292.00,1.11,7765.53,8760.00
20509.28596,109,98.00,1.11,1261.18,1764.00
30893.03415,20,18.00,1.11,229.54,324.00
32876.00356,832,752.00,1.11,6208.04,10828.80
55.95166091,20,18.00,1.11,551.42,129.60
88457.06741,4806,4318.00,1.11,35930.28,62179.20
13599.73411,90,82.00,1.10,2387.05,2460.00
22520.01689,11,10.00,1.10,56.71,144.00
2333.247696,7466,6776.00,1.10,52711.62,121968.00
36916.6025,11,10.00,1.10,1041.12,192.00
37091.96654,11,10.00,1.10,102.02,264.00
44375.94425,11,10.00,1.10,225.46,216.00
59135.77287,46,42.00,1.10,1060.30,201.60
64627.18514,160,146.00,1.10,1014.14,1051.20
68.43051657,90,82.00,1.10,6875.75,787.20
69987.86978,11,10.00,1.10,542.79,180.00
75533.75393,11,10.00,1.10,1012.43,168.00
76274.03088,134,122.00,1.10,2678.78,1317.60
93158.66933,11,10.00,1.10,151.54,300.00
94247.97473,11,10.00,1.10,231.75,216.00
97205.91371,125,114.00,1.10,781.73,2462.40
13335.72458,1538,1416.00,1.09,10279.54,10195.20
18966.89772,1342,1230.00,1.09,10185.89,22140.00
32397.04157,8669,7964.00,1.09,84209.72,76454.40
34901.62629,72,66.00,1.09,1387.02,1742.40
64875.99647,159,146.00,1.09,3929.32,525.60
73163.29742,37,34.00,1.09,311.31,652.80
74311.1835,484,446.00,1.09,5183.50,4281.60
76681.24189,16185,14892.00,1.09,94988.80,71481.60
8198.375067,2753,2532.00,1.09,14758.43,27345.60
82599.30915,63,58.00,1.09,398.60,1740.00
14394.16336,149,138.00,1.08,1031.80,1490.40
21639.40791,849,786.00,1.08,13621.66,7545.60
28729.89906,54,50.00,1.08,3891.50,1320.00
37695.82788,28,26.00,1.08,348.66,374.40
63597.9838,28,26.00,1.08,204.31,686.40
66650.70302,1024,946.00,1.08,6476.51,20433.60
72292.61001,71,66.00,1.08,7988.93,1425.60
85865.43543,97,90.00,1.08,8682.89,2376.00
37616.39721,2030,1892.00,1.07,21276.17,34056.00
43454.37015,2975,2790.00,1.07,17354.31,20088.00
49467.87115,2633,2458.00,1.07,15955.13,53092.80
14290.54489,16293,15360.00,1.06,97913.40,460800.00
18511.05158,36,34.00,1.06,259.77,489.60
21179.05749,275,260.00,1.06,8676.26,7800.00
26525.0436,112,106.00,1.06,3774.43,2035.20
29443.44791,285,268.00,1.06,2791.85,7075.20
49940.1708,2069,1950.00,1.06,74957.12,42120.00
5146.411327,19,18.00,1.06,160.42,64.80
66491.66544,1391,1318.00,1.06,9989.46,12652.80
69336.6739,14884,14042.00,1.06,105195.27,134803.20
75376.51236,1873,1764.00,1.06,242701.15,31752.00
78037.70635,36,34.00,1.06,3354.34,367.20
13693.42423,720,688.00,1.05,6088.88,18163.20
3243.390147,1442,1376.00,1.05,27187.20,19814.40
32669.2864,2003,1916.00,1.05,14267.85,13795.20
47546.81561,44,42.00,1.05,370.78,907.20
59245.0841,205,196.00,1.05,3876.49,3528.00
81640.24882,69,66.00,1.05,371.50,950.40
8994.754483,1758,1682.00,1.05,17775.30,8073.60
34319.52555,25872,24882.00,1.04,191911.53,746460.00
39833.66569,313,300.00,1.04,3127.23,9000.00
56381.89685,27,26.00,1.04,498.28,374.40
82832.34393,168,162.00,1.04,1544.00,2332.80
8431.172843,7619,7300.00,1.04,56798.45,131400.00
92208.60078,1797,1730.00,1.04,12426.78,24912.00
9503.436666,27,26.00,1.04,162.80,686.40
20770.25794,65613,63530.00,1.03,461006.60,686124.00
2465.773782,1864,1812.00,1.03,29441.28,32616.00
32535.36267,4087,3986.00,1.03,28362.67,86097.60
71757.13271,275,268.00,1.03,1382.21,1929.60
22667.03678,43,42.00,1.02,516.81,604.80
25584.02824,165,162.00,1.02,1753.96,1166.40
28119.91436,166,162.00,1.02,1169.93,2916.00
30822.31636,248,244.00,1.02,1708.35,2342.40
36309.32121,1561,1536.00,1.02,13649.47,40550.40
64582.05918,51,50.00,1.02,1397.23,840.00
71657.17638,371,364.00,1.02,2227.19,5241.60
87383.01663,43,42.00,1.02,602.85,453.60
96062.58778,92,90.00,1.02,1149.05,1944.00
9994.266704,314,308.00,1.02,7311.37,5544.00
15017.43446,959,954.00,1.01,9744.20,17172.00
20968.31645,705,696.00,1.01,11443.45,20880.00
47193.59978,318,316.00,1.01,3713.86,2275.20
73327.4254,3343,3316.00,1.01,43192.00,87542.40
78653.37195,2193,2176.00,1.01,15047.64,47001.60
11673.86812,10,10.00,1.00,331.53,108.00
2224.124802,66,66.00,1.00,740.27,712.80
24318.61343,10,10.00,1.00,115.40,192.00
41967.30897,10,10.00,1.00,920.39,216.00
43542.32896,339,340.00,1.00,4362.53,2448.00
50164.97265,26,26.00,1.00,6979.84,686.40
56062.73383,10,10.00,1.00,62939.76,180.00
58083.65422,727,728.00,1.00,3767.55,13104.00
65905.88381,10,10.00,1.00,57.05,168.00
67144.68233,10,10.00,1.00,194.03,300.00
70191.94028,655,656.00,1.00,39154.35,17318.40
76119.6571,18,18.00,1.00,409.23,259.20
7725.185229,8466,8496.00,1.00,70220.50,122342.40
83981.03848,18,18.00,1.00,1042.65,129.60
90478.79893,34,34.00,1.00,858.55,612.00
93472.75764,10,10.00,1.00,10868.85,72.00
98805.82762,10,10.00,1.00,1151.09,96.00
63570.17856,731,736.00,0.99,8074.51,19430.40
66529.1874,1697,1706.00,0.99,14666.00,36849.60
88372.4601,1108,1116.00,0.99,12859.21,24105.60
2177.326658,49,50.00,0.98,1154.40,360.00
28063.98004,9969,10138.00,0.98,70972.29,182484.00
52376.6073,641,656.00,0.98,29380.12,17318.40
52573.89521,661,672.00,0.98,3991.44,14515.20
80846.9168,65,66.00,0.98,3707.67,633.60
36031.03594,495,510.00,0.97,19967.49,13464.00
56373.14592,33,34.00,0.97,1383.18,1020.00
73436.20737,72,74.00,0.97,2507.60,799.20
82649.02655,636,656.00,0.97,8983.80,6297.60
27500.37361,79,82.00,0.96,1014.72,787.20
28199.61617,109,114.00,0.96,3074.71,1915.20
30739.83347,473,494.00,0.96,3484.25,8892.00
38229.3787,6131,6396.00,0.96,47663.80,138153.60
42242.48607,48,50.00,0.96,3355.17,1320.00
52905.99673,148,154.00,0.96,1345.29,1478.40
56096.26675,170,178.00,0.96,4290.73,4699.20
81261.10865,86,90.00,0.96,725.60,2376.00
93229.43546,25,26.00,0.96,3097.86,499.20
1093.566669,712,752.00,0.95,12014.15,10828.80
14804.73021,26631,28002.00,0.95,206020.76,604843.20
22927.3999,240,252.00,0.95,4120.41,6652.80
34390.00277,471,494.00,0.95,2554.54,7113.60
5602.445847,1330,1400.00,0.95,20868.33,5040.00
59688.16531,807,850.00,0.95,5711.95,14280.00
71000.67199,40,42.00,0.95,846.46,604.80
54367.23601,17,18.00,0.94,384.93,388.80
55973.83445,17,18.00,0.94,168.12,475.20
82482.98319,77,82.00,0.94,908.42,787.20
82555.758,62,66.00,0.94,429.81,1742.40
91128.90038,62,66.00,0.94,366.77,1980.00
12128.43273,39,42.00,0.93,1040.64,756.00
20540.37645,4723,5054.00,0.93,35416.78,72777.60
23682.79807,54,58.00,0.93,322.37,835.20
50064.12161,129,138.00,0.93,2960.35,2980.80
52738.31427,54,58.00,0.93,10422.70,1531.20
75543.6224,69,74.00,0.93,7335.32,1065.60
89338.77263,1763,1892.00,0.93,13450.98,18163.20
93769.78771,528,566.00,0.93,14643.51,10188.00
19299.52682,163,178.00,0.92,1240.94,3204.00
46526.14142,112,122.00,0.92,1201.99,2196.00
54211.1528,693,752.00,0.92,17667.12,16243.20
61734.75194,24,26.00,0.92,237.94,280.80
69248.1887,2398,2604.00,0.92,47340.24,68745.60
80969.10545,536,584.00,0.92,45584.21,11212.80
8396.036677,157,170.00,0.92,11798.67,2856.00
93898.13441,4993,5442.00,0.92,37261.02,143668.80
10741.3015,1350,1480.00,0.91,13948.91,28416.00
27362.13935,96,106.00,0.91,6495.48,1908.00
27719.21863,31,34.00,0.91,1264.75,897.60
27828.58878,31,34.00,0.91,1506.53,367.20
4972.487359,82,90.00,0.91,2499.25,864.00
53101.94765,31,34.00,0.91,914.75,244.80
60625.65298,977,1068.00,0.91,5933.65,5126.40
61839.11381,31,34.00,0.91,260.89,122.40
63575.69139,3199,3534.00,0.91,26026.61,106020.00
67961.41145,31,34.00,0.91,4417.45,122.40
80519.24531,60,66.00,0.91,1395.43,633.60
89414.43548,170,186.00,0.91,2416.65,892.80
9309.664142,716,786.00,0.91,5777.78,20750.40
97924.44464,378,414.00,0.91,3574.64,1987.20
12395.24249,9,10.00,0.90,436.60,108.00
52341.01919,228,252.00,0.90,1699.67,5443.20
56490.52412,9,10.00,0.90,187.95,36.00
67855.63481,7719,8578.00,0.90,41942.39,92642.40
76115.21441,9,10.00,0.90,166.56,264.00
8392.581071,38,42.00,0.90,224.51,1108.80
85753.58412,374,414.00,0.90,23248.07,2980.80
12391.62135,16,18.00,0.89,212.74,345.60
12591.10447,16,18.00,0.89,117.74,324.00
36412.69172,16,18.00,0.89,119.45,324.00
38388.46865,66,74.00,0.89,359.92,2220.00
39698.91211,16,18.00,0.89,2336.81,388.80
84645.50897,152,170.00,0.89,1325.60,1224.00
84656.47876,116,130.00,0.89,1003.61,3432.00
94298.91717,16,18.00,0.89,373.04,259.20
18011.47757,4537,5142.00,0.88,57288.34,135748.80
26356.05607,193,220.00,0.88,5190.89,4752.00
39377.98911,37,42.00,0.88,504.87,1108.80
55168.57614,51,58.00,0.88,900.09,1740.00
62577.32088,1119,1270.00,0.88,8034.53,4572.00
71879.19972,23,26.00,0.88,3059.94,561.60
74486.50399,244,276.00,0.88,2512.91,7286.40
76231.03342,23,26.00,0.88,452.38,468.00
84896.52428,12108,13776.00,0.88,98832.88,198374.40
68937.24966,120,138.00,0.87,1302.58,496.80
71185.22702,2213,2532.00,0.87,46570.63,66844.80
73771.9607,261,300.00,0.87,2524.27,4320.00
79775.55118,436,502.00,0.87,2762.23,7228.80
27385.06481,84,98.00,0.86,10244.13,1411.20
31835.0261,112,130.00,0.86,844.20,2808.00
65224.58208,244,284.00,0.86,1245.95,2726.40
69483.66359,64,74.00,0.86,1412.60,1953.60
76404.29028,91,106.00,0.86,961.50,1526.40
86550.04954,609,712.00,0.86,7299.54,3417.60
14533.14101,29,34.00,0.85,391.87,367.20
16357.87583,22,26.00,0.85,965.38,187.20
19193.13063,2114,2474.00,0.85,28943.02,44532.00
39231.86401,63,74.00,0.85,4332.85,1420.80
48256.78768,22,26.00,0.85,138.15,780.00
54644.76441,22,26.00,0.85,264.65,468.00
55949.49666,29,34.00,0.85,1010.59,1020.00
62420.5743,2094,2450.00,0.85,19111.11,17640.00
93202.32543,22,26.00,0.85,278.46,249.60
12797.36362,623,744.00,0.84,4386.47,7142.40
16141.79206,3268,3890.00,0.84,23457.73,102696.00
28524.55907,150,178.00,0.84,835.34,2563.20
29029.65481,42,50.00,0.84,564.37,1080.00
35029.33365,89,106.00,0.84,1351.52,1908.00
50355.96012,271,324.00,0.84,4347.03,1555.20
53420.79036,76,90.00,0.84,1428.75,1944.00
62206.36319,123,146.00,0.84,5108.77,2628.00
63421.99319,1381,1642.00,0.84,17339.72,49260.00
71346.84879,103,122.00,0.84,79411.68,585.60
96233.84203,717,850.00,0.84,6841.04,18360.00
98453.01234,3203,3792.00,0.84,23182.42,113760.00
19362.40888,15,18.00,0.83,113.16,86.40
32745.01858,544,656.00,0.83,10171.32,11808.00
41576.82015,15,18.00,0.83,3110.35,324.00
70466.39833,803,972.00,0.83,68393.33,20995.20
73291.86838,1114,1350.00,0.83,35298.86,22680.00
96716.7153,55,66.00,0.83,501.62,316.80
96799.14512,627,752.00,0.83,17641.00,19852.80
1082.228679,28,34.00,0.82,4776.18,734.40
17051.99015,391,478.00,0.82,2374.17,3441.60
41023.89821,2142,2604.00,0.82,10804.48,37497.60
415.6140404,28,34.00,0.82,2896.30,612.00
45397.09928,41,50.00,0.82,4703.85,480.00
63816.3017,734,890.00,0.82,4455.73,17088.00
68278.33093,61,74.00,0.82,431.25,710.40
75569.60735,365,446.00,0.82,30549.66,8028.00
8357.205586,168,204.00,0.82,861.32,5385.60
86446.44412,67,82.00,0.82,1347.87,885.60
86716.7742,80,98.00,0.82,1041.73,1646.40
95930.30237,113,138.00,0.82,1084.58,1490.40
97364.80366,879,1076.00,0.82,8934.49,23241.60
11944.61174,137,170.00,0.81,2986.36,2856.00
26394.89998,99,122.00,0.81,587.43,1756.80
32623.09674,47,58.00,0.81,8835.13,1252.80
44086.45057,1549,1924.00,0.81,17259.91,13852.80
4640.63071,1070,1326.00,0.81,13945.27,19094.40
49417.42548,1116,1384.00,0.81,17631.08,4982.40
59069.77943,21,26.00,0.81,256.58,374.40
68042.0436,137,170.00,0.81,1574.46,2856.00
23548.24418,2141,2660.00,0.80,36627.48,51072.00
27348.24635,8,10.00,0.80,4196.44,192.00
33392.71067,8,10.00,0.80,98.19,300.00
34612.87214,53,66.00,0.80,3033.37,1425.60
35069.67071,8,10.00,0.80,129.57,192.00
38413.66891,1246,1562.00,0.80,15445.83,41236.80
48169.95335,91,114.00,0.80,1316.10,2462.40
48946.51898,426,534.00,0.80,12698.83,5126.40
61431.51228,76673,96244.00,0.80,490624.03,2078870.40
67407.81987,8,10.00,0.80,214.01,72.00
71032.68656,177,220.00,0.80,18976.11,4752.00
783.9037727,8,10.00,0.80,248.70,264.00
79739.54418,1847,2322.00,0.80,46394.46,16718.40
9530.401133,8,10.00,0.80,372.75,168.00
98834.21824,532,664.00,0.80,6686.33,9561.60
2797.320736,1835,2330.00,0.79,34813.57,16776.00
53336.45984,179,228.00,0.79,4980.26,6019.20
70304.02287,65,82.00,0.79,808.46,1771.20
88394.37669,128,162.00,0.79,17545.67,3499.20
18353.49057,318,406.00,0.78,9177.15,5846.40
33720.91669,259,332.00,0.78,12074.95,2390.40
50420.98956,58,74.00,0.78,8086.61,1065.60
57292.27939,14867,19152.00,0.78,387081.09,413683.20
68435.63096,45,58.00,0.78,4829.92,835.20
70313.2463,32245,41268.00,0.78,230548.22,742824.00
86564.39253,5323,6856.00,0.78,39727.91,115180.80
87198.89708,14,18.00,0.78,998.19,259.20
10654.13136,20,26.00,0.77,200.65,561.60
26376.72145,57,74.00,0.77,1793.44,799.20
27931.1516,20,26.00,0.77,202.97,249.60
36888.64543,131,170.00,0.77,812.72,1224.00
84276.1629,249,324.00,0.77,18067.51,6998.40
94862.77623,8387,10842.00,0.77,59745.28,182145.60
1826.379771,117,154.00,0.76,4420.96,1108.80
36903.02252,191,252.00,0.76,4013.25,4233.60
38956.79346,38,50.00,0.76,430.18,1500.00
65708.3253,1028,1360.00,0.76,18142.64,35904.00
75376.46112,1001,1318.00,0.76,6421.26,28468.80
80283.87575,1978,2588.00,0.76,18475.15,55900.80
82550.86699,16281,21520.00,0.76,123750.20,361536.00
8351.712288,117,154.00,0.76,5791.70,1663.20
1194.662959,333,446.00,0.75,4540.21,9633.60
12808.25974,961,1278.00,0.75,10817.71,18403.20
35730.5836,121,162.00,0.75,2284.08,4860.00
41407.0252,80,106.00,0.75,1712.52,1526.40
49986.20614,80,106.00,0.75,820.63,2289.60
70410.77463,122,162.00,0.75,14597.49,1166.40
18093.39803,145,196.00,0.74,1588.58,2822.40
26941.50665,3770,5094.00,0.74,49543.27,48902.40
39413.5795,955,1294.00,0.74,5794.33,34161.60
44002.60198,5359,7276.00,0.74,43546.82,52387.20
4776.122885,61,82.00,0.74,1226.33,2164.80
56216.19554,61,82.00,0.74,1110.53,1180.80
61716.77149,4633,6290.00,0.74,132267.47,60384.00
7176.598732,364,494.00,0.74,2645.69,8892.00
79780.34904,8272,11230.00,0.74,46953.20,121284.00
84810.90016,67,90.00,0.74,1275.51,432.00
92841.77308,308,414.00,0.74,5521.90,7452.00
98972.77991,223,300.00,0.74,2772.58,7920.00
38880.52514,2932,3994.00,0.73,19081.23,57513.60
65992.87814,48,66.00,0.73,931.34,475.20
79791.06754,19,26.00,0.73,129.92,280.80
18008.97887,71,98.00,0.72,994.24,1411.20
23113.94007,482,672.00,0.72,10344.05,20160.00
2893.488088,146,204.00,0.72,3682.53,1468.80
39066.01155,1165,1626.00,0.72,19381.01,7804.80
43200.38411,339,470.00,0.72,21325.91,1692.00
45552.5998,36,50.00,0.72,1049.08,180.00
57354.62085,522,728.00,0.72,7359.34,5241.60
62503.38677,76,106.00,0.72,1722.39,3180.00
92167.07479,538,744.00,0.72,10258.85,13392.00
27126.64462,237,332.00,0.71,12519.91,1195.20
32538.50344,1709,2394.00,0.71,33735.15,22982.40
3526.790467,290,406.00,0.71,18585.29,8769.60
36000.41446,24,34.00,0.71,1564.83,571.20
36471.18527,41,58.00,0.71,403.38,835.20
52169.04283,127,178.00,0.71,1532.72,2563.20
6348.947722,75,106.00,0.71,1139.62,2289.60
766.3896251,430,608.00,0.71,4825.21,10214.40
7833.644401,392,550.00,0.71,2687.23,11880.00
9089.83595,5106,7188.00,0.71,129909.92,69004.80
2264.265334,682,972.00,0.70,6074.29,10497.60
23921.16203,7,10.00,0.70,239.16,72.00
29598.79286,170,244.00,0.70,1684.93,4099.20
31324.97779,102,146.00,0.70,1027.73,2628.00
34784.80383,7,10.00,0.70,375.28,216.00
36370.45265,119,170.00,0.70,1234.54,4488.00
40405.16397,86,122.00,0.70,8711.38,585.60
49639.77433,7,10.00,0.70,1411.15,300.00
49840.64111,7,10.00,0.70,272.36,264.00
51310.78553,46,66.00,0.70,861.47,950.40
5368.448754,7,10.00,0.70,34.37,180.00
5404.511258,285,406.00,0.70,17564.54,7308.00
54421.73052,1492,2144.00,0.70,14619.69,15436.80
58600.29598,69,98.00,0.70,355.48,2940.00
83605.04193,35,50.00,0.70,1324.27,360.00
92952.96023,3061,4398.00,0.70,29324.81,31665.60
94965.05464,74,106.00,0.70,809.61,763.20
95729.65877,7,10.00,0.70,177.60,264.00
96146.75067,7,10.00,0.70,376.85,300.00
18878.15735,90,130.00,0.69,1303.13,3900.00
25890.6082,2231,3226.00,0.69,13447.73,69681.60
3316.979588,18,26.00,0.69,3226.95,780.00
36628.5949,141,204.00,0.69,1151.99,2937.60
38534.162,787,1140.00,0.69,5541.11,20520.00
46291.06205,18,26.00,0.69,146.17,93.60
46566.80195,29,42.00,0.69,588.79,1108.80
48177.98048,223,324.00,0.69,3258.31,4665.60
50536.67543,389,566.00,0.69,4376.54,10188.00
61240.23018,40,58.00,0.69,942.22,835.20
63798.28568,5759,8336.00,0.69,75606.22,160051.20
24878.72365,155,228.00,0.68,10144.65,3830.40
280.7880631,1107,1634.00,0.68,12543.43,29412.00
28701.63319,23,34.00,0.68,261.45,244.80
37118.06545,1279,1868.00,0.68,164863.15,26899.20
44496.49661,260,380.00,0.68,4254.37,11400.00
45812.71534,61,90.00,0.68,1039.71,648.00
62332.91036,34,50.00,0.68,1028.99,540.00
63390.61541,23,34.00,0.68,116.11,897.60
93732.1487,967,1416.00,0.68,15722.79,37382.40
10239.02632,55,82.00,0.67,486.55,2164.80
12419.57396,93,138.00,0.67,755.27,1987.20
1627.077928,4521,6758.00,0.67,35511.61,145972.80
23278.46785,3169,4762.00,0.67,35675.64,125716.80
27821.00845,163,244.00,0.67,5143.80,7320.00
30303.93974,174,260.00,0.67,2542.73,3744.00
30446.83697,2663,3986.00,0.67,16734.66,57398.40
36230.00449,87,130.00,0.67,441.34,1872.00
49863.589,551,826.00,0.67,16879.37,3964.80
5565.194267,39,58.00,0.67,242.23,1531.20
57896.9913,159,236.00,0.67,911.68,3398.40
87446.87055,579,858.00,0.67,3449.93,4118.40
87489.68716,12156,18044.00,0.67,102665.93,259833.60
93505.32572,60,90.00,0.67,1117.30,1620.00
28535.78795,5432,8262.00,0.66,150567.98,178459.20
3430.48939,841,1270.00,0.66,4302.97,33528.00
51528.00533,858,1294.00,0.66,5467.02,18633.60
7011.978794,122,186.00,0.66,1032.55,3348.00
70545.46037,86,130.00,0.66,1298.42,3432.00
89394.55076,146,220.00,0.66,5826.15,1584.00
90793.93472,1706,2588.00,0.66,53500.03,37267.20
92052.30979,11484,17380.00,0.66,288391.12,83424.00
94785.8318,112,170.00,0.66,587.59,4488.00
97836.37886,54,82.00,0.66,427.59,2460.00
99092.46226,86,130.00,0.66,1698.59,3900.00
16292.38619,5158,7914.00,0.65,48762.77,28490.40
17735.99899,48,74.00,0.65,1585.58,1332.00
28074.48401,1363,2094.00,0.65,9764.26,20102.40
28221.53884,179,276.00,0.65,2218.95,3974.40
29387.11002,1742,2684.00,0.65,15905.04,41870.40
54009.31797,43,66.00,0.65,1015.25,475.20
6088.393127,309,478.00,0.65,13723.50,2294.40
92564.37328,17,26.00,0.65,2428.35,686.40
95637.65634,2923,4488.00,0.65,30433.06,96940.80
97338.85973,17,26.00,0.65,85.78,436.80
17357.58358,336,526.00,0.64,5440.84,10099.20
30904.28072,730,1140.00,0.64,21004.87,4104.00
43094.78882,157,244.00,0.64,814.23,2635.20
60018.75247,58,90.00,0.64,2522.48,1944.00
67475.8241,844,1318.00,0.64,4657.46,9489.60
73576.4875,249,390.00,0.64,3514.28,8424.00
75443.06423,287,446.00,0.64,2651.20,13380.00
89693.70052,37,58.00,0.64,7340.59,1044.00
91923.4293,83,130.00,0.64,2241.75,3900.00
95073.07057,27,42.00,0.64,1106.52,151.20
99787.72463,287,446.00,0.64,2651.19,11774.40
42497.04662,57,90.00,0.63,597.31,432.00
43049.36974,775,1230.00,0.63,12418.64,17712.00
44305.27234,2509,3986.00,0.63,18206.74,28699.20
51201.69218,52,82.00,0.63,1235.47,2164.80
67214.50172,97,154.00,0.63,1362.46,4065.60
79546.86262,52,82.00,0.63,716.59,885.60
92572.36416,158,252.00,0.63,1345.33,4233.60
97523.24943,694,1100.00,0.63,5661.37,29040.00
26976.03739,7807,12620.00,0.62,107616.23,333168.00
40486.81469,516,826.00,0.62,7800.29,24780.00
43162.74144,86,138.00,0.62,1034.47,1324.80
48763.90015,21,34.00,0.62,314.64,612.00
55806.5158,36,58.00,0.62,316.79,417.60
72649.08856,346,558.00,0.62,8457.71,8035.20
74396.47976,2454,3986.00,0.62,45283.88,28699.20
79164.04235,51,82.00,0.62,17301.24,1377.60
13825.92566,11,18.00,0.61,222.32,388.80
14429.98443,524,858.00,0.61,3541.56,16473.60
19439.60814,952,1554.00,0.61,56004.29,29836.80
20515.10297,11,18.00,0.61,61.12,302.40
30570.48898,880,1440.00,0.61,23774.03,31104.00
3093.613486,422,688.00,0.61,2769.23,14860.80
41041.53084,712,1166.00,0.61,5556.83,34980.00
4118.905937,45,74.00,0.61,27979.26,532.80
42665.16393,11,18.00,0.61,1634.05,475.20
43977.12847,11,18.00,0.61,68.99,540.00
54077.96146,94,154.00,0.61,873.98,2217.60
54473.7405,11,18.00,0.61,1121.69,388.80
58137.15511,948,1562.00,0.61,21980.24,28116.00
73985.47922,524,858.00,0.61,3541.56,22651.20
76211.07499,371,608.00,0.61,6010.28,16051.20
91032.29837,104,170.00,0.61,1394.88,1836.00
1762.612105,6,10.00,0.60,42.27,72.00
21546.18424,6,10.00,0.60,41.77,72.00
27049.09815,150,252.00,0.60,1411.33,4233.60
32339.82367,6,10.00,0.60,107.29,300.00
37557.19109,370,616.00,0.60,7605.95,10348.80
46546.61843,6,10.00,0.60,59.18,264.00
46633.95719,49,82.00,0.60,408.48,295.20
49404.04188,5868,9766.00,0.60,130444.90,257822.40
54641.93821,6,10.00,0.60,864.60,264.00
56345.05754,180,300.00,0.60,4969.31,5040.00
72476.04079,2384,3986.00,0.60,31282.81,57398.40
7536.769747,565,946.00,0.60,14888.62,24974.40
76989.24558,6,10.00,0.60,36.64,72.00
7857.752319,25,42.00,0.60,233.17,403.20
83827.89094,233,390.00,0.60,2993.95,3744.00
85238.34056,437,728.00,0.60,7258.24,2620.80
87697.91586,926,1554.00,0.60,5203.16,46620.00
92370.94968,2437,4084.00,0.60,13240.62,14702.40
94992.44171,6,10.00,0.60,33.17,264.00
954.1068846,6,10.00,0.60,308.09,72.00
36205.11128,34,58.00,0.59,1016.43,417.60
39743.43884,8545,14430.00,0.59,66039.34,311688.00
44208.9097,273,462.00,0.59,10297.90,4989.60
4632.399445,9462,15990.00,0.59,53445.63,268632.00
50611.65194,149,252.00,0.59,810.03,2419.20
56308.83258,13983,23864.00,0.59,101589.20,400915.20
61949.22183,67,114.00,0.59,1142.64,1231.20
77659.50168,67,114.00,0.59,429.12,2188.80
89602.68337,34,58.00,0.59,212.69,208.80
1199.561603,257,446.00,0.58,2827.14,4281.60
15597.37267,128,220.00,0.58,1691.10,5808.00
21094.16479,394,680.00,0.58,3889.73,20400.00
34523.52836,2491,4278.00,0.58,35574.35,128340.00
37474.06144,57,98.00,0.58,306.30,1411.20
54186.82985,1716,2944.00,0.58,68835.04,21196.80
95354.15986,29,50.00,0.58,209.04,1320.00
17244.61854,604,1052.00,0.57,4167.02,27772.80
18043.66253,18811,33096.00,0.57,140529.15,476582.40
20398.71322,131,228.00,0.57,1425.99,3283.20
23498.26719,1123,1982.00,0.57,32665.19,52324.80
28358.53042,14998,26322.00,0.57,107730.57,789660.00
3551.005172,1012,1780.00,0.57,6585.50,38448.00
4569.760124,1595,2774.00,0.57,64463.69,53260.80
48698.09401,631,1108.00,0.57,14004.20,33240.00
53960.60565,1065,1884.00,0.57,7160.41,56520.00
68144.5966,1076,1884.00,0.57,10832.09,33912.00
77635.18409,2829,4956.00,0.57,25577.93,71366.40
82534.17776,24,42.00,0.57,287.94,604.80
91715.26174,172,300.00,0.57,1520.36,2880.00
94028.81348,501,874.00,0.57,10398.22,8390.40
13835.64099,86,154.00,0.56,497.10,3326.40
21915.70075,28,50.00,0.56,166.01,360.00
21977.15266,10,18.00,0.56,52.10,540.00
33116.19225,3268,5796.00,0.56,42787.57,55641.60
40066.64533,10,18.00,0.56,63.60,324.00
50165.03928,19,34.00,0.56,295.52,734.40
58204.41592,171,308.00,0.56,1142.18,4435.20
60161.15634,867,1536.00,0.56,7147.80,33177.60
63145.95994,64,114.00,0.56,1431.29,410.40
6591.650064,10,18.00,0.56,234.78,129.60
68070.96884,50,90.00,0.56,1380.29,1620.00
79482.93109,3916,7034.00,0.56,21842.35,118171.20
81501.09753,146,260.00,0.56,13690.56,4680.00
84102.45845,10,18.00,0.56,260.57,475.20
93725.9732,140,252.00,0.56,2698.00,1814.40
9526.482248,296,526.00,0.56,2252.41,13886.40
96538.87718,132,236.00,0.56,2381.63,4248.00
99578.02335,10,18.00,0.56,1536.22,388.80
1258.781429,218,398.00,0.55,1391.76,8596.80
14606.23724,263,478.00,0.55,3354.98,12619.20
21691.1655,41024,74014.00,0.55,310793.66,1065801.60
34704.75954,200,364.00,0.55,1362.79,5241.60
4179.736314,546,996.00,0.55,11703.55,7171.20
43580.49714,45,82.00,0.55,270.58,2164.80
56336.00866,2210,3986.00,0.55,14472.65,119580.00
58470.64716,23,42.00,0.55,1195.02,453.60
72831.12371,32,58.00,0.55,206.70,1740.00
80109.94767,3193,5764.00,0.55,27367.10,41500.80
92382.50898,174,316.00,0.55,1009.01,5688.00
95063.5017,2042,3688.00,0.55,34018.64,17702.40
97640.65862,36,66.00,0.55,207.77,1267.20
12445.2829,92,170.00,0.54,1062.87,2448.00
26341.18401,3585,6598.00,0.54,25751.26,31670.40
33690.34864,182,340.00,0.54,3236.48,4896.00
46978.24183,351,656.00,0.54,30222.19,14169.60
6029.396022,5150,9450.00,0.54,42327.45,181440.00
77925.24545,40,74.00,0.54,1648.49,2220.00
8303.918527,339,632.00,0.54,3079.77,4550.40
88924.53858,44,82.00,0.54,811.53,2164.80
95126.42502,27,50.00,0.54,17309.02,900.00
12707.54855,139,260.00,0.53,1229.85,2496.00
19501.29949,137,260.00,0.53,845.09,1872.00
23411.41891,391,736.00,0.53,3291.46,3532.80
34117.21829,18,34.00,0.53,90.72,734.40
35399.65831,48,90.00,0.53,772.05,648.00
40406.70397,296,558.00,0.53,11817.38,8035.20
42508.60461,143,268.00,0.53,14234.42,1929.60
42965.73643,73,138.00,0.53,816.69,2318.40
49937.31222,1630,3098.00,0.53,12530.52,44611.20
53890.45119,39,74.00,0.53,1039.35,799.20
56625.98059,495,930.00,0.53,7893.83,17856.00
59196.26073,18,34.00,0.53,264.13,367.20
67332.30068,1096,2054.00,0.53,99239.78,34507.20
72632.12152,8687,16386.00,0.53,92697.53,117979.20
96539.69681,426,810.00,0.53,5855.36,14580.00
17700.07071,198,380.00,0.52,1255.78,5472.00
20851.90804,43,82.00,0.52,437.35,1377.60
24480.71311,143,276.00,0.52,2280.99,4968.00
28.25267997,477,922.00,0.52,3574.45,24340.80
32381.69299,43,82.00,0.52,457.12,1180.80
55042.65347,72,138.00,0.52,797.79,2318.40
56397.93765,301,574.00,0.52,1606.77,9643.20
57414.41086,110,212.00,0.52,1115.26,3052.80
59404.98731,22,42.00,0.52,191.81,756.00
73387.0324,88,170.00,0.52,996.76,3672.00
82289.6548,255,486.00,0.52,3536.25,9331.20
93176.32465,563,1092.00,0.52,10480.79,32760.00
98629.22568,3853,7454.00,0.52,30471.41,143116.80
11965.10355,50,98.00,0.51,436.64,2116.80
13539.16641,105,204.00,0.51,9081.31,3672.00
23915.89994,71,138.00,0.51,792.92,1987.20
2394.595154,379,736.00,0.51,3982.29,22080.00
37199.40082,352,688.00,0.51,3658.66,12384.00
3872.530019,1124,2200.00,0.51,8116.02,15840.00
39928.92215,66,130.00,0.51,469.54,1248.00
46105.6719,129,252.00,0.51,1543.72,5443.20
51747.62584,71,138.00,0.51,785.59,2318.40
54050.97542,117,228.00,0.51,1756.18,6019.20
60158.7279,71,138.00,0.51,798.36,3643.20
64325.68991,70,138.00,0.51,825.16,662.40
65657.65403,1042,2038.00,0.51,5435.56,53803.20
7137.726453,1223,2410.00,0.51,6440.20,63624.00
72252.52323,42,82.00,0.51,582.31,885.60
72433.88595,4272,8328.00,0.51,40204.02,139910.40
82812.70332,70,138.00,0.51,820.70,1324.80
86459.93995,70,138.00,0.51,820.96,1987.20
86600.20453,1368,2692.00,0.51,17410.16,48456.00
8766.781667,70,138.00,0.51,784.24,1987.20
87814.61072,149,292.00,0.51,1499.80,2803.20
90687.4663,2777,5450.00,0.51,26664.98,19620.00
11568.84245,13,26.00,0.50,81.02,686.40
28643.91352,5,10.00,0.50,27.94,264.00
32008.61935,5,10.00,0.50,43.00,96.00
34243.07841,13,26.00,0.50,1739.13,249.60
34756.29703,9,18.00,0.50,64.35,259.20
36898.13304,69,138.00,0.50,47771.29,1324.80
38559.74417,5,10.00,0.50,68.30,96.00
38771.24903,5,10.00,0.50,2975.38,180.00
43831.07434,5,10.00,0.50,63.87,48.00
46840.29979,5,10.00,0.50,152.03,144.00
52870.46568,5,10.00,0.50,86.78,264.00
5869.593443,9,18.00,0.50,239.57,302.40
58772.38551,5,10.00,0.50,69.20,216.00
61146.71844,5,10.00,0.50,36.21,144.00
64747.20442,41,82.00,0.50,25017.47,2460.00
67013.58459,5,10.00,0.50,30.16,144.00
67635.93921,9,18.00,0.50,50.18,388.80
76540.99113,231,462.00,0.50,6833.06,9979.20
79757.16542,5,10.00,0.50,99.41,96.00
82315.40602,1903,3824.00,0.50,17484.47,55065.60
84042.99035,205,406.00,0.50,1133.10,6820.80
86427.24351,5,10.00,0.50,29.74,216.00
89604.23049,13,26.00,0.50,104.28,499.20
89858.93272,41,82.00,0.50,1591.78,787.20
9166.740085,33,66.00,0.50,541.60,633.60
93757.32748,2515,5046.00,0.50,35739.57,96883.20
99367.07905,9,18.00,0.50,206.54,259.20
3015.299583,100,204.00,0.49,587.55,5385.60
40586.17221,6510,13356.00,0.49,89260.97,400680.00
56592.45296,107,220.00,0.49,1216.49,5808.00
16747.70499,2113,4430.00,0.48,37143.53,31896.00
18112.22332,4093,8514.00,0.48,29621.55,255420.00
4154.608702,137,284.00,0.48,802.21,2044.80
51079.91694,81,170.00,0.48,991.06,2856.00
59233.22299,20,42.00,0.48,144.98,907.20
62012.31696,842,1772.00,0.48,5865.22,38275.20
63660.10815,205,430.00,0.48,1433.09,12900.00
66926.05819,294,608.00,0.48,4375.97,18240.00
81553.46788,435,898.00,0.48,6335.20,3232.80
90821.50073,70,146.00,0.48,447.37,2628.00
92629.19002,129,268.00,0.48,1266.95,1286.40
94452.9786,335,704.00,0.48,3909.57,18585.60
15253.35954,173,372.00,0.47,3928.20,9820.80
16008.34214,9519,20242.00,0.47,225666.09,534388.80
18596.89763,3240,6904.00,0.47,30713.07,149126.40
19661.95471,810,1738.00,0.47,18236.39,16684.80
21988.10598,151,324.00,0.47,8678.59,1555.20
22511.99721,23621,50200.00,0.47,167861.13,481920.00
35617.26411,3336,7122.00,0.47,149293.10,188020.80
38742.02771,663,1400.00,0.47,5510.76,6720.00
61623.30086,1442,3064.00,0.47,19871.12,22060.80
66245.92726,344,736.00,0.47,13286.32,10598.40
66633.48938,16,34.00,0.47,2288.61,734.40
70461.63002,50,106.00,0.47,327.99,2798.40
87190.2062,730,1554.00,0.47,32884.62,27972.00
89405.80703,35,74.00,0.47,428.24,1598.40
92222.6744,598,1270.00,0.47,6258.37,27432.00
93600.17132,1291,2758.00,0.47,7850.77,13238.40
13116.39256,63,138.00,0.46,1580.06,2980.80
2838.435689,12,26.00,0.46,245.51,374.40
33414.02194,2619,5732.00,0.46,22841.06,41270.40
38621.46053,23,50.00,0.46,275.16,360.00
39287.16927,595,1302.00,0.46,6167.06,21873.60
45713.31833,12,26.00,0.46,130.91,468.00
50262.8849,86,186.00,0.46,1491.86,4910.40
53493.12248,222,486.00,0.46,2565.14,10497.60
59027.20799,12,26.00,0.46,296.37,686.40
6170.814283,78,170.00,0.46,1403.66,2448.00
69878.49921,38,82.00,0.46,263.42,1476.00
69905.31937,12,26.00,0.46,92.33,187.20
70982.74714,132,284.00,0.46,1396.74,7497.60
30805.18253,1203,2644.00,0.45,7702.45,79320.00
44090.41583,3200,7050.00,0.45,39594.31,186120.00
58114.46097,956,2144.00,0.45,7036.66,30873.60
58828.96152,971,2144.00,0.45,6648.90,23155.20
60330.3787,91,204.00,0.45,1031.90,2937.60
72448.97528,426,946.00,0.45,4642.34,17028.00
81765.22543,1180,2644.00,0.45,8262.20,28555.20
12338.91806,2135,4844.00,0.44,20838.59,104630.40
26362.66432,8,18.00,0.44,268.61,302.40
26543.223,8,18.00,0.44,233.06,388.80
35267.43038,8,18.00,0.44,78.84,345.60
37521.04229,8,18.00,0.44,173.13,540.00
43920.82602,8,18.00,0.44,199.16,388.80
55020.73056,2334,5352.00,0.44,25696.87,77068.80
69917.70123,8,18.00,0.44,555.13,302.40
70111.06583,67,154.00,0.44,752.71,1478.40
84079.24587,40,90.00,0.44,1591.90,1620.00
87895.67422,1011,2304.00,0.44,6623.80,16588.80
8948.118231,8,18.00,0.44,237.16,129.60
91096.30959,180,406.00,0.44,15171.38,3897.60
91788.78777,528,1190.00,0.44,3738.07,8568.00
1365.039104,2694,6282.00,0.43,31962.01,90460.80
14177.70251,69,162.00,0.43,6508.78,2332.80
20237.86945,25,58.00,0.43,1470.33,1252.80
31126.68106,42,98.00,0.43,535.59,940.80
35915.04203,1496,3502.00,0.43,40706.03,63036.00
39789.33265,293,688.00,0.43,2813.91,9907.20
40954.52543,166,390.00,0.43,2330.39,8424.00
44607.35256,287,672.00,0.43,40432.19,17740.80
61579.17586,1186,2766.00,0.43,6626.04,19915.20
64737.50782,126,292.00,0.43,1079.22,5256.00
73887.80966,602,1416.00,0.43,4264.21,42480.00
8120.820974,345,794.00,0.43,3189.03,20961.60
93594.20805,1339,3106.00,0.43,23537.85,52180.80
14077.96811,11,26.00,0.42,1209.19,187.20
14950.11098,17399,40968.00,0.42,142536.03,884908.80
17330.33273,11,26.00,0.42,63.44,561.60
43619.56221,276,664.00,0.42,1669.47,14342.40
44205.04411,74,178.00,0.42,571.14,4699.20
46788.20641,2972,7058.00,0.42,21457.44,50817.60
49341.73825,244,584.00,0.42,1254.75,4204.80
54527.61791,41,98.00,0.42,308.38,1058.40
59649.09941,74857,177324.00,0.42,544249.78,3191832.00
63214.18444,916,2168.00,0.42,5876.82,46828.80
91086.65585,48,114.00,0.42,2851.31,2052.00
93388.69442,11,26.00,0.42,134.06,468.00
93718.02454,1747,4188.00,0.42,15531.62,45230.40
97658.69905,1495,3558.00,0.42,12864.45,25617.60
13701.89066,1136,2774.00,0.41,5908.66,36616.80
14400.80689,57,138.00,0.41,458.56,3643.20
22099.88081,14,34.00,0.41,131.49,489.60
27441.05294,69,170.00,0.41,1202.96,3060.00
43950.98135,14,34.00,0.41,1049.77,244.80
49101.2945,27,66.00,0.41,349.27,950.40
4947.666398,252,608.00,0.41,1445.87,16051.20
52913.96599,194,478.00,0.41,1073.17,3441.60
57581.14754,83,204.00,0.41,500.63,1468.80
57758.83566,47,114.00,0.41,598.45,1231.20
72167.89241,981,2418.00,0.41,19655.70,40622.40
73806.41833,103,252.00,0.41,551.26,4536.00
7908.806989,439,1076.00,0.41,7923.67,19368.00
13316.33142,4,10.00,0.40,105.88,144.00
15696.35309,4,10.00,0.40,35.26,216.00
17003.45786,4,10.00,0.40,30.65,300.00
17682.88126,4,10.00,0.40,341.95,36.00
18382.47986,39924,98614.00,0.40,299388.12,1656715.20
30898.51141,4,10.00,0.40,419.58,168.00
34364.44188,4,10.00,0.40,37.26,96.00
40165.04498,4,10.00,0.40,64.68,108.00
40235.04519,88,220.00,0.40,3935.79,4752.00
44413.41443,4,10.00,0.40,19.31,192.00
46022.17049,20,50.00,0.40,229.83,360.00
48413.09986,4,10.00,0.40,54.52,96.00
53825.93435,4,10.00,0.40,37.60,72.00
57014.25897,4,10.00,0.40,97.36,192.00
58978.24688,4,10.00,0.40,20.23,72.00
60638.94864,4,10.00,0.40,57.28,48.00
63513.44727,3351,8302.00,0.40,27035.06,159398.40
6377.506286,4,10.00,0.40,1040.55,144.00
71993.10907,4,10.00,0.40,1154.87,216.00
74532.16,136,340.00,0.40,829.42,2448.00
75465.74089,92,228.00,0.40,922.67,1094.40
81266.55764,4,10.00,0.40,25.66,264.00
83005.11665,6017,15222.00,0.40,33597.36,328795.20
85525.70369,13658,34082.00,0.40,80378.50,736171.20
86385.28281,218,550.00,0.40,4422.40,11880.00
90924.36709,131,324.00,0.40,1284.88,9720.00
94413.99111,4,10.00,0.40,81.05,264.00
9715.729205,4,10.00,0.40,74.40,108.00
98378.27555,17,42.00,0.40,122.91,1108.80
98395.41806,1418,3534.00,0.40,114227.80,50889.60
14203.87101,446,1148.00,0.39,11750.65,30307.20
19725.13695,292,744.00,0.39,7665.79,13392.00
23247.41692,7,18.00,0.39,90.93,129.60
33552.6275,290,752.00,0.39,21243.11,3609.60
61599.13697,7,18.00,0.39,45.40,388.80
89374.89194,38,98.00,0.39,270.00,2587.20
90981.63034,200,510.00,0.39,4015.47,9180.00
98580.99493,7,18.00,0.39,72.84,194.40
10194.79322,34,90.00,0.38,1181.51,1944.00
1390.773049,16,42.00,0.38,147.32,453.60
14522.11341,13,34.00,0.38,97.67,897.60
15390.4921,270,712.00,0.38,3192.27,10252.80
16643.79319,13,34.00,0.38,76.66,734.40
21539.09202,804,2144.00,0.38,24582.04,30873.60
23114.85959,223,592.00,0.38,1120.49,15628.80
26425.65326,25,66.00,0.38,128.09,1188.00
29759.84406,56,146.00,0.38,1063.90,2102.40
32263.1607,25,66.00,0.38,1017.00,633.60
33429.50256,46,122.00,0.38,1271.42,585.60
36945.24393,136,356.00,0.38,950.20,5126.40
37057.50135,49,130.00,0.38,15885.80,2808.00
40989.98232,243,640.00,0.38,1218.22,4608.00
46611.83305,1729,4512.00,0.38,14068.15,43315.20
51627.95997,1828,4852.00,0.38,13133.86,81513.60
53537.78345,6039,15748.00,0.38,54510.11,56692.80
54483.07648,31,82.00,0.38,406.98,295.20
57416.49581,128,340.00,0.38,1261.59,2448.00
65229.23928,37,98.00,0.38,2531.93,1411.20
67863.27004,1128,2984.00,0.38,6437.65,53712.00
76699.4284,10,26.00,0.38,108.12,436.80
81537.96901,50,130.00,0.38,404.30,2184.00
84047.34263,10,26.00,0.38,69.38,686.40
86267.46835,10,26.00,0.38,71.46,561.60
12710.49911,3840,10436.00,0.37,27403.30,37569.60
28449.61835,200,534.00,0.37,1007.97,9612.00
33510.5229,2773,7568.00,0.37,19773.04,36326.40
3513.799268,33,90.00,0.37,277.80,1296.00
39095.80432,218,592.00,0.37,5583.20,9945.60
54259.55534,58056,156120.00,0.37,392523.44,2810160.00
54977.50853,219,592.00,0.37,63691.01,8524.80
62360.0844,703,1884.00,0.37,14047.64,49737.60
69017.25451,174,470.00,0.37,6955.54,1692.00
7484.962409,208,566.00,0.37,12702.01,8150.40
76461.28919,45,122.00,0.37,1350.99,3220.80
89669.53586,246,664.00,0.37,1768.65,14342.40
95346.79829,564,1520.00,0.37,3360.48,27360.00
19925.59227,100,276.00,0.36,1288.89,1987.20
2080.125369,15,42.00,0.36,144.45,1108.80
29076.92688,5857,16426.00,0.36,43245.84,275956.80
41308.8366,59,162.00,0.36,958.95,3499.20
46724.82287,18,50.00,0.36,99.24,840.00
5409.530584,135,372.00,0.36,2440.10,8035.20
56242.56638,2994,8360.00,0.36,21078.57,140448.00
58091.45501,24,66.00,0.36,147.50,712.80
59279.79637,506,1424.00,0.36,3540.38,23923.20
59302.89808,204,574.00,0.36,1314.91,15153.60
76441.54962,188,526.00,0.36,1257.13,15780.00
88245.07882,1047,2886.00,0.36,7557.11,20779.20
93034.15064,32,90.00,0.36,2381.53,2376.00
93423.30877,222,624.00,0.36,1792.35,10483.20
98043.10893,27,74.00,0.36,198.67,1243.20
10198.98596,4103,11618.00,0.35,29473.20,209124.00
13566.6382,48,138.00,0.35,425.13,993.60
15371.66377,6404,18254.00,0.35,33895.45,350476.80
18136.1648,2144,6210.00,0.35,11892.49,22356.00
29811.36582,114,324.00,0.35,4792.97,5832.00
31119.19079,579,1658.00,0.35,4385.89,43771.20
33231.01826,29,82.00,0.35,293.37,1771.20
40124.79589,12,34.00,0.35,108.66,326.40
41409.2889,10091,29174.00,0.35,75196.85,280070.40
57256.54102,51,146.00,0.35,910.64,1401.60
62403.27701,29,82.00,0.35,1159.47,1771.20
62669.72857,130,372.00,0.35,1380.23,1785.60
70588.49851,1022,2936.00,0.35,8414.68,21139.20
7345.440177,23,66.00,0.35,802.37,1742.40
76289.42711,74,212.00,0.35,1004.26,4579.20
77443.78208,1360,3840.00,0.35,14037.47,36864.00
79282.39564,120,340.00,0.35,1742.94,1632.00
86637.3065,9,26.00,0.35,735.60,187.20
95967.6622,191,542.00,0.35,1347.14,3902.40
9755.440137,2038,5764.00,0.35,113320.11,83001.60
19572.58943,73,212.00,0.34,1087.78,4070.40
26570.05479,14614,43280.00,0.34,110715.50,623232.00
29459.79577,55,162.00,0.34,1014.03,3499.20
30629.55147,6314,18764.00,0.34,97438.91,180134.40
34471.12391,17,50.00,0.34,184.54,900.00
39272.0371,140,414.00,0.34,1619.12,3974.40
41862.31552,92,268.00,0.34,1329.34,1929.60
42518.77956,668,1958.00,0.34,5762.79,58740.00
49927.08482,63,186.00,0.34,1074.88,1785.60
66159.28149,64,186.00,0.34,547.86,1339.20
79805.55301,17,50.00,0.34,174.65,1080.00
92696.22767,1254,3662.00,0.34,13972.58,39549.60
96256.89429,2307,6872.00,0.34,29591.74,98956.80
99761.34426,179,534.00,0.34,900.96,8971.20
10047.9373,133,406.00,0.33,987.85,12180.00
16165.94128,276,826.00,0.33,2240.64,21806.40
18554.01969,6,18.00,0.33,46.69,259.20
30641.93847,32,98.00,0.33,171.18,705.60
39092.32166,118,356.00,0.33,1512.65,6408.00
43081.60824,133,406.00,0.33,976.07,2923.20
53642.5735,3467,10372.00,0.33,37631.75,273820.80
54531.10639,58,178.00,0.33,1765.84,1708.80
62585.84051,349,1068.00,0.33,6950.81,3844.80
65445.767,14,42.00,0.33,112.04,756.00
69222.79091,890,2734.00,0.33,5243.60,39369.60
77672.9379,86,260.00,0.33,1701.69,1872.00
81228.37722,604,1804.00,0.33,21371.86,47625.60
84269.57277,6,18.00,0.33,56.80,388.80
94414.55339,2518,7648.00,0.33,30768.52,229440.00
24320.22778,5494,17194.00,0.32,40566.70,288859.20
25048.87383,2338,7414.00,0.32,16090.94,222420.00
55473.70414,387,1206.00,0.32,3356.71,8683.20
58745.50168,21,66.00,0.32,564.30,1108.80
66104.14713,11,34.00,0.32,129.44,367.20
68005.84706,721,2264.00,0.32,4771.89,48902.40
96657.5001,4817,15020.00,0.32,29513.22,108144.00
99691.56817,8809,27146.00,0.32,62109.29,716654.40
21705.9442,38,122.00,0.31,2788.60,1756.80
47789.22905,8,26.00,0.31,73.97,187.20
5477.944621,13,42.00,0.31,351.28,1108.80
56443.5394,3546,11408.00,0.31,26586.93,109516.80
58772.0459,8,26.00,0.31,48.02,436.80
65391.11999,436,1408.00,0.31,2486.00,25344.00
76066.21819,197,632.00,0.31,3754.39,2275.20
79018.36345,8,26.00,0.31,51.27,686.40
81582.05838,13,42.00,0.31,369.21,453.60
82028.90622,144,462.00,0.31,961.45,6652.80
8379.849283,52,170.00,0.31,1415.78,2448.00
1912.492979,15,50.00,0.30,145.25,1500.00
19715.918,3,10.00,0.30,81.67,264.00
19739.63902,3,10.00,0.30,64.12,264.00
25223.15719,98,332.00,0.30,876.37,3585.60
26011.98886,3,10.00,0.30,60.10,108.00
28756.86246,53,178.00,0.30,1064.05,2990.40
28952.46873,185,608.00,0.30,1166.06,4377.60
29982.57199,32,106.00,0.30,247.04,381.60
31911.81543,3,10.00,0.30,44.07,216.00
31914.83882,3,10.00,0.30,16.17,144.00
33661.78504,131,438.00,0.30,869.30,6307.20
34296.63758,15,50.00,0.30,153.97,1080.00
35565.33108,840,2774.00,0.30,4450.71,59918.40
38731.46507,3,10.00,0.30,34.19,216.00
47556.58701,3,10.00,0.30,308.32,180.00
47951.68833,1795,5974.00,0.30,46210.46,107532.00
48754.45583,3,10.00,0.30,1178.04,96.00
56366.72822,3,10.00,0.30,296.97,72.00
57244.61443,3,10.00,0.30,566.32,168.00
620.6222247,3,10.00,0.30,26.04,216.00
64530.52671,3,10.00,0.30,62.38,96.00
7120.092627,3,10.00,0.30,17.25,216.00
73991.93826,3,10.00,0.30,30.71,300.00
77284.04906,3,10.00,0.30,30.67,144.00
83000.8256,22,74.00,0.30,535.79,799.20
98390.26878,3,10.00,0.30,18.93,144.00
14387.29467,10,34.00,0.29,88.20,489.60
24970.73488,10,34.00,0.29,59.15,244.80
34368.34819,10,34.00,0.29,93.79,897.60
43598.46964,17,58.00,0.29,1545.23,1740.00
472.5036415,10,34.00,0.29,67.05,489.60
51368.02512,31,106.00,0.29,340.88,1526.40
63934.82728,49,170.00,0.29,387.46,3672.00
7222.37229,10,34.00,0.29,80.53,1020.00
73377.32315,10,34.00,0.29,78.79,244.80
82265.2851,33,114.00,0.29,210.78,1094.40
93398.35281,19,66.00,0.29,123.37,475.20
99727.35474,10,34.00,0.29,79.47,897.60
1438.094411,5,18.00,0.28,25.93,540.00
21391.12157,88,316.00,0.28,1091.70,8342.40
29275.11571,114,406.00,0.28,1139.19,12180.00
29651.51183,5,18.00,0.28,265.54,388.80
30529.13663,30,106.00,0.28,2423.20,381.60
32116.59585,79,284.00,0.28,1347.18,8520.00
36272.20584,63816,229786.00,0.28,334335.46,6066350.40
42528.76975,80,284.00,0.28,1189.46,2726.40
48155.2649,5,18.00,0.28,56.82,540.00
52153.34181,14,50.00,0.28,407.98,720.00
62578.56097,27,98.00,0.28,167.43,1411.20
65377.15408,846,3056.00,0.28,16197.46,29337.60
86262.20054,16,58.00,0.28,108.27,1740.00
95060.09803,481,1714.00,0.28,8031.64,37022.40
22916.56386,1858,6986.00,0.27,47239.85,125748.00
24990.97608,7,26.00,0.27,202.46,561.60
25506.41763,67,244.00,0.27,1129.80,7320.00
33850.33114,116,422.00,0.27,1221.86,11140.80
36904.67378,26,98.00,0.27,133.50,2116.80
42177.39672,824,3056.00,0.27,19900.82,33004.80
49628.93981,2961,10954.00,0.27,39604.56,289185.60
59627.68804,22,82.00,0.27,2330.70,590.40
60353.48769,258,946.00,0.27,5944.44,3405.60
64596.80984,2623,9814.00,0.27,16631.92,211982.40
69432.77751,12351,44962.00,0.27,89797.18,647452.80
77808.02707,65,244.00,0.27,1514.64,4099.20
79960.39306,352,1318.00,0.27,3179.27,34795.20
81436.64405,128,470.00,0.27,862.81,3384.00
82235.37377,7,26.00,0.27,66.53,780.00
87232.7768,8482,31494.00,0.27,104126.56,151171.20
89546.99097,259,954.00,0.27,7874.21,18316.80
90839.04435,977,3680.00,0.27,6315.03,13248.00
91035.61917,53,196.00,0.27,1243.37,705.60
95636.9494,133,494.00,0.27,824.42,8299.20
12609.24309,28,106.00,0.26,1034.12,1908.00
14287.91251,13,50.00,0.26,68.25,840.00
19252.2782,21,82.00,0.26,2332.60,1771.20
24295.59651,13,50.00,0.26,402.36,1080.00
30931.06155,85,324.00,0.26,6070.28,4276.80
35251.07142,13,50.00,0.26,161.37,540.00
4614.838536,9,34.00,0.26,95.59,367.20
48946.68639,17,66.00,0.26,1321.58,475.20
63038.37697,30,114.00,0.26,346.65,3009.60
67602.561,56,212.00,0.26,772.72,3816.00
68540.27611,17,66.00,0.26,166.72,475.20
75128.79596,2286,8708.00,0.26,12787.98,83596.80
80434.7921,103,398.00,0.26,562.03,2865.60
80557.19668,15,58.00,0.26,202.78,556.80
87706.61221,1982,7608.00,0.26,14235.73,73036.80
88893.99833,2776,10874.00,0.26,43223.23,287073.60
2809.055866,26,106.00,0.25,1107.33,1017.60
56881.87625,56,220.00,0.25,469.76,3960.00
63307.53543,72,292.00,0.25,1135.83,4905.60
14082.8658,24,98.00,0.24,141.68,705.60
18407.77463,10,42.00,0.24,89.63,705.60
3131.117452,16,66.00,0.24,151.13,1425.60
32963.11452,10,42.00,0.24,78.04,1108.80
33926.56945,22,90.00,0.24,261.68,2700.00
4773.702864,136,574.00,0.24,946.13,8265.60
54983.43548,18,74.00,0.24,187.81,710.40
59822.64397,8,34.00,0.24,101.32,652.80
60925.83975,18,74.00,0.24,160.67,355.20
63410.09885,29,122.00,0.24,3027.67,2196.00
76184.56936,8,34.00,0.24,99.90,489.60
7788.562856,10,42.00,0.24,159.43,756.00
81820.50532,3470,14292.00,0.24,24579.92,51451.20
88499.43008,48,204.00,0.24,259.74,6120.00
93675.6505,8,34.00,0.24,113.33,652.80
9459.675836,152,640.00,0.24,953.13,16896.00
97384.75969,12,50.00,0.24,106.00,840.00
97465.78026,37,154.00,0.24,457.38,2217.60
11938.60819,2993,13032.00,0.23,91059.93,187660.80
29408.85344,15,66.00,0.23,442.41,1425.60
35927.35771,794,3476.00,0.23,5501.51,58396.80
36637.88988,6,26.00,0.23,41.02,374.40
38342.23635,664,2894.00,0.23,3889.55,20836.80
43704.71123,424,1868.00,0.23,4419.93,13449.60
48497.52952,19,82.00,0.23,1038.71,1377.60
50930.93379,72,316.00,0.23,556.66,2275.20
66171.33683,61,268.00,0.23,1397.61,2572.80
80866.55668,6,26.00,0.23,49.19,468.00
96362.12156,172,744.00,0.23,1713.18,12499.20
98191.86268,6,26.00,0.23,33.07,187.20
10448.96367,884,4100.00,0.22,6337.23,39360.00
12151.20378,11,50.00,0.22,1067.26,1500.00
16763.75203,4,18.00,0.22,52.90,86.40
18223.462,4,18.00,0.22,20.59,324.00
18282.02917,4,18.00,0.22,39.26,324.00
27512.51028,4,18.00,0.22,34.91,302.40
34924.93689,3247,14512.00,0.22,28623.44,383116.80
41610.36305,16,74.00,0.22,140.39,799.20
43037.22453,4,18.00,0.22,36.75,302.40
51278.72571,4,18.00,0.22,45.74,259.20
66054.84358,4,18.00,0.22,44.59,475.20
68318.78866,29,130.00,0.22,259.25,2184.00
71829.76937,2894,13104.00,0.22,48070.34,235872.00
72973.15103,4,18.00,0.22,26.89,259.20
78535.81499,4,18.00,0.22,42.94,129.60
81043.20569,41,186.00,0.22,5451.47,1785.60
89304.32349,4,18.00,0.22,44.04,345.60
92433.65716,4,18.00,0.22,20.27,540.00
9888.345393,20,90.00,0.22,170.02,1512.00
18814.27596,7,34.00,0.21,51.46,734.40
41010.12339,201,972.00,0.21,1129.53,16329.60
42720.38638,245,1148.00,0.21,6620.52,5510.40
47576.20262,26,122.00,0.21,1108.65,1317.60
81114.43459,9,42.00,0.21,1083.73,907.20
96698.57672,79,380.00,0.21,1397.29,2736.00
10529.6734,2,10.00,0.20,15.19,264.00
11634.3914,2,10.00,0.20,10.31,72.00
13083.50333,10,50.00,0.20,70.29,900.00
14561.62588,2,10.00,0.20,50.61,300.00
17918.84121,2,10.00,0.20,1484.21,144.00
19294.75574,10,50.00,0.20,123.20,1500.00
20232.45783,15,74.00,0.20,125.71,532.80
23375.12566,2,10.00,0.20,80.40,180.00
24479.56596,2,10.00,0.20,41.27,96.00
30292.65585,2,10.00,0.20,10.19,180.00
31580.12914,234,1166.00,0.20,3540.96,34980.00
32713.08559,2,10.00,0.20,27.43,300.00
34071.13627,2,10.00,0.20,60.76,108.00
35470.91724,15,74.00,0.20,181.14,532.80
36540.19919,13,66.00,0.20,68.22,1742.40
38508.48056,2,10.00,0.20,37.70,144.00
38520.56874,2,10.00,0.20,92.21,216.00
39358.36771,2,10.00,0.20,12.17,144.00
4089.249082,2,10.00,0.20,56.95,168.00
43781.96218,253,1262.00,0.20,1605.53,13629.60
48407.04413,10,50.00,0.20,54.60,360.00
49867.48071,2,10.00,0.20,25.61,36.00
50997.24849,2,10.00,0.20,172.78,300.00
55482.66358,2,10.00,0.20,132.57,180.00
57529.21552,39,196.00,0.20,1199.53,3292.80
59728.2109,2,10.00,0.20,8.47,36.00
60386.38837,25,122.00,0.20,2380.10,2342.40
61807.91734,2,10.00,0.20,53.21,168.00
62848.09046,75,372.00,0.20,569.43,9820.80
64312.54785,2,10.00,0.20,14.77,180.00
64933.26732,2,10.00,0.20,10.19,264.00
66097.56463,2,10.00,0.20,21.60,48.00
6729.404205,2,10.00,0.20,24.57,108.00
7328.011437,2,10.00,0.20,31.90,72.00
73648.21102,2,10.00,0.20,35.72,144.00
76164.66068,2,10.00,0.20,54.68,96.00
7989.807903,60,300.00,0.20,325.72,7920.00
80417.46676,21,106.00,0.20,253.16,1526.40
82987.78397,2,10.00,0.20,38.00,300.00
84231.26987,16,82.00,0.20,401.15,1771.20
84554.93203,2,10.00,0.20,26.57,216.00
88578.74314,145,736.00,0.20,855.55,10598.40
88579.59732,603,2944.00,0.20,4332.75,52992.00
91785.33863,10,50.00,0.20,58.24,180.00
91854.0598,2,10.00,0.20,270.80,144.00
92457.86557,2,10.00,0.20,104.99,96.00
94612.03893,2,10.00,0.20,45.34,96.00
9568.790692,179,914.00,0.20,1310.58,13161.60
18962.5671,126,672.00,0.19,1120.12,7257.60
19029.92505,5,26.00,0.19,108.53,187.20
2199.098984,14,74.00,0.19,111.91,1953.60
26378.62985,5,26.00,0.19,47.98,561.60
27235.48519,5,26.00,0.19,88.82,468.00
3757.355247,533,2798.00,0.19,6655.34,83940.00
40644.05282,8,42.00,0.19,71.17,806.40
44624.30577,35,186.00,0.19,272.54,3124.80
47774.47444,5,26.00,0.19,81.59,436.80
66951.12366,42,220.00,0.19,311.36,2112.00
70828.31315,11,58.00,0.19,96.62,417.60
71873.54123,26,138.00,0.19,167.59,2980.80
76649.33972,5,26.00,0.19,32.23,436.80
77655.76465,14,74.00,0.19,287.70,1598.40
78912.73121,5,26.00,0.19,437.37,187.20
85728.69329,25,130.00,0.19,194.46,1248.00
86793.40418,5,26.00,0.19,56.65,780.00
16821.95714,15,82.00,0.18,173.91,590.40
21392.91957,196,1076.00,0.18,1674.41,23241.60
30492.923,23,130.00,0.18,219.35,2184.00
31340.14649,6,34.00,0.18,65.04,897.60
4336.412388,6,34.00,0.18,74.93,163.20
43993.27283,6,34.00,0.18,544.66,734.40
44081.15571,9,50.00,0.18,179.77,1320.00
50290.72633,306,1722.00,0.18,9841.46,51660.00
55467.27121,15,82.00,0.18,175.57,590.40
60451.34082,6,34.00,0.18,355.59,897.60
64151.56084,18,98.00,0.18,114.98,2587.20
7029.358676,234,1334.00,0.18,1692.89,25612.80
78261.5522,6,34.00,0.18,73.00,244.80
81592.47126,161,914.00,0.18,1453.42,3290.40
89943.6597,6,34.00,0.18,70.32,244.80
915.1744482,431,2362.00,0.18,7028.54,51019.20
14220.41262,56,332.00,0.17,541.46,8764.80
14959.28489,3,18.00,0.17,94.85,129.60
1610.023411,3,18.00,0.17,29.51,345.60
21901.57739,11,66.00,0.17,61.07,1188.00
25454.28311,14,82.00,0.17,128.37,1377.60
26059.3633,17,98.00,0.17,129.25,940.80
2813.969934,11,66.00,0.17,236.06,237.60
28439.44014,3,18.00,0.17,58.47,388.80
43497.30661,19,114.00,0.17,224.70,1641.60
44410.82251,1135,6694.00,0.17,37132.24,96393.60
57719.39021,3,18.00,0.17,142.26,475.20
58730.32383,3,18.00,0.17,27.64,324.00
61513.44926,93,542.00,0.17,2256.84,16260.00
62925.39261,3,18.00,0.17,28.00,64.80
65537.65773,563,3396.00,0.17,3281.04,61128.00
70857.37247,10,58.00,0.17,242.70,556.80
7168.284088,158,914.00,0.17,3487.39,15355.20
76253.80621,31,178.00,0.17,426.85,1281.60
85652.9908,7,42.00,0.17,269.61,705.60
88147.35741,3,18.00,0.17,67.37,129.60
90520.7083,135,810.00,0.17,1226.40,15552.00
92397.65944,7,42.00,0.17,66.04,302.40
98206.36746,3,18.00,0.17,67.08,129.60
99155.5808,3981,24058.00,0.17,19966.35,635131.20
14288.30803,17,106.00,0.16,303.89,1780.80
16190.15576,9,58.00,0.16,339.69,1740.00
19941.46742,65,414.00,0.16,552.90,5961.60
26840.76943,12,74.00,0.16,149.80,1953.60
38791.91313,500,3194.00,0.16,2856.41,30662.40
39637.39026,24,146.00,0.16,782.74,3854.40
42911.57872,116,744.00,0.16,744.58,5356.80
44289.2047,42,268.00,0.16,521.11,3859.20
63670.75083,38,244.00,0.16,239.94,5270.40
72201.46064,633,4034.00,0.16,4209.98,58089.60
81938.12884,156,1004.00,0.16,1457.65,7228.80
98708.20039,86,542.00,0.16,514.85,9756.00
13433.72832,4,26.00,0.15,22.76,249.60
24189.22483,4,26.00,0.15,132.85,780.00
27165.81733,5,34.00,0.15,146.46,1020.00
38944.51883,25,170.00,0.15,380.01,4488.00
40785.58375,25,162.00,0.15,2246.65,1166.40
42076.92509,3399,21988.00,0.15,111239.64,158313.60
52640.43787,96,624.00,0.15,719.83,16473.60
5762.614267,180,1190.00,0.15,3444.26,19992.00
62746.01188,4,26.00,0.15,53.69,780.00
76756.87989,4,26.00,0.15,115.31,780.00
9615.943625,4,26.00,0.15,147.42,468.00
98292.19693,98,648.00,0.15,8127.21,19440.00
12533.72729,6,42.00,0.14,456.29,1108.80
19447.59679,8,58.00,0.14,735.04,626.40
29642.6408,56,414.00,0.14,1215.24,4471.20
37503.0496,7,50.00,0.14,542.79,720.00
38857.4034,9,66.00,0.14,82.24,1108.80
40053.72223,47,340.00,0.14,882.94,2448.00
43160.03555,191,1408.00,0.14,1203.42,37171.20
55477.94926,14,98.00,0.14,108.49,705.60
63748.76854,8,58.00,0.14,273.50,208.80
64862.27061,55,380.00,0.14,3373.53,8208.00
80233.63754,524,3816.00,0.14,5720.45,100742.40
12512.44766,533,4092.00,0.13,4044.95,39283.20
2037.852636,24,186.00,0.13,1373.28,4910.40
60478.8553,975,7640.00,0.13,7079.00,165024.00
64524.54055,27,204.00,0.13,159.37,3427.20
82525.33971,321,2482.00,0.13,2539.60,53611.20
97672.2991,812,6396.00,0.13,5591.79,168854.40
98215.01082,33,260.00,0.13,1110.26,4992.00
10644.09722,1711,13880.00,0.12,12803.25,299808.00
12912.21779,117,1012.00,0.12,985.19,19430.40
18262.6529,4,34.00,0.12,81.15,612.00
19058.81913,112,946.00,0.12,1474.32,28380.00
23279.88664,207,1674.00,0.12,140154.28,36158.40
32256.65625,9,74.00,0.12,235.74,2220.00
41888.4039,209,1730.00,0.12,2255.74,8304.00
41997.10601,551,4650.00,0.12,3253.61,100440.00
63104.85832,61,494.00,0.12,2221.10,13041.60
65498.0716,4,34.00,0.12,183.03,326.40
67616.65104,4,34.00,0.12,275.69,244.80
76619.94459,3,26.00,0.12,84.45,499.20
87576.31826,117,946.00,0.12,1162.82,28380.00
92084.2001,3,26.00,0.12,475.27,280.80
93549.10259,4,34.00,0.12,412.26,897.60
98139.37454,3,26.00,0.12,168.84,686.40
1132.416829,2,18.00,0.11,600.69,259.20
14719.85298,2,18.00,0.11,41.67,475.20
18495.56854,2,18.00,0.11,26.10,129.60
21448.01887,2,18.00,0.11,51.68,259.20
21917.13829,2,18.00,0.11,119.72,259.20
26415.88208,76,704.00,0.11,1039.01,5068.80
32462.07942,108,954.00,0.11,2365.59,28620.00
35673.96558,2,18.00,0.11,107.12,388.80
36027.65259,93,874.00,0.11,1574.48,23073.60
46174.19704,253,2240.00,0.11,160463.20,48384.00
55583.32874,81,752.00,0.11,1183.13,8121.60
56666.55127,98,890.00,0.11,3013.06,16020.00
63005.95015,105,946.00,0.11,1503.67,9081.60
88000.72498,2,18.00,0.11,16.98,345.60
90957.94537,2,18.00,0.11,54.84,388.80
94901.17871,2,18.00,0.11,294.66,172.80
10159.67823,1,10.00,0.10,27.94,216.00
10401.57273,1,10.00,0.10,35.34,48.00
13514.24028,1,10.00,0.10,76.98,72.00
15199.53512,1,10.00,0.10,27.61,168.00
19063.58305,1,10.00,0.10,6.70,216.00
20079.17189,1,10.00,0.10,28.60,168.00
22636.42443,1,10.00,0.10,309.93,96.00
29174.32198,1,10.00,0.10,38.30,96.00
31118.55338,6,58.00,0.10,32.07,417.60
336.8691995,1,10.00,0.10,43.09,168.00
36569.78261,1,10.00,0.10,6.25,216.00
36888.23023,1,10.00,0.10,34.92,96.00
4141.507253,1,10.00,0.10,24.43,144.00
41592.17978,1,10.00,0.10,67.87,72.00
48521.12752,1,10.00,0.10,116.79,72.00
52859.72379,1,10.00,0.10,6.37,216.00
55930.93798,1,10.00,0.10,8.10,300.00
56400.75485,1,10.00,0.10,540.96,144.00
691.0125995,1,10.00,0.10,4.05,192.00
69438.25951,1,10.00,0.10,47.87,264.00
69939.65533,52,526.00,0.10,562.91,1893.60
75977.31324,1,10.00,0.10,39.63,72.00
76995.05268,1,10.00,0.10,3.86,264.00
78354.19965,1,10.00,0.10,38.87,300.00
78905.07537,10,98.00,0.10,88.25,705.60
85486.23537,1,10.00,0.10,11.90,72.00
87621.46342,14,138.00,0.10,149.59,1987.20
89743.47696,4,42.00,0.10,97.78,302.40
90821.14854,1575,16354.00,0.10,11937.00,78499.20
91775.97226,1,10.00,0.10,39.09,72.00
95932.29197,5,50.00,0.10,31.03,1500.00
96559.89403,1,10.00,0.10,19.65,72.00
97265.62288,1,10.00,0.10,27.19,180.00
9969.623746,1,10.00,0.10,5.46,216.00
25214.94662,113,1206.00,0.09,1004.18,4341.60
28071.43638,66,704.00,0.09,1758.49,10137.60
30587.57995,10,114.00,0.09,277.03,1641.60
3557.786413,596,6606.00,0.09,13541.00,31708.80
42687.20778,20,220.00,0.09,1238.13,1584.00
45879.09284,5,58.00,0.09,43.03,1113.60
51679.80795,18,204.00,0.09,240.90,1468.80
5742.090902,1352,15676.00,0.09,41129.99,282168.00
70551.67392,295,3194.00,0.09,3134.09,57492.00
86221.78178,15,170.00,0.09,90.13,1836.00
2890.793752,6,74.00,0.08,431.29,532.80
30410.16398,2,26.00,0.08,10.99,374.40
36565.19569,2,26.00,0.08,26.04,468.00
50685.29326,16,196.00,0.08,224.08,2822.40
67689.42493,1435,17236.00,0.08,32969.82,248198.40
90388.28803,122,1488.00,0.08,1063.51,5356.80
95065.28913,8,98.00,0.08,224.96,2116.80
4511.179675,4,58.00,0.07,85.04,1252.80
82248.32662,4,58.00,0.07,3945.17,278.40
24401.95087,16,276.00,0.06,201.62,7286.40
30363.57703,1,18.00,0.06,21.75,540.00
50727.27312,12,204.00,0.06,2541.26,3916.80
50888.71464,1,18.00,0.06,17.18,259.20
55607.84764,1,18.00,0.06,47.88,172.80
5955.445524,309,5166.00,0.06,5217.52,37195.20
69218.28128,1,18.00,0.06,117.54,194.40
7170.446972,127,2062.00,0.06,743.09,14846.40
76090.04432,6,98.00,0.06,89.61,1058.40
84472.29913,55,874.00,0.06,2452.08,6292.80
89175.46102,18,292.00,0.06,1151.19,2102.40
56878.11327,8,146.00,0.05,319.51,2452.80
61494.19702,46,890.00,0.05,738.73,17088.00
72009.44844,4,74.00,0.05,47.85,2220.00
83101.39768,2,42.00,0.05,136.33,604.80
37034.59859,20,494.00,0.04,262.46,3556.80
40362.31439,1,26.00,0.04,47.07,187.20
464.3319328,1,26.00,0.04,63.27,187.20
68332.61741,4,90.00,0.04,34.41,972.00
7595.552357,8,186.00,0.04,306.50,2678.40
80344.90305,8,186.00,0.04,91.26,1785.60
91970.25303,42,962.00,0.04,2439.83,25396.80
97900.13584,7,186.00,0.04,64.22,3348.00
12028.39964,1,34.00,0.03,24.84,652.80
23693.3684,2,66.00,0.03,75.53,1108.80
26008.68048,4,122.00,0.03,24.58,3220.80
34249.81368,1,34.00,0.03,168.71,244.80
43822.25836,27,914.00,0.03,288.98,19742.40
48705.02696,1,34.00,0.03,6.61,244.80
50337.76968,10,332.00,0.03,113.14,8764.80
50881.52299,1,34.00,0.03,174.25,244.80
65825.06061,15,526.00,0.03,229.09,8836.80
39885.56665,43,2596.00,0.02,1485.68,37382.40
57066.9144,725,35278.00,0.02,4533.63,169334.40
67997.98926,12,736.00,0.02,1366.10,22080.00
83455.34766,1,42.00,0.02,103.97,806.40
15171.17002,0,10.00,0.00,11.24,144.00
20058.57596,0,10.00,0.00,45.03,144.00
20920.7648,0,10.00,0.00,17.65,144.00
21326.32163,0,10.00,0.00,8.14,264.00
38.49898826,0,18.00,0.00,129.93,540.00
41123.51408,0,10.00,0.00,6.01,264.00
41393.25239,0,10.00,0.00,41.01,72.00
7728.237731,0,10.00,0.00,15.03,180.00
90461.4167,0,10.00,0.00,40.48,192.00
