sku,inventory_units_on_hand,projected_average_monthly_demand,months_of_inventory_coverage,reorder_point,lead_time_days,on_hand_stock_value
15171.17002,0,12.00,0.00,0.88,2,11.24
20058.57596,0,12.00,0.00,0.44,1,45.03
20920.7648,0,12.00,0.00,1.40,3,17.65
21326.32163,0,22.00,0.00,2.49,3,8.14
38.49898826,0,45.00,0.00,3.29,2,129.93
41123.51408,0,22.00,0.00,2.41,3,6.01
41393.25239,0,6.00,0.00,0.22,1,41.01
7728.237731,0,15.00,0.00,1.10,2,15.03
90461.4167,0,16.00,0.00,1.17,2,40.48
26008.68048,4,268.40,0.01,19.64,2,24.58
39885.56665,43,3115.20,0.01,126.62,1,1485.68
50337.76968,10,730.40,0.01,53.44,2,113.14
67997.98926,12,1840.00,0.01,134.63,2,1366.10
83455.34766,1,67.20,0.01,4.92,2,103.97
12028.39964,1,54.40,0.02,3.98,2,24.84
23693.3684,2,92.40,0.02,9.80,3,75.53
30363.57703,1,45.00,0.02,9.88,6,21.75
43822.25836,27,1645.20,0.02,171.54,3,288.98
65825.06061,15,736.40,0.02,77.68,3,229.09
72009.44844,4,185.00,0.02,22.22,3,47.85
91970.25303,42,2116.40,0.02,180.65,2,2439.83
24401.95087,16,607.20,0.03,55.28,2,201.62
61494.19702,46,1424.00,0.03,118.65,2,738.73
97900.13584,7,279.00,0.03,29.43,3,64.22
4511.179675,4,104.40,0.04,12.98,3,85.04
50727.27312,12,326.40,0.04,50.68,4,2541.26
55930.93798,1,25.00,0.04,7.32,8,8.10
56878.11327,8,204.40,0.04,18.86,2,319.51
7595.552357,8,223.20,0.04,25.72,3,306.50
78354.19965,1,25.00,0.04,2.93,2,38.87
83101.39768,2,50.40,0.04,4.26,2,136.33
95932.29197,5,125.00,0.04,27.44,6,31.03
14719.85298,2,39.60,0.05,15.94,11,41.67
19058.81913,112,2365.00,0.05,738.28,8,1474.32
32256.65625,9,185.00,0.05,34.29,4,235.74
32462.07942,108,2385.00,0.05,1090.19,13,2365.59
34249.81368,1,20.40,0.05,2.18,3,168.71
36027.65259,93,1922.80,0.05,468.93,6,1574.48
36565.19569,2,39.00,0.05,8.56,6,26.04
45879.09284,5,92.80,0.05,14.86,4,43.03
48705.02696,1,20.40,0.05,1.49,2,6.61
50881.52299,1,20.40,0.05,1.58,2,174.25
50888.71464,1,21.60,0.05,4.74,6,17.18
57066.9144,725,14111.20,0.05,521.97,1,4533.63
68332.61741,4,81.00,0.05,6.78,2,34.41
69438.25951,1,22.00,0.05,2.71,3,47.87
76995.05268,1,22.00,0.05,3.22,4,3.86
80344.90305,8,148.80,0.05,16.69,3,91.26
87576.31826,117,2365.00,0.05,738.28,8,1162.82
93549.10259,4,74.80,0.05,13.56,4,412.26
95065.28913,8,176.40,0.05,28.97,4,224.96
98139.37454,3,57.20,0.05,25.11,12,168.84
10159.67823,1,18.00,0.06,2.24,3,27.94
12533.72729,6,92.40,0.06,16.05,3,456.29
16190.15576,9,145.00,0.06,79.57,15,339.69
19063.58305,1,18.00,0.06,3.95,6,6.70
2037.852636,24,409.20,0.06,99.80,6,1373.28
24189.22483,4,65.00,0.06,15.12,5,132.85
27165.81733,5,85.00,0.06,14.15,3,146.46
30410.16398,2,31.20,0.06,4.57,4,10.99
35673.96558,2,32.40,0.06,5.90,4,107.12
36569.78261,1,18.00,0.06,3.95,6,6.25
40362.31439,1,15.60,0.06,1.81,3,47.07
43160.03555,191,3097.60,0.06,676.15,6,1203.42
46174.19704,253,4032.00,0.06,3921.35,29,160463.20
464.3319328,1,15.60,0.06,2.85,5,63.27
52859.72379,1,18.00,0.06,3.29,5,6.37
5742.090902,1352,23514.00,0.06,9042.14,11,41129.99
62746.01188,4,65.00,0.06,11.06,3,53.69
63104.85832,61,1086.80,0.06,238.53,5,2221.10
691.0125995,1,16.00,0.06,2.34,4,4.05
69218.28128,1,16.20,0.06,1.40,2,117.54
70551.67392,295,4791.00,0.06,1788.82,11,3134.09
76756.87989,4,65.00,0.06,20.61,8,115.31
80233.63754,524,8395.20,0.06,1851.13,5,5720.45
90957.94537,2,32.40,0.06,13.04,11,54.84
97672.2991,812,14071.20,0.06,2945.47,5,5591.79
98292.19693,98,1620.00,0.06,1901.52,35,8127.21
9969.623746,1,18.00,0.06,2.63,4,5.46
10644.09722,1711,24984.00,0.07,5153.68,5,12803.25
12912.21779,117,1619.20,0.07,310.98,5,985.19
15199.53512,1,14.00,0.07,6.15,12,27.61
20079.17189,1,14.00,0.07,4.10,8,28.60
23279.88664,207,3013.20,0.07,1305.72,13,140154.28
26840.76943,12,162.80,0.07,52.14,8,149.80
30587.57995,10,136.80,0.07,14.90,2,277.03
336.8691995,1,14.00,0.07,4.10,8,43.09
37034.59859,20,296.40,0.07,23.85,2,262.46
38944.51883,25,374.00,0.07,96.22,6,380.01
39637.39026,24,321.20,0.07,73.11,5,782.74
41997.10601,551,8370.00,0.07,1692.55,5,3253.61
50290.72633,306,4305.00,0.07,2070.14,13,9841.46
50685.29326,16,235.20,0.07,45.41,5,224.08
52640.43787,96,1372.80,0.07,291.55,5,719.83
55607.84764,1,14.40,0.07,1.83,3,47.88
56666.55127,98,1335.00,0.07,279.45,5,3013.06
60478.8553,975,13752.00,0.07,3286.77,6,7079.00
61513.44926,93,1355.00,0.07,323.55,5,2256.84
67689.42493,1435,20683.20,0.07,11031.04,16,32969.82
76090.04432,6,88.20,0.07,8.32,2,89.61
76619.94459,3,41.60,0.07,12.18,8,84.45
82525.33971,321,4467.60,0.07,926.11,5,2539.60
88000.72498,2,28.80,0.07,2.98,2,16.98
97265.62288,1,15.00,0.07,4.39,8,27.19
14220.41262,56,730.40,0.08,300.46,11,541.46
14561.62588,2,25.00,0.08,5.97,5,50.61
18262.6529,4,51.00,0.08,6.16,2,81.15
19294.75574,10,125.00,0.08,73.17,16,123.20
28071.43638,66,844.80,0.08,362.63,12,1758.49
31340.14649,6,74.80,0.08,17.86,5,65.04
31580.12914,234,2915.00,0.08,1329.43,12,3540.96
32713.08559,2,25.00,0.08,5.97,5,27.43
3757.355247,533,6995.00,0.08,3207.24,12,6655.34
4141.507253,1,12.00,0.08,1.64,3,24.43
44081.15571,9,110.00,0.08,60.36,15,179.77
50997.24849,2,25.00,0.08,19.21,21,172.78
56400.75485,1,12.00,0.08,2.40,4,540.96
57719.39021,3,39.60,0.08,9.46,5,142.26
60451.34082,6,74.80,0.08,43.78,16,355.59
64151.56084,18,215.60,0.08,51.04,5,114.98
64862.27061,55,684.00,0.08,177.65,6,3373.53
82987.78397,2,25.00,0.08,5.97,5,38.00
86793.40418,5,65.00,0.08,15.52,5,56.65
87621.46342,14,165.60,0.08,23.22,3,149.59
98215.01082,33,416.00,0.08,95.53,5,1110.26
99155.5808,3981,52927.60,0.08,21945.16,12,19966.35
10529.6734,2,22.00,0.09,5.25,5,15.19
1132.416829,2,21.60,0.09,3.07,3,600.69
12151.20378,11,125.00,0.09,128.04,28,1067.26
21448.01887,2,21.60,0.09,8.69,11,51.68
21917.13829,2,21.60,0.09,8.69,11,119.72
2199.098984,14,162.80,0.09,38.87,5,111.91
28439.44014,3,32.40,0.09,18.96,16,58.47
36540.19919,13,145.20,0.09,34.67,5,68.22
62848.09046,75,818.40,0.09,204.56,5,569.43
63670.75083,38,439.20,0.09,96.84,5,239.94
64524.54055,27,285.60,0.09,83.59,8,159.37
64933.26732,2,22.00,0.09,6.44,8,10.19
7989.807903,60,660.00,0.09,157.60,5,325.72
88499.43008,48,510.00,0.09,217.77,11,259.74
92433.65716,4,45.00,0.09,10.75,5,20.27
1610.023411,3,28.80,0.10,6.88,5,29.51
21392.91957,196,1936.80,0.10,509.69,5,1674.41
33926.56945,22,225.00,0.10,68.86,6,261.68
34924.93689,3247,31926.40,0.10,13703.89,11,28623.44
38857.4034,9,92.40,0.10,20.00,5,82.24
43993.27283,6,61.20,0.10,14.61,5,544.66
5955.445524,309,3099.60,0.10,280.94,2,5217.52
66054.84358,4,39.60,0.10,23.18,16,44.59
7170.446972,127,1237.20,0.10,102.08,2,743.09
71873.54123,26,248.40,0.10,66.94,6,167.59
84472.29913,55,524.40,0.10,66.18,3,2452.08
86221.78178,15,153.00,0.10,27.99,5,90.13
89175.46102,18,175.20,0.10,23.50,3,1151.19
90520.7083,135,1296.00,0.10,436.16,8,1226.40
915.1744482,431,4251.60,0.10,1845.74,12,7028.54
9615.943625,4,39.00,0.10,22.83,16,147.42
14288.30803,17,148.40,0.11,39.81,6,303.89
1438.094411,5,45.00,0.11,26.34,16,25.93
18814.27596,7,61.20,0.11,20.50,8,51.46
21901.57739,11,99.00,0.11,28.97,8,61.07
25506.41763,67,610.00,0.11,278.19,11,1129.80
26378.62985,5,46.80,0.11,11.17,5,47.98
29275.11571,114,1015.00,0.11,690.84,17,1139.19
32116.59585,79,710.00,0.11,360.28,11,1347.18
32963.11452,10,92.40,0.11,54.09,16,78.04
38520.56874,2,18.00,0.11,4.72,5,92.21
48155.2649,5,45.00,0.11,26.34,16,56.82
5762.614267,180,1666.00,0.11,234.93,2,3444.26
58730.32383,3,27.00,0.11,10.87,11,27.64
65537.65773,563,5094.00,0.11,1143.92,5,3281.04
7029.358676,234,2134.40,0.11,897.08,11,1692.89
77655.76465,14,133.20,0.11,77.97,16,287.70
82235.37377,7,65.00,0.11,38.05,16,66.53
84231.26987,16,147.60,0.11,37.34,5,401.15
84554.93203,2,18.00,0.11,4.30,5,26.57
86262.20054,16,145.00,0.11,41.55,5,108.27
9459.675836,152,1408.00,0.11,344.78,5,953.13
98708.20039,86,813.00,0.11,181.74,5,514.85
1912.492979,15,125.00,0.12,48.37,8,145.25
25454.28311,14,114.80,0.12,27.41,5,128.37
33850.33114,116,928.40,0.12,384.87,8,1221.86
37503.0496,7,60.00,0.12,11.56,4,542.79
40644.05282,8,67.20,0.12,16.05,5,71.17
43598.46964,17,145.00,0.12,99.48,16,1545.23
49628.93981,2961,24098.80,0.12,19038.72,23,39604.56
55583.32874,81,676.80,0.12,189.68,7,1183.13
63038.37697,30,250.80,0.12,72.62,5,346.65
7168.284088,158,1279.60,0.12,305.54,5,3487.39
7222.37229,10,85.00,0.12,32.47,8,80.53
73991.93826,3,25.00,0.12,10.04,8,30.71
79960.39306,352,2899.60,0.12,744.74,4,3179.27
81114.43459,9,75.60,0.12,37.06,12,1083.73
85652.9908,7,58.80,0.12,14.58,5,269.61
88893.99833,2776,23922.80,0.12,18787.90,23,43223.23
10047.9373,133,1015.00,0.13,381.18,8,987.85
13083.50333,10,75.00,0.13,17.91,5,70.29
19941.46742,65,496.80,0.13,112.57,5,552.90
21391.12157,88,695.20,0.13,456.64,16,1091.70
22636.42443,1,8.00,0.13,1.36,3,309.93
23375.12566,2,15.00,0.13,8.78,16,80.40
25048.87383,2338,18535.00,0.13,8362.15,10,16090.94
27235.48519,5,39.00,0.13,21.40,15,88.82
29174.32198,1,8.00,0.13,2.34,8,38.30
29408.85344,15,118.80,0.13,91.27,21,442.41
30292.65585,2,15.00,0.13,4.39,8,10.19
30492.923,23,182.00,0.13,49.04,6,219.35
3131.117452,16,118.80,0.13,32.47,5,151.13
34368.34819,10,74.80,0.13,28.58,8,93.79
36272.20584,63816,505529.20,0.13,360340.12,21,334335.46
36888.23023,1,8.00,0.13,2.34,8,34.92
44289.2047,42,321.60,0.13,72.87,5,521.11
44624.30577,35,260.40,0.13,62.18,5,272.54
55482.66358,2,15.00,0.13,5.54,8,132.57
60386.38837,25,195.20,0.13,88.15,11,2380.10
64312.54785,2,15.00,0.13,3.89,5,14.77
72201.46064,633,4840.80,0.13,1067.39,5,4209.98
92084.2001,3,23.40,0.13,3.32,3,475.27
94414.55339,2518,19120.00,0.13,10164.86,12,30768.52
99727.35474,10,74.80,0.13,28.58,8,79.47
19252.2782,21,147.60,0.14,43.34,5,2332.60
19715.918,3,22.00,0.14,9.37,8,81.67
19739.63902,3,22.00,0.14,18.51,23,64.12
24295.59651,13,90.00,0.14,55.90,16,402.36
2890.793752,6,44.40,0.14,4.58,2,431.29
4089.249082,2,14.00,0.14,10.76,21,56.95
42518.77956,668,4895.00,0.14,6853.00,42,5762.79
43497.30661,19,136.80,0.14,32.39,5,224.70
44410.82251,1135,8032.80,0.14,3447.95,11,37132.24
47774.47444,5,36.40,0.14,19.97,15,81.59
5477.944621,13,92.40,0.14,29.76,5,351.28
57529.21552,39,274.40,0.14,131.16,12,1199.53
61807.91734,2,14.00,0.14,3.44,4,53.21
63005.95015,105,756.80,0.14,236.25,8,1503.67
76441.54962,188,1315.00,0.14,708.43,11,1257.13
76649.33972,5,36.40,0.14,8.69,5,32.23
79018.36345,8,57.20,0.14,17.14,5,51.27
88579.59732,603,4416.00,0.14,1777.08,11,4332.75
89304.32349,4,28.80,0.14,16.86,16,44.04
94901.17871,2,14.40,0.14,2.62,4,294.66
16165.94128,276,1817.20,0.15,581.57,5,2240.64
18223.462,4,27.00,0.15,6.45,5,20.59
18282.02917,4,27.00,0.15,15.80,16,39.26
19447.59679,8,52.20,0.15,11.40,5,735.04
24990.97608,7,46.80,0.15,18.11,8,202.46
29642.6408,56,372.60,0.15,45.28,2,1215.24
29651.51183,5,32.40,0.15,20.86,16,265.54
36904.67378,26,176.40,0.15,53.77,6,133.50
41010.12339,201,1360.80,0.15,672.33,13,1129.53
42687.20778,20,132.00,0.15,17.62,3,1238.13
51679.80795,18,122.40,0.15,22.39,5,240.90
53642.5735,3467,22818.40,0.15,12131.06,12,37631.75
59822.64397,8,54.40,0.15,16.38,6,101.32
64596.80984,2623,17665.20,0.15,10454.93,16,16631.92
65498.0716,4,27.20,0.15,7.96,8,183.03
71829.76937,2894,19656.00,0.15,13586.78,19,48070.34
80866.55668,6,39.00,0.15,22.83,16,49.19
81228.37722,604,3968.80,0.15,4997.10,35,21371.86
93675.6505,8,54.40,0.15,15.31,5,113.33
99691.56817,8809,59721.20,0.15,37480.46,16,62109.29
12512.44766,533,3273.60,0.16,678.60,5,4044.95
17003.45786,4,25.00,0.16,11.30,8,30.65
2080.125369,15,92.40,0.16,33.46,6,144.45
27512.51028,4,25.20,0.16,6.71,5,34.91
31119.19079,579,3647.60,0.16,1826.50,11,4385.89
35927.35771,794,4866.40,0.16,2110.57,11,5501.51
43037.22453,4,25.20,0.16,6.68,5,36.75
59302.89808,204,1262.80,0.16,717.52,12,1314.91
63410.09885,29,183.00,0.16,86.32,11,3027.67
63934.82728,49,306.00,0.16,179.11,16,387.46
68318.78866,29,182.00,0.16,106.53,16,259.25
7345.440177,23,145.20,0.16,45.29,5,802.37
7788.562856,10,63.00,0.16,19.59,6,159.43
88578.74314,145,883.20,0.16,201.02,5,855.55
89743.47696,4,25.20,0.16,7.38,8,97.78
90924.36709,131,810.00,0.16,589.96,16,1284.88
93034.15064,32,198.00,0.16,104.90,11,2381.53
95060.09803,481,3085.20,0.16,1670.97,13,8031.64
9568.790692,179,1096.80,0.16,441.37,11,1310.58
9888.345393,20,126.00,0.16,32.90,5,170.02
13514.24028,1,6.00,0.17,1.76,8,76.98
14522.11341,13,74.80,0.17,71.15,26,97.67
17918.84121,2,12.00,0.17,13.17,30,1484.21
18407.77463,10,58.80,0.17,34.42,16,89.63
23114.85959,223,1302.40,0.17,952.88,18,1120.49
31118.55338,6,34.80,0.17,7.64,6,32.07
31911.81543,3,18.00,0.17,5.93,6,44.07
34296.63758,15,90.00,0.17,29.85,6,153.97
35565.33108,840,4993.20,0.17,2310.61,11,4450.71
38508.48056,2,12.00,0.17,2.47,4,37.70
38731.46507,3,18.00,0.17,15.15,23,34.19
39358.36771,2,12.00,0.17,3.08,5,12.17
41592.17978,1,6.00,0.17,1.76,8,67.87
48497.52952,19,114.80,0.17,63.00,15,1038.71
48521.12752,1,6.00,0.17,1.10,5,116.79
56881.87625,56,330.00,0.17,193.16,16,469.76
620.6222247,3,18.00,0.17,10.54,16,26.04
62360.0844,703,4144.80,0.17,2177.34,11,14047.64
7120.092627,3,18.00,0.17,10.54,16,17.25
73648.21102,2,12.00,0.17,7.02,16,35.72
73887.80966,602,3540.00,0.17,1907.09,11,4264.21
75977.31324,1,6.00,0.17,1.76,8,39.63
76461.28919,45,268.40,0.17,182.45,15,1350.99
78905.07537,10,58.80,0.17,6.69,2,88.25
80417.46676,21,127.20,0.17,69.80,15,253.16
82248.32662,4,23.20,0.17,2.90,3,3945.17
84047.34263,10,57.20,0.17,24.46,8,69.38
85486.23537,1,6.00,0.17,1.76,8,11.90
89546.99097,259,1526.40,0.17,1017.83,17,7874.21
91775.97226,1,6.00,0.17,1.76,8,39.09
91854.0598,2,12.00,0.17,2.71,4,270.80
96362.12156,172,1041.60,0.17,523.28,12,1713.18
96559.89403,1,6.00,0.17,1.76,8,19.65
97384.75969,12,70.00,0.17,38.41,15,106.00
12609.24309,28,159.00,0.18,43.13,5,1034.12
14203.87101,446,2525.60,0.18,1527.95,13,11750.65
22916.56386,1858,10479.00,0.18,11117.61,30,47239.85
26415.88208,76,422.40,0.18,92.71,5,1039.01
30805.18253,1203,6610.00,0.18,4470.63,16,7702.45
37521.04229,8,45.00,0.18,22.09,8,173.13
63307.53543,72,408.80,0.18,212.35,12,1135.83
67602.561,56,318.00,0.18,142.18,11,772.72
68005.84706,721,4075.20,0.18,1913.13,11,4771.89
81266.55764,4,22.00,0.18,8.26,6,25.66
89374.89194,38,215.60,0.18,111.81,11,270.00
94413.99111,4,22.00,0.18,24.15,30,81.05
98378.27555,17,92.40,0.18,48.33,11,122.91
11938.60819,2993,15638.40,0.19,9611.20,16,91059.93
13433.72832,4,20.80,0.19,6.09,8,22.76
14287.91251,13,70.00,0.19,19.35,5,68.25
14400.80689,57,303.60,0.19,160.84,11,458.56
18112.22332,4093,21285.00,0.19,19401.40,23,29621.55
18495.56854,2,10.80,0.19,3.07,8,26.10
29459.79577,55,291.60,0.19,246.41,21,1014.03
36637.88988,6,31.20,0.19,7.10,4,41.02
40586.17221,6510,33390.00,0.19,29967.16,23,89260.97
44205.04411,74,391.60,0.19,266.13,16,571.14
44607.35256,287,1478.40,0.19,1817.22,32,40432.19
4947.666398,252,1337.60,0.19,768.42,11,1445.87
51278.72571,4,21.60,0.19,6.45,6,45.74
63660.10815,205,1075.00,0.19,1341.04,33,1433.09
66926.05819,294,1520.00,0.19,1349.31,21,4375.97
72973.15103,4,21.60,0.19,6.48,6,26.89
76289.42711,74,381.60,0.19,269.26,16,1004.26
77808.02707,65,341.60,0.19,184.10,12,1514.64
79805.55301,17,90.00,0.19,37.31,8,174.65
84269.57277,6,32.40,0.19,11.57,6,56.80
95636.9494,133,691.60,0.19,180.60,5,824.42
33231.01826,29,147.60,0.20,61.91,8,293.37
38791.91313,500,2555.20,0.20,1134.24,13,2856.41
41308.8366,59,291.60,0.20,82.95,4,958.95
47556.58701,3,15.00,0.20,14.27,26,308.32
4773.702864,136,688.80,0.20,229.57,8,946.13
47951.68833,1795,8961.00,0.20,7498.12,23,46210.46
5409.530584,135,669.60,0.20,697.32,28,2440.10
62403.27701,29,147.60,0.20,151.19,28,1159.47
64747.20442,41,205.00,0.20,157.31,16,25017.47
67616.65104,4,20.40,0.20,4.95,6,275.69
76184.56936,8,40.80,0.20,12.44,6,99.90
8120.820974,345,1746.80,0.20,2186.97,35,3189.03
97465.78026,37,184.80,0.20,83.86,11,457.38
10194.79322,34,162.00,0.21,141.73,21,1181.51
15253.35954,173,818.40,0.21,719.51,21,3928.20
16008.34214,9519,44532.40,0.21,39721.46,21,225666.09
16643.79319,13,61.20,0.21,47.02,21,76.66
18962.5671,126,604.80,0.21,161.62,5,1120.12
2394.595154,379,1840.00,0.21,1423.92,17,3982.29
28756.86246,53,249.20,0.21,145.50,13,1064.05
35617.26411,3336,15668.40,0.21,14355.04,23,149293.10
37057.50135,49,234.00,0.21,142.80,13,15885.80
44090.41583,3200,15510.00,0.21,10994.21,16,39594.31
50262.8849,86,409.20,0.21,493.99,30,1491.86
57244.61443,3,14.00,0.21,13.32,26,566.32
59027.20799,12,57.20,0.21,75.33,36,296.37
65391.11999,436,2112.00,0.21,991.49,11,2486.00
70461.63002,50,233.20,0.21,163.79,16,327.99
70982.74714,132,624.80,0.21,275.26,8,1396.74
86267.46835,10,46.80,0.21,19.86,8,71.46
89669.53586,246,1195.20,0.21,1180.57,27,1768.65
93176.32465,563,2730.00,0.21,2041.63,16,10480.79
15371.66377,6404,29206.40,0.22,18044.87,16,33895.45
15696.35309,4,18.00,0.22,8.31,8,35.26
19572.58943,73,339.20,0.22,289.53,21,1087.78
21977.15266,10,45.00,0.22,26.05,11,52.10
26059.3633,17,78.40,0.22,20.84,6,129.25
3015.299583,100,448.80,0.22,315.21,16,587.55
34071.13627,2,9.00,0.22,5.27,16,60.76
39092.32166,118,534.00,0.22,448.97,21,1512.65
40235.04519,88,396.00,0.22,478.07,33,3935.79
43781.96218,253,1135.80,0.22,395.17,8,1605.53
56336.00866,2210,9965.00,0.22,13622.33,38,14472.65
56592.45296,107,484.00,0.22,495.78,28,1216.49
58772.0459,8,36.40,0.22,11.06,5,48.02
61599.13697,7,32.40,0.22,16.80,11,45.40
65445.767,14,63.00,0.22,22.28,6,112.04
6729.404205,2,9.00,0.22,5.27,16,24.57
70857.37247,10,46.40,0.22,11.46,5,242.70
71993.10907,4,18.00,0.22,13.81,16,1154.87
72831.12371,32,145.00,0.22,185.66,35,206.70
77925.24545,40,185.00,0.22,185.53,21,1648.49
83005.11665,6017,27399.60,0.22,23182.65,23,33597.36
85525.70369,13658,61347.60,0.22,49899.46,23,80378.50
86385.28281,218,990.00,0.22,569.76,12,4422.40
94452.9786,335,1548.80,0.22,1631.78,27,3909.57
11568.84245,13,57.20,0.23,27.80,8,81.02
21094.16479,394,1700.00,0.23,1644.87,23,3889.73
24320.22778,5494,24071.60,0.23,19916.98,23,40566.70
28358.53042,14998,65805.00,0.23,63056.19,23,107730.57
28643.91352,5,22.00,0.23,12.54,11,27.94
29811.36582,114,486.00,0.23,256.39,11,4792.97
34471.12391,17,75.00,0.23,31.09,8,184.54
34523.52836,2491,10695.00,0.23,10448.13,23,35574.35
3557.786413,596,2642.40,0.23,1095.61,12,13541.00
40053.72223,47,204.00,0.23,43.53,5,882.94
43619.56221,276,1195.20,0.23,1089.43,23,1669.47
48698.09401,631,2770.00,0.23,3399.81,33,14004.20
52153.34181,14,60.00,0.23,54.88,25,407.98
52870.46568,5,22.00,0.23,10.66,8,86.78
53960.60565,1065,4710.00,0.23,3491.75,16,7160.41
54050.97542,117,501.60,0.23,570.87,28,1756.18
58745.50168,21,92.40,0.23,94.65,28,564.30
60158.7279,71,303.60,0.23,213.23,16,798.36
62578.56097,27,117.60,0.23,36.71,6,167.43
63214.18444,916,3902.40,0.23,4501.92,33,5876.82
65657.65403,1042,4483.60,0.23,2689.67,12,5435.56
69432.77751,12351,53954.40,0.23,24364.69,11,89797.18
7137.726453,1223,5302.00,0.23,4456.82,22,6440.20
10198.98596,4103,17427.00,0.24,11163.59,16,29473.20
12338.91806,2135,8719.20,0.24,7405.29,21,20838.59
14950.11098,17399,73742.40,0.24,64460.29,23,142536.03
17330.33273,11,46.80,0.24,39.38,23,63.44
20237.86945,25,104.40,0.24,64.87,11,1470.33
28.25267997,477,2028.40,0.24,1820.47,23,3574.45
30931.06155,85,356.40,0.24,172.09,11,6070.28
32339.82367,6,25.00,0.24,14.51,8,107.29
40954.52543,166,702.00,0.24,621.47,22,2330.39
41041.53084,712,2915.00,0.24,2649.83,21,5556.83
41610.36305,16,66.60,0.24,17.32,5,140.39
43977.12847,11,45.00,0.24,35.26,16,68.99
47576.20262,26,109.80,0.24,27.44,5,1108.65
51368.02512,31,127.20,0.24,50.04,8,340.88
55477.94926,14,58.80,0.24,17.21,8,108.49
66951.12366,42,176.00,0.24,42.03,5,311.36
85728.69329,25,104.00,0.24,24.83,5,194.46
87697.91586,926,3885.00,0.24,2905.40,16,5203.16
88924.53858,44,180.40,0.24,131.39,16,811.53
90821.14854,1575,6541.60,0.24,1459.81,6,11937.00
99761.34426,179,747.60,0.24,437.60,16,900.96
10401.57273,1,4.00,0.25,1.17,8,35.34
13116.39256,63,248.40,0.25,193.84,16,1580.06
14387.29467,10,40.80,0.25,15.59,8,88.20
14606.23724,263,1051.60,0.25,1184.86,28,3354.98
24479.56596,2,8.00,0.25,1.36,2,41.27
26425.65326,25,99.00,0.25,41.04,8,128.09
26543.223,8,32.40,0.25,15.91,8,233.06
28449.61835,200,801.00,0.25,468.86,16,1007.97
29076.92688,5857,22996.40,0.25,11463.81,11,43245.84
31914.83882,3,12.00,0.25,3.55,5,16.17
33661.78504,131,525.60,0.25,144.72,5,869.30
40486.81469,516,2065.00,0.25,2397.16,28,7800.29
43580.49714,45,180.40,0.25,106.86,11,270.58
43920.82602,8,32.40,0.25,18.47,11,199.16
44413.41443,4,16.00,0.25,12.29,21,19.31
472.5036415,10,40.80,0.25,15.59,8,67.05
53493.12248,222,874.80,0.25,1120.12,35,2565.14
54259.55534,58056,234180.00,0.25,193761.85,23,392523.44
57014.25897,4,16.00,0.25,8.73,11,97.36
59279.79637,506,1993.60,0.25,1030.71,12,3540.38
63513.44727,3351,13283.20,0.25,10680.28,23,27035.06
67863.27004,1128,4476.00,0.25,2368.69,12,6437.65
76164.66068,2,8.00,0.25,4.68,16,54.68
77284.04906,3,12.00,0.25,3.39,5,30.67
8379.849283,52,204.00,0.25,59.07,5,1415.78
84102.45845,10,39.60,0.25,25.05,11,260.57
92457.86557,2,8.00,0.25,4.68,16,104.99
93423.30877,222,873.60,0.25,605.05,16,1792.35
94612.03893,2,8.00,0.25,4.68,16,45.34
95346.79829,564,2280.00,0.25,1212.13,12,3360.48
98390.26878,3,12.00,0.25,8.34,19,18.93
15597.37267,128,484.00,0.26,495.53,22,1691.10
17244.61854,604,2314.40,0.26,1730.82,16,4167.02
18596.89763,3240,12427.20,0.26,16541.15,37,30713.07
19725.13695,292,1116.00,0.26,1293.76,31,7665.79
21705.9442,38,146.40,0.26,78.90,12,2788.60
23498.26719,1123,4360.40,0.26,7213.71,44,32665.19
39095.80432,218,828.80,0.26,1000.58,33,5583.20
40785.58375,25,97.20,0.26,28.90,7,2246.65
42076.92509,3399,13192.80,0.26,7593.60,16,111239.64
42911.57872,116,446.40,0.26,106.69,6,744.58
46724.82287,18,70.00,0.26,29.02,8,99.24
56242.56638,2994,11704.00,0.26,10885.26,26,21078.57
59233.22299,20,75.60,0.26,85.74,31,144.98
62012.31696,842,3189.60,0.26,2209.10,16,5865.22
66633.48938,16,61.20,0.26,42.14,14,2288.61
75443.06423,287,1115.00,0.26,1584.68,37,2651.20
81938.12884,156,602.40,0.26,148.74,5,1457.65
82028.90622,144,554.40,0.26,156.03,5,961.45
89405.80703,35,133.20,0.26,65.39,8,428.24
90981.63034,200,765.00,0.26,415.54,11,4015.47
91923.4293,83,325.00,0.26,329.84,22,2241.75
92222.6744,598,2286.00,0.26,2140.86,24,6258.37
9526.482248,296,1157.20,0.26,803.31,14,2252.41
95354.15986,29,110.00,0.26,71.62,12,209.04
97836.37886,54,205.00,0.26,225.31,26,427.59
98043.10893,27,103.60,0.26,38.02,6,198.67
99092.46226,86,325.00,0.26,354.53,22,1698.59
10448.96367,884,3280.00,0.27,927.85,6,6337.23
27441.05294,69,255.00,0.27,190.70,16,1202.96
27821.00845,163,610.00,0.27,630.12,23,5143.80
44496.49661,260,950.00,0.27,803.09,16,4254.37
46546.61843,6,22.00,0.27,14.91,12,59.18
49404.04188,5868,21485.20,0.27,26329.81,30,130444.90
51627.95997,1828,6792.80,0.27,3876.35,13,13133.86
54641.93821,6,22.00,0.27,16.30,15,864.60
69222.79091,890,3280.80,0.27,1963.03,16,5243.60
73806.41833,103,378.00,0.27,196.04,11,551.26
7536.769747,565,2081.20,0.27,2110.95,23,14888.62
76699.4284,10,36.40,0.27,13.54,6,108.12
7908.806989,439,1614.00,0.27,1128.34,16,7923.67
81537.96901,50,182.00,0.27,93.57,11,404.30
90388.28803,122,446.40,0.27,85.28,5,1063.51
94992.44171,6,22.00,0.27,10.41,6,33.17
11965.10355,50,176.40,0.28,104.49,11,436.64
14959.28489,3,10.80,0.28,6.32,16,94.85
18554.01969,6,21.60,0.28,18.17,23,46.69
18878.15735,90,325.00,0.28,364.57,23,1303.13
26570.05479,14614,51936.00,0.28,48028.58,26,110715.50
26976.03739,7807,27764.00,0.28,39876.62,37,107616.23
3316.979588,18,65.00,0.28,69.57,23,3226.95
35267.43038,8,28.80,0.28,11.35,5,78.84
35915.04203,1496,5253.00,0.28,4616.34,23,40706.03
42665.16393,11,39.60,0.28,34.28,15,1634.05
46105.6719,129,453.60,0.28,420.34,20,1543.72
49639.77433,7,25.00,0.28,17.64,8,1411.15
58600.29598,69,245.00,0.28,165.38,11,355.48
58772.38551,5,18.00,0.28,11.06,11,69.20
59649.09941,74857,265986.00,0.28,325446.10,35,544249.78
66171.33683,61,214.40,0.28,133.34,17,1397.61
67635.93921,9,32.40,0.28,15.54,8,50.18
73985.47922,524,1887.60,0.28,2212.03,31,3541.56
76211.07499,371,1337.60,0.28,1350.47,23,6010.28
76540.99113,231,831.60,0.28,624.61,16,6833.06
81043.20569,41,148.80,0.28,91.93,16,5451.47
86427.24351,5,18.00,0.28,19.76,30,29.74
88147.35741,3,10.80,0.28,6.32,16,67.37
91086.65585,48,171.00,0.28,123.44,16,2851.31
92397.65944,7,25.20,0.28,5.91,5,66.04
93388.69442,11,39.00,0.28,20.29,10,134.06
96146.75067,7,25.00,0.28,56.70,62,376.85
96256.89429,2307,8246.40,0.28,8849.46,30,29591.74
98206.36746,3,10.80,0.28,2.58,5,67.08
18382.47986,39924,138059.60,0.29,92927.07,16,299388.12
23113.94007,482,1680.00,0.29,1920.45,25,10344.05
30898.51141,4,14.00,0.29,8.11,11,419.58
34117.21829,18,61.20,0.29,67.17,30,90.72
35251.07142,13,45.00,0.29,16.46,8,161.37
4614.838536,9,30.60,0.29,11.69,8,95.59
51201.69218,52,180.40,0.29,199.84,23,1235.47
62503.38677,76,265.00,0.29,243.93,15,1722.39
64737.50782,126,438.00,0.29,592.87,37,1079.22
67214.50172,97,338.80,0.29,300.72,16,1362.46
72167.89241,981,3385.20,0.29,3255.67,26,19655.70
73387.0324,88,306.00,0.29,283.57,20,996.76
76253.80621,31,106.80,0.29,40.83,11,426.85
78261.5522,6,20.40,0.29,4.87,5,73.00
89943.6597,6,20.40,0.29,4.87,5,70.32
97523.24943,694,2420.00,0.29,2986.46,33,5661.37
9755.440137,2038,6916.80,0.29,3618.07,11,113320.11
99787.72463,287,981.20,0.29,1394.52,37,2651.19
10239.02632,55,180.40,0.30,169.37,20,486.55
1258.781429,218,716.40,0.30,498.50,16,1391.76
16821.95714,15,49.20,0.30,11.75,5,173.91
23278.46785,3169,10476.40,0.30,16722.78,42,35675.64
3430.48939,841,2794.00,0.30,2660.78,22,4302.97
35730.5836,121,405.00,0.30,442.96,23,2284.08
38956.79346,38,125.00,0.30,109.33,16,430.18
41888.4039,209,692.00,0.30,142.75,5,2255.74
42177.39672,824,2750.40,0.30,1748.52,17,19900.82
46978.24183,351,1180.80,0.30,1364.02,28,30222.19
54983.43548,18,59.20,0.30,17.97,6,187.81
55467.27121,15,49.20,0.30,11.95,5,175.57
70545.46037,86,286.00,0.30,222.25,16,1298.42
72448.97528,426,1419.00,0.30,1117.77,19,4642.34
84079.24587,40,135.00,0.30,106.23,16,1591.90
92564.37328,17,57.20,0.30,55.80,20,2428.35
94785.8318,112,374.00,0.30,281.59,15,587.59
13835.64099,86,277.20,0.31,205.50,16,497.10
21539.09202,804,2572.80,0.31,1813.31,17,24582.04
25214.94662,113,361.80,0.31,72.43,5,1004.18
2809.055866,26,84.80,0.31,86.86,28,1107.33
3513.799268,33,108.00,0.31,69.89,16,277.80
45713.31833,12,39.00,0.31,18.96,8,130.91
46566.80195,29,92.40,0.31,115.45,29,588.79
50165.03928,19,61.20,0.31,47.16,16,295.52
54977.50853,219,710.40,0.31,478.17,16,63691.01
5565.194267,39,127.60,0.31,102.48,16,242.23
60161.15634,867,2764.80,0.31,1786.63,12,7147.80
63390.61541,23,74.80,0.31,43.04,8,116.11
65229.23928,37,117.60,0.31,64.14,11,2531.93
69878.49921,38,123.00,0.31,58.19,8,263.42
7484.962409,208,679.20,0.31,407.32,13,12702.01
87190.2062,730,2331.00,0.31,2244.52,23,32884.62
89604.23049,13,41.60,0.31,20.76,8,104.28
93594.20805,1339,4348.40,0.31,6221.87,40,23537.85
93732.1487,967,3115.20,0.31,3874.59,30,15722.79
93757.32748,2515,8073.60,0.31,8270.11,28,35739.57
99578.02335,10,32.40,0.31,34.53,23,1536.22
15390.4921,270,854.40,0.32,722.02,22,3192.27
19029.92505,5,15.60,0.32,9.13,16,108.53
26362.66432,8,25.20,0.32,14.65,11,268.61
29759.84406,56,175.20,0.32,160.58,22,1063.90
33392.71067,8,25.00,0.32,22.35,16,98.19
3551.005172,1012,3204.00,0.32,2375.28,16,6585.50
36370.45265,119,374.00,0.32,293.07,16,1234.54
36945.24393,136,427.20,0.32,170.15,8,950.20
49840.64111,7,22.00,0.32,17.32,13,272.36
69917.70123,8,25.20,0.32,15.18,12,555.13
70828.31315,11,34.80,0.32,9.46,6,96.62
78912.73121,5,15.60,0.32,2.98,3,437.37
80557.19668,15,46.40,0.32,17.43,8,202.78
90821.50073,70,219.00,0.32,122.39,11,447.37
95729.65877,7,22.00,0.32,13.27,8,177.60
98629.22568,3853,11926.40,0.32,8764.10,16,30471.41
11634.3914,2,6.00,0.33,1.43,5,10.31
13316.33142,4,12.00,0.33,6.60,11,105.88
25223.15719,98,298.80,0.33,108.82,8,876.37
26011.98886,3,9.00,0.33,2.88,5,60.10
38771.24903,5,15.00,0.33,11.56,16,2975.38
39287.16927,595,1822.80,0.33,2212.81,33,6167.06
39743.43884,8545,25974.00,0.33,29947.58,31,66039.34
48407.04413,10,30.00,0.33,7.35,5,54.60
56625.98059,495,1488.00,0.33,1676.56,28,7893.83
6377.506286,4,12.00,0.33,21.51,49,1040.55
69939.65533,52,157.80,0.33,31.59,5,562.91
7328.011437,2,6.00,0.33,3.51,16,31.90
75128.79596,2286,6966.40,0.33,4055.05,16,12787.98
82289.6548,255,777.60,0.33,612.50,17,3536.25
83000.8256,22,66.60,0.33,26.53,8,535.79
87706.61221,1982,6086.40,0.33,2924.17,12,14235.73
98395.41806,1418,4240.80,0.33,5804.06,37,114227.80
13539.16641,105,306.00,0.34,291.79,23,9081.31
13825.92566,11,32.40,0.34,20.79,11,222.32
20232.45783,15,44.40,0.34,11.10,5,125.71
22099.88081,14,40.80,0.34,38.81,26,131.49
30570.48898,880,2592.00,0.34,4103.69,41,23774.03
3093.613486,422,1238.40,0.34,1102.33,20,2769.23
35470.91724,15,44.40,0.34,25.99,16,181.14
37199.40082,352,1032.00,0.34,758.36,16,3658.66
39413.5795,955,2846.80,0.34,3264.75,27,5794.33
4776.122885,61,180.40,0.34,199.22,26,1226.33
48256.78768,22,65.00,0.34,48.67,11,138.15
49101.2945,27,79.20,0.34,65.58,21,349.27
51079.91694,81,238.00,0.34,279.14,29,991.06
54473.7405,11,32.40,0.34,36.19,23,1121.69
55949.49666,29,85.00,0.34,132.25,33,1010.59
6029.396022,5150,15120.00,0.34,14347.12,23,42327.45
63421.99319,1381,4105.00,0.34,5455.90,30,17339.72
65708.3253,1028,2992.00,0.34,3867.23,30,18142.64
81582.05838,13,37.80,0.34,18.93,11,369.21
86600.20453,1368,4038.00,0.34,2967.32,16,17410.16
97640.65862,36,105.60,0.34,63.02,11,207.77
98453.01234,3203,9480.00,0.34,9871.29,21,23182.42
98972.77991,223,660.00,0.34,667.53,21,2772.58
14177.70251,69,194.40,0.35,138.43,16,6508.78
24480.71311,143,414.00,0.35,313.65,16,2280.99
39789.33265,293,825.60,0.35,694.14,21,2813.91
42528.76975,80,227.20,0.35,232.73,28,1189.46
55168.57614,51,145.00,0.35,140.52,19,900.09
59404.98731,22,63.00,0.35,85.28,37,191.81
65377.15408,846,2444.80,0.35,1554.24,17,16197.46
73576.4875,249,702.00,0.35,680.07,21,3514.28
96539.69681,426,1215.00,0.35,1175.60,23,5855.36
96698.57672,79,228.00,0.35,54.44,5,1397.29
1365.039104,2694,7538.40,0.36,11789.98,45,31962.01
38388.46865,66,185.00,0.36,169.62,16,359.92
38413.66891,1246,3436.40,0.36,10151.82,85,15445.83
4569.760124,1595,4438.40,0.36,4356.69,23,64463.69
53336.45984,179,501.60,0.36,560.33,23,4980.26
55020.73056,2334,6422.40,0.36,5764.03,23,25696.87
5869.593443,9,25.20,0.36,15.32,11,239.57
60018.75247,58,162.00,0.36,302.25,51,2522.48
63575.69139,3199,8835.00,0.36,15210.24,43,26026.61
66104.14713,11,30.60,0.36,23.51,21,129.44
783.9037727,8,22.00,0.36,20.67,16,248.70
82265.2851,33,91.20,0.36,26.96,5,210.78
84042.99035,205,568.40,0.36,504.57,21,1133.10
95126.42502,27,75.00,0.36,58.77,16,17309.02
95637.65634,2923,8078.40,0.36,8193.88,23,30433.06
13701.89066,1136,3051.40,0.37,1916.21,15,5908.66
1627.077928,4521,12164.40,0.37,19242.00,43,35511.61
20851.90804,43,114.80,0.37,86.23,16,437.35
28535.78795,5432,14871.60,0.37,21217.38,36,150567.98
40066.64533,10,27.00,0.37,20.10,16,63.60
51747.62584,71,193.20,0.37,135.69,16,785.59
55042.65347,72,193.20,0.37,135.69,16,797.79
56397.93765,301,803.60,0.37,624.48,16,1606.77
58114.46097,956,2572.80,0.37,1813.31,17,7036.66
60330.3787,91,244.80,0.37,107.05,8,1031.90
68070.96884,50,135.00,0.37,100.08,16,1380.29
72433.88595,4272,11659.20,0.37,15781.80,37,40204.02
77659.50168,67,182.40,0.37,118.31,12,429.12
78535.81499,4,10.80,0.37,6.32,16,42.94
81501.09753,146,390.00,0.37,457.17,28,13690.56
8357.205586,168,448.80,0.37,361.89,16,861.32
92382.50898,174,474.00,0.37,328.29,16,1009.01
96538.87718,132,354.00,0.37,222.35,11,2381.63
14429.98443,524,1372.80,0.38,1608.75,31,3541.56
16141.79206,3268,8558.00,0.38,15041.54,46,23457.73
19439.60814,952,2486.40,0.38,2366.28,21,56004.29
25890.6082,2231,5806.80,0.38,4663.46,16,13447.73
2838.435689,12,31.20,0.38,22.62,16,245.51
38342.23635,664,1736.40,0.38,584.38,8,3889.55
42965.73643,73,193.20,0.38,135.69,16,816.69
43704.71123,424,1120.80,0.38,669.95,17,4419.93
48754.45583,3,8.00,0.38,7.86,27,1178.04
50930.93379,72,189.60,0.38,55.48,6,556.66
6170.814283,78,204.00,0.38,128.13,11,1403.66
64530.52671,3,8.00,0.38,7.61,26,62.38
67332.30068,1096,2875.60,0.38,3645.08,33,99239.78
68144.5966,1076,2826.00,0.38,2544.81,21,10832.09
91128.90038,62,165.00,0.38,156.11,16,366.77
92696.22767,1254,3295.80,0.38,2757.76,23,13972.58
96799.14512,627,1654.40,0.38,2743.59,40,17641.00
98191.86268,6,15.60,0.38,3.55,4,33.07
34784.80383,7,18.00,0.39,43.46,66,375.28
56373.14592,33,85.00,0.39,142.36,41,1383.18
56443.5394,3546,9126.40,0.39,9348.87,30,26586.93
6348.947722,75,190.80,0.39,145.98,15,1139.62
66245.92726,344,883.20,0.39,683.48,17,13286.32
69483.66359,64,162.80,0.39,142.39,16,1412.60
17357.58358,336,841.60,0.40,1021.78,29,5440.84
18011.47757,4537,11312.40,0.40,20130.45,44,57288.34
3526.790467,290,730.80,0.40,971.46,31,18585.29
39377.98911,37,92.40,0.40,114.73,26,504.87
58091.45501,24,59.40,0.40,24.62,8,147.50
58137.15511,948,2343.00,0.40,2609.88,27,21980.24
67144.68233,10,25.00,0.40,36.70,31,194.03
71185.22702,2213,5570.40,0.40,8818.83,38,46570.63
74486.50399,244,607.20,0.40,1016.96,41,2512.91
7833.644401,392,990.00,0.40,1172.63,31,2687.23
79482.93109,3916,9847.60,0.40,11354.12,31,21842.35
1194.662959,333,802.80,0.41,1012.51,29,4540.21
14082.8658,24,58.80,0.41,17.57,6,141.68
20968.31645,705,1740.00,0.41,2279.97,26,11443.45
27719.21863,31,74.80,0.41,111.08,29,1264.75
48763.90015,21,51.00,0.41,41.12,16,314.64
54531.10639,58,142.40,0.41,95.93,15,1765.84
76115.21441,9,22.00,0.41,24.79,21,166.56
82315.40602,1903,4588.80,0.41,4952.35,30,17484.47
8392.581071,38,92.40,0.41,85.02,16,224.51
84656.47876,116,286.00,0.41,354.23,23,1003.61
9309.664142,716,1729.20,0.41,3030.75,44,5777.78
1390.773049,16,37.80,0.42,25.32,16,147.32
14290.54489,16293,38400.00,0.42,59193.49,37,97913.40
21179.05749,275,650.00,0.42,946.16,29,8676.26
30629.55147,6314,15011.20,0.42,12172.80,21,97438.91
34319.52555,25872,62205.00,0.42,150194.98,66,191911.53
34756.29703,9,21.60,0.42,8.51,5,64.35
39272.0371,140,331.20,0.42,229.39,16,1619.12
39833.66569,313,750.00,0.42,1141.75,33,3127.23
4632.399445,9462,22386.00,0.42,21241.71,23,53445.63
46840.29979,5,12.00,0.42,5.89,8,152.03
49927.08482,63,148.80,0.42,104.51,16,1074.88
49986.20614,80,190.80,0.42,175.26,20,820.63
52738.31427,54,127.60,0.42,183.28,31,10422.70
56308.83258,13983,33409.60,0.42,32326.21,23,101589.20
61146.71844,5,12.00,0.42,5.74,8,36.21
67013.58459,5,12.00,0.42,5.05,6,30.16
69248.1887,2398,5728.80,0.42,8720.16,35,47340.24
75376.46112,1001,2372.40,0.42,2359.00,21,6421.26
80283.87575,1978,4658.40,0.42,4811.02,22,18475.15
86459.93995,70,165.60,0.42,116.31,16,820.96
8766.781667,70,165.60,0.42,116.31,16,784.24
93898.13441,4993,11972.40,0.42,13709.80,23,37261.02
99367.07905,9,21.60,0.42,12.20,10,206.54
10654.13136,20,46.80,0.43,40.93,16,200.65
17700.07071,198,456.00,0.43,346.11,15,1255.78
17735.99899,48,111.00,0.43,124.51,23,1585.58
22927.3999,240,554.40,0.43,663.35,23,4120.41
23915.89994,71,165.60,0.43,116.31,16,792.92
27049.09815,150,352.80,0.43,298.24,16,1411.33
37557.19109,370,862.40,0.43,878.76,23,7605.95
41409.2889,10091,23339.20,0.43,18229.15,21,75196.85
48946.68639,17,39.60,0.43,14.55,8,1321.58
55973.83445,17,39.60,0.43,44.44,21,168.12
56096.26675,170,391.60,0.43,564.95,31,4290.73
56345.05754,180,420.00,0.43,340.03,16,4969.31
57292.27939,14867,34473.60,0.43,60729.61,44,387081.09
57414.41086,110,254.40,0.43,178.68,16,1115.26
63798.28568,5759,13337.60,0.43,17711.31,33,75606.22
68540.27611,17,39.60,0.43,27.53,19,166.72
80434.7921,103,238.80,0.43,65.75,5,562.03
81261.10865,86,198.00,0.43,204.48,21,725.60
82555.758,62,145.20,0.43,198.50,31,429.81
82599.30915,63,145.00,0.43,197.19,28,398.60
84276.1629,249,583.20,0.43,643.31,23,18067.51
89693.70052,37,87.00,0.43,89.87,23,7340.59
98580.99493,7,16.20,0.43,6.10,6,72.84
13599.73411,90,205.00,0.44,293.94,28,2387.05
20515.10297,11,25.20,0.44,19.26,16,61.12
32381.69299,43,98.40,0.44,73.91,16,457.12
36031.03594,495,1122.00,0.44,1897.56,38,19967.49
40124.79589,12,27.20,0.44,9.88,6,108.66
40165.04498,4,9.00,0.44,5.38,12,64.68
40406.70397,296,669.60,0.44,416.09,11,11817.38
42242.48607,48,110.00,0.44,162.16,31,3355.17
4336.412388,6,13.60,0.44,3.25,5,74.93
48169.95335,91,205.20,0.44,284.19,29,1316.10
49937.31222,1630,3717.60,0.44,3492.83,23,12530.52
52376.6073,641,1443.20,0.44,1932.13,27,29380.12
57256.54102,51,116.80,0.44,46.52,8,910.64
61431.51228,76673,173239.20,0.44,239063.86,35,490624.03
7011.978794,122,279.00,0.44,296.87,22,1032.55
70304.02287,65,147.60,0.44,153.85,23,808.46
77443.78208,1360,3072.00,0.44,2656.61,23,14037.47
79164.04235,51,114.80,0.44,95.55,16,17301.24
88394.37669,128,291.60,0.44,325.74,23,17545.67
93158.66933,11,25.00,0.44,38.11,31,151.54
93505.32572,60,135.00,0.44,106.23,16,1117.30
9715.729205,4,9.00,0.44,4.63,11,74.40
12445.2829,92,204.00,0.45,192.36,20,1062.87
14965.64597,325,730.00,0.45,931.44,23,7765.53
280.7880631,1107,2451.00,0.45,3234.87,34,12543.43
30107.5998,29,65.00,0.45,87.57,26,243.68
32623.09674,47,104.40,0.45,188.58,44,8835.13
33690.34864,182,408.00,0.45,462.02,28,3236.48
34612.87214,53,118.80,0.45,154.13,28,3033.37
50164.97265,26,57.20,0.45,77.07,26,6979.84
59627.68804,22,49.20,0.45,23.87,11,2330.70
63570.17856,731,1619.20,0.45,2432.39,33,8074.51
70191.94028,655,1443.20,0.45,2127.49,31,39154.35
71032.68656,177,396.00,0.45,516.01,28,18976.11
81436.64405,128,282.00,0.45,106.25,9,862.81
92572.36416,158,352.80,0.45,477.55,37,1345.33
97364.80366,879,1936.80,0.45,2136.42,23,8934.49
1082.228679,28,61.20,0.46,70.37,23,4776.18
21691.1655,41024,88816.80,0.46,84691.77,23,310793.66
34704.75954,200,436.80,0.46,528.38,31,1362.79
36309.32121,1561,3379.20,0.46,5876.63,43,13649.47
38534.162,787,1710.00,0.46,1620.10,21,5541.11
46383.9519,206,445.00,0.46,717.66,32,29677.82
50536.67543,389,849.00,0.46,880.97,23,4376.54
54527.61791,41,88.20,0.46,47.52,11,308.38
57758.83566,47,102.60,0.46,84.95,21,598.45
58204.41592,171,369.60,0.46,259.59,16,1142.18
63748.76854,8,17.40,0.46,3.91,5,273.50
70466.39833,803,1749.60,0.46,2469.02,32,68393.33
71502.14742,123,265.00,0.46,336.98,21,7473.51
73327.4254,3343,7295.20,0.46,10763.36,33,43192.00
79937.84794,424,930.00,0.46,2211.39,60,7879.77
93718.02454,1747,3769.20,0.46,3136.90,21,15531.62
17406.29569,14511,31045.00,0.47,77872.25,66,107509.62
18043.66253,18811,39715.20,0.47,54056.70,37,140529.15
29029.65481,42,90.00,0.47,82.52,16,564.37
31324.97779,102,219.00,0.47,231.78,21,1027.73
32263.1607,25,52.80,0.47,34.17,13,1017.00
53420.79036,76,162.00,0.47,140.11,16,1428.75
5368.448754,7,15.00,0.47,11.80,16,34.37
5404.511258,285,609.00,0.47,782.70,31,17564.54
9503.436666,27,57.20,0.47,68.44,23,162.80
96233.84203,717,1530.00,0.47,1756.75,25,6841.04
97338.85973,17,36.40,0.47,23.43,11,85.78
13693.42423,720,1513.60,0.48,1756.87,21,6088.88
20398.71322,131,273.60,0.48,319.77,27,1425.99
29443.44791,285,589.60,0.48,754.83,25,2791.85
31835.0261,112,234.00,0.48,197.81,16,844.20
37474.06144,57,117.60,0.48,87.18,16,306.30
46611.83305,1729,3609.60,0.48,1880.06,11,14068.15
65502.95564,12,25.00,0.48,36.73,30,1104.98
77635.18409,2829,5947.20,0.48,6744.56,30,25577.93
82534.17776,24,50.40,0.48,46.89,21,287.94
92167.07479,538,1116.00,0.48,1199.74,23,10258.85
93398.35281,19,39.60,0.48,23.18,16,123.37
24878.72365,155,319.20,0.49,273.99,16,10144.65
24970.73488,10,20.40,0.49,7.79,8,59.15
26356.05607,193,396.00,0.49,525.02,28,5190.89
28729.89906,54,110.00,0.49,169.08,31,3891.50
36559.455,22,45.00,0.49,66.06,28,206.24
39698.91211,16,32.40,0.49,39.07,23,2336.81
63597.9838,28,57.20,0.49,58.58,16,204.31
7176.598732,364,741.00,0.49,733.65,21,2645.69
71879.19972,23,46.80,0.49,55.12,23,3059.94
73377.32315,10,20.40,0.49,7.79,8,78.79
85865.43543,97,198.00,0.49,254.49,23,8682.89
23548.24418,2141,4256.00,0.50,5255.28,28,36627.48
27348.24635,8,16.00,0.50,20.10,27,4196.44
29387.11002,1742,3489.20,0.50,5519.32,43,15905.04
29598.79286,170,341.60,0.50,314.31,16,1684.93
34364.44188,4,8.00,0.50,3.62,8,37.26
34901.62629,72,145.20,0.50,191.19,20,1387.02
35069.67071,8,16.00,0.50,10.48,8,129.57
36000.41446,24,47.60,0.50,45.81,16,1564.83
37091.96654,11,22.00,0.50,27.87,23,102.02
48413.09986,4,8.00,0.50,3.47,8,54.52
52341.01919,228,453.60,0.50,651.53,31,1699.67
56366.72822,3,6.00,0.50,6.59,30,296.97
58828.96152,971,1929.60,0.50,1359.99,17,6648.90
66097.56463,2,4.00,0.50,0.96,5,21.60
72476.04079,2384,4783.20,0.50,8947.72,52,31282.81
81765.22543,1180,2379.60,0.50,1609.43,16,8262.20
83385.07533,7092,14170.00,0.50,26487.33,42,74072.66
90973.58038,181,365.00,0.50,460.41,16,1375.98
92841.77308,308,621.00,0.50,673.40,23,5521.90
28952.46873,185,364.80,0.51,153.60,8,1166.06
29891.19471,129,250.80,0.51,279.34,21,1223.50
43989.70312,20537,40645.00,0.51,94732.55,61,228825.15
47789.22905,8,15.60,0.51,5.27,6,73.97
54077.96146,94,184.80,0.51,137.00,16,873.98
54211.1528,693,1353.60,0.51,2024.33,33,17667.12
63320.62117,649,1275.00,0.51,2587.96,44,19419.42
766.3896251,430,851.20,0.51,999.51,27,4825.21
50064.12161,129,248.40,0.52,288.73,22,2960.35
54367.23601,17,32.40,0.52,31.21,15,384.93
58765.31507,233,448.80,0.52,642.95,25,1291.22
63816.3017,734,1424.00,0.52,1679.93,27,4455.73
67748.83664,13,25.00,0.52,39.32,30,157.05
70313.2463,32245,61902.00,0.52,102408.71,44,230548.22
72649.08856,346,669.60,0.52,691.69,23,8457.71
13232.79607,86,162.80,0.53,256.39,31,3911.81
14804.73021,26631,50403.60,0.53,121024.53,66,206020.76
34575.36534,256,484.00,0.53,525.56,16,2580.97
38229.3787,6131,11512.80,0.53,20764.50,51,47663.80
39231.86401,63,118.40,0.53,166.34,31,4332.85
42720.38638,245,459.20,0.53,190.38,10,6620.52
43049.36974,775,1476.00,0.53,1160.77,15,12418.64
50753.1553,771,1460.80,0.53,1870.72,23,8967.40
55473.70414,387,723.60,0.53,354.25,11,3356.71
58786.99747,40,74.80,0.53,108.08,30,1164.94
85710.85199,86,162.80,0.53,206.20,23,558.35
96657.5001,4817,9012.00,0.53,7035.52,23,29513.22
20167.09523,31,57.20,0.54,75.66,23,549.92
24687.64874,223,409.20,0.54,543.15,23,6644.58
28221.53884,179,331.20,0.54,321.33,22,2218.95
30641.93847,32,58.80,0.54,23.04,8,171.18
31126.68106,42,78.40,0.54,55.06,16,535.59
36903.02252,191,352.80,0.54,389.16,23,4013.25
57475.61525,31,57.20,0.54,83.94,29,330.19
70111.06583,67,123.20,0.54,53.08,8,752.71
82197.08445,1018,1870.00,0.54,2588.58,26,9914.22
82550.86699,16281,30128.00,0.54,31966.32,23,123750.20
82785.40808,221,409.20,0.54,452.32,16,2531.27
88657.84393,3485,6512.00,0.54,9647.15,30,25451.37
17846.65633,156,286.00,0.55,321.72,16,3887.97
21062.89384,563,1016.40,0.55,1549.53,31,4071.67
32745.01858,544,984.00,0.55,1418.82,33,10171.32
415.6140404,28,51.00,0.55,63.86,26,2896.30
43081.60824,133,243.60,0.55,91.48,8,976.07
5065.188283,47,85.00,0.55,114.98,21,473.68
51528.00533,858,1552.80,0.55,1714.25,28,5467.02
52573.89521,661,1209.60,0.55,1171.94,16,3991.44
66529.1874,1697,3070.80,0.55,4918.28,37,14666.00
75569.60735,365,669.00,0.55,834.21,26,30549.66
77672.9379,86,156.00,0.55,166.01,28,1701.69
86564.39253,5323,9598.40,0.55,10273.76,23,39727.91
88372.4601,1108,2008.80,0.55,2288.81,21,12859.21
90403.3881,4122,7559.20,0.55,11912.98,33,29609.53
90793.93472,1706,3105.60,0.55,4124.00,33,53500.03
91096.30959,180,324.80,0.55,238.68,16,15171.38
94862.77623,8387,15178.80,0.55,16175.88,23,59745.28
12391.62135,16,28.80,0.56,31.22,21,212.74
12419.57396,93,165.60,0.56,150.54,21,755.27
12691.7175,151,268.40,0.56,301.04,15,6217.16
16763.75203,4,7.20,0.56,4.21,16,52.90
2813.969934,11,19.80,0.56,3.52,3,236.06
30303.93974,174,312.00,0.56,325.21,23,2542.73
30446.83697,2663,4783.20,0.56,7743.22,45,16734.66
35029.33365,89,159.00,0.56,136.48,16,1351.52
36230.00449,87,156.00,0.56,121.23,16,441.34
41576.82015,15,27.00,0.56,18.78,8,3110.35
41967.30897,10,18.00,0.56,43.46,66,920.39
4480.640121,249,445.00,0.56,769.91,33,5294.00
54644.76441,22,39.00,0.56,42.89,22,264.65
57896.9913,159,283.20,0.56,172.18,11,911.68
62206.36319,123,219.00,0.56,281.18,27,5108.77
62925.39261,3,5.40,0.56,1.29,5,28.00
65187.64152,42,74.80,0.56,108.08,30,1019.39
68677.35508,22,39.60,0.56,86.91,45,1596.90
78653.37195,2193,3916.80,0.56,4649.90,23,15047.64
87489.68716,12156,21652.80,0.56,33494.47,43,102665.93
89321.96051,42,74.80,0.56,114.49,28,8404.75
10741.3015,1350,2368.00,0.57,2678.40,22,13948.91
13235.04131,304,536.80,0.57,1060.79,44,4054.18
19193.13063,2114,3711.00,0.57,4214.85,23,28943.02
32535.36267,4087,7174.80,0.57,18583.73,72,28362.67
37118.06545,1279,2241.60,0.57,4888.39,58,164863.15
41862.31552,92,160.80,0.57,137.25,21,1329.34
48177.98048,223,388.80,0.57,405.26,23,3258.31
60355.84501,1337,2345.00,0.57,5959.55,61,17198.04
61240.23018,40,69.60,0.57,57.95,17,942.22
66159.28149,64,111.60,0.57,72.22,16,547.86
72252.52323,42,73.80,0.57,55.43,16,582.31
80969.10545,536,934.40,0.57,1907.94,51,45584.21
89168.13456,163,286.00,0.57,459.43,31,3094.41
9530.401133,8,14.00,0.57,10.48,11,372.75
96062.58778,92,162.00,0.57,184.34,16,1149.05
11944.61174,137,238.00,0.58,266.98,23,2986.36
13566.6382,48,82.80,0.58,34.32,8,425.13
19661.95471,810,1390.40,0.58,2085.50,41,18236.39
36628.5949,141,244.80,0.58,313.45,35,1151.99
47546.81561,44,75.60,0.58,77.42,16,370.78
51310.78553,46,79.20,0.58,75.37,21,861.47
68042.0436,137,238.00,0.58,284.77,23,1574.46
70588.49851,1022,1761.60,0.58,1317.54,20,8414.68
86637.3065,9,15.60,0.58,9.75,15,735.60
86716.7742,80,137.20,0.58,166.73,23,1041.73
11299.55072,239,405.00,0.59,601.91,23,7954.19
12591.10447,16,27.00,0.59,57.29,58,117.74
14103.03964,34,57.20,0.59,111.73,36,1293.30
22511.99721,23621,40160.00,0.59,31634.84,19,167861.13
36412.69172,16,27.00,0.59,25.93,17,119.45
36471.18527,41,69.60,0.59,70.95,22,403.38
49940.1708,2069,3510.00,0.59,5555.14,33,74957.12
52169.04283,127,213.60,0.59,174.48,12,1532.72
53822.56425,13,22.00,0.59,24.75,16,90.01
53890.45119,39,66.60,0.59,55.43,16,1039.35
59196.26073,18,30.60,0.59,19.48,12,264.13
73291.86838,1114,1890.00,0.59,6712.00,101,35298.86
76231.03342,23,39.00,0.59,30.95,11,452.38
81592.47126,161,274.20,0.59,84.65,7,1453.42
95967.6622,191,325.20,0.59,265.10,21,1347.14
18008.97887,71,117.60,0.60,94.44,16,994.24
18728.79269,2238,3718.00,0.60,9126.38,61,29845.88
19925.59227,100,165.60,0.60,130.76,21,1288.89
27362.13935,96,159.00,0.60,223.38,31,6495.48
34397.90417,160,268.40,0.60,441.30,31,3649.80
45558.36564,72748,121220.00,0.60,313815.62,66,538973.39
46476.69875,15,25.00,0.60,49.53,39,355.20
49467.87115,2633,4424.40,0.60,6473.77,32,15955.13
66650.70302,1024,1702.80,0.60,2270.34,27,6476.51
72292.61001,71,118.80,0.60,183.36,31,7988.93
78607.59891,45,74.80,0.60,127.68,28,1122.73
88245.07882,1047,1731.60,0.60,863.21,11,7557.11
93229.43546,25,41.60,0.60,57.28,28,3097.86
19299.52682,163,267.00,0.61,285.79,23,1240.94
3596.258665,1207,1985.00,0.61,6470.01,81,46040.87
38880.52514,2932,4792.80,0.61,6107.44,33,19081.23
44375.94425,11,18.00,0.61,19.60,16,225.46
46526.14142,112,183.00,0.61,227.43,22,1201.99
50321.69367,404,660.00,0.61,986.82,26,8102.84
58470.64716,23,37.80,0.61,32.08,16,1195.02
60925.83975,18,29.60,0.61,8.99,6,160.67
64810.32298,46,74.80,0.61,136.80,36,3644.89
94247.97473,11,18.00,0.61,19.19,16,231.75
95344.06909,372,607.20,0.61,1013.64,31,11473.95
97205.91371,125,205.20,0.61,244.99,25,781.73
12128.43273,39,63.00,0.62,115.74,40,1040.64
18093.39803,145,235.20,0.62,272.63,23,1588.58
27931.32597,346,554.40,0.62,800.63,23,48630.17
3168.332644,4688,7580.00,0.62,22230.20,78,35422.33
34274.56174,2191,3520.00,0.62,6326.07,33,22858.95
47004.24269,40,65.00,0.62,81.03,15,291.56
56216.19554,61,98.40,0.62,116.47,28,1110.53
93769.78771,528,849.00,0.62,1015.84,23,14643.51
94947.71683,406,655.20,0.62,1565.95,60,10464.31
12808.25974,961,1533.60,0.63,1800.81,27,10817.71
23332.87361,129,205.20,0.63,222.67,20,1061.04
24318.61343,10,16.00,0.63,16.39,16,115.40
32008.61935,5,8.00,0.63,4.83,11,43.00
34243.07841,13,20.80,0.63,18.26,18,1739.13
36898.13304,69,110.40,0.63,84.00,16,47771.29
38559.74417,5,8.00,0.63,8.78,30,68.30
39928.92215,66,104.00,0.63,114.14,30,469.54
40989.98232,243,384.00,0.63,282.35,18,1218.22
41407.0252,80,127.20,0.63,150.41,23,1712.52
46597.28823,226,356.40,0.63,378.90,16,1259.82
57416.49581,128,204.00,0.63,114.46,11,1261.59
75778.01045,424,669.60,0.63,1592.20,60,7862.35
79757.16542,5,8.00,0.63,3.46,6,99.41
82812.70332,70,110.40,0.63,77.54,16,820.70
89858.93272,41,65.60,0.63,53.54,16,1591.78
9166.740085,33,52.80,0.63,26.69,8,541.60
97164.69178,168,268.40,0.63,1207.74,123,4198.31
16202.39659,384,597.60,0.64,933.64,31,9383.15
19188.97653,215,334.80,0.64,410.91,20,6463.23
30739.83347,473,741.00,0.64,1350.85,46,3484.25
78230.81337,16,25.00,0.64,32.75,16,286.58
87814.61072,149,233.60,0.64,221.32,21,1499.80
18353.49057,318,487.20,0.65,544.24,23,9177.15
23247.41692,7,10.80,0.65,5.84,11,90.93
2753.120319,42,65.00,0.65,106.59,30,1045.18
50420.98956,58,88.80,0.65,114.70,28,8086.61
61949.22183,67,102.60,0.65,52.04,8,1142.64
68435.63096,45,69.60,0.65,74.25,21,4829.92
87198.89708,14,21.60,0.65,29.13,28,998.19
26525.0436,112,169.60,0.66,257.49,31,3774.43
27249.77679,26,39.60,0.66,58.58,26,157.31
28063.98004,9969,15207.00,0.66,21363.96,31,70972.29
44208.9097,273,415.80,0.66,524.28,33,10297.90
747.6157018,6576,9965.00,0.66,36565.21,102,34245.97
79974.57181,21221,32315.00,0.66,107579.46,90,108400.39
8396.036677,157,238.00,0.66,272.19,21,11798.67
87631.39657,32358,48745.00,0.66,212034.05,123,227620.06
12707.54855,139,208.00,0.67,146.76,16,1229.85
13256.11931,167,248.40,0.67,278.61,16,2221.16
15017.43446,959,1431.00,0.67,2949.00,52,9744.20
46022.17049,20,30.00,0.67,32.93,30,229.83
4640.63071,1070,1591.20,0.67,1929.54,27,13945.27
49867.48071,2,3.00,0.67,0.72,5,25.61
53825.93435,4,6.00,0.67,2.04,5,37.60
56062.73383,10,15.00,0.67,19.73,26,62939.76
58083.65422,727,1092.00,0.67,1391.87,28,3767.55
58978.24688,4,6.00,0.67,2.12,6,20.23
59069.77943,21,31.20,0.67,19.06,6,256.58
59728.2109,2,3.00,0.67,0.88,8,8.47
74532.16,136,204.00,0.67,141.80,19,829.42
80430.37141,203,305.00,0.67,578.81,33,16035.79
80571.43174,12,18.00,0.67,20.72,16,354.79
87232.7768,8482,12597.60,0.67,6298.11,12,104126.56
90478.79893,34,51.00,0.67,47.75,16,858.55
91785.33863,10,15.00,0.67,3.58,5,58.24
98834.21824,532,796.80,0.67,527.14,8,6686.33
24821.80158,51,74.80,0.68,210.68,60,1424.38
26394.89998,99,146.40,0.68,144.59,20,587.43
28119.91436,166,243.00,0.68,254.07,21,1169.93
28199.61617,109,159.60,0.68,507.97,87,3074.71
52913.96599,194,286.80,0.68,194.91,16,1073.17
57581.14754,83,122.40,0.68,102.99,23,500.63
59688.16531,807,1190.00,0.68,2158.26,46,5711.95
73163.29742,37,54.40,0.68,131.35,66,311.31
74569.65391,207,305.00,0.68,1003.40,76,131154.06
74989.5713,1448,2116.40,0.68,3962.34,37,12512.09
91032.29837,104,153.00,0.68,114.92,16,1394.88
91961.60577,180,262.80,0.68,310.76,23,1180.43
9994.266704,314,462.00,0.68,610.25,26,7311.37
2465.773782,1864,2718.00,0.69,3696.28,28,29441.28
36916.6025,11,16.00,0.69,15.50,16,1041.12
41023.89821,2142,3124.80,0.69,4598.05,40,10804.48
43950.98135,14,20.40,0.69,11.29,12,1049.77
28524.55907,150,213.60,0.70,156.87,13,835.34
32226.87369,40,57.20,0.70,71.30,15,332.72
32279.6737,40,57.20,0.70,71.30,15,301.35
33116.19225,3268,4636.80,0.70,6233.78,35,42787.57
34485.09543,40,57.20,0.70,71.30,15,342.16
46788.20641,2972,4234.80,0.70,2395.89,12,21457.44
49341.73825,244,350.40,0.70,333.29,26,1254.75
5461.554491,1427,2045.00,0.70,7022.27,88,10193.40
59245.0841,205,294.00,0.70,362.76,23,3876.49
79546.86262,52,73.80,0.70,55.43,16,716.59
8431.172843,7619,10950.00,0.70,16093.18,32,56798.45
97658.69905,1495,2134.80,0.70,2520.01,33,12864.45
14077.96811,11,15.60,0.71,9.69,11,1209.19
2018.018446,23,32.40,0.71,47.57,25,7308.26
27385.06481,84,117.60,0.71,160.10,29,10244.13
40359.66273,187,262.80,0.71,422.16,31,3260.36
43094.78882,157,219.60,0.71,129.59,11,814.23
44320.83531,32,45.00,0.71,93.36,41,186.46
61579.17586,1186,1659.60,0.71,1090.10,16,6626.04
65905.88381,10,14.00,0.71,13.88,16,57.05
66763.51187,28,39.60,0.71,77.54,41,152.70
75376.51236,1873,2646.00,0.71,6779.04,66,242701.15
848.0809453,730,1034.00,0.71,1616.82,27,4235.90
85781.62452,1264,1778.40,0.71,4723.16,66,160101.66
1199.561603,257,356.80,0.72,224.91,11,2827.14
37616.39721,2030,2838.00,0.72,3763.67,26,21276.17
54543.47579,177,245.00,0.72,309.04,16,1147.51
76404.29028,91,127.20,0.72,134.96,23,961.50
79775.55118,436,602.40,0.72,853.31,34,2762.23
91715.26174,172,240.00,0.72,172.06,12,1520.36
94028.81348,501,699.20,0.72,702.66,23,10398.22
95331.43224,13,18.00,0.72,19.84,16,733.36
18966.89772,1342,1845.00,0.73,2632.07,30,10185.89
22414.89462,42,57.20,0.73,93.80,30,1159.56
2333.247696,7466,10164.00,0.73,18541.10,44,52711.62
25964.72027,16,22.00,0.73,31.92,21,116.88
40510.0628,16,22.00,0.73,43.44,41,81.04
45418.91071,157,215.60,0.73,356.94,21,1602.64
64582.05918,51,70.00,0.73,106.34,28,1397.23
69987.86978,11,15.00,0.73,20.84,26,542.79
72091.99853,1439,1958.00,0.73,4173.24,46,10385.72
73771.9607,261,360.00,0.73,405.51,23,2524.27
83637.23189,2954,4051.20,0.73,7088.82,42,17809.12
84010.94264,16,22.00,0.73,39.90,35,1138.57
84896.52428,12108,16531.20,0.73,18621.21,23,98832.88
87895.67422,1011,1382.40,0.73,750.91,11,6623.80
20509.28596,109,147.00,0.74,173.83,23,1261.18
30893.03415,20,27.00,0.74,21.99,8,229.54
43809.86457,412,554.40,0.74,958.20,35,3673.24
45624.17289,56,75.60,0.74,112.41,27,534.33
50611.65194,149,201.60,0.74,113.11,11,810.03
7857.752319,25,33.60,0.74,22.29,12,233.17
84694.08252,144,195.20,0.74,411.29,48,1032.89
8948.118231,8,10.80,0.74,5.30,8,237.16
91788.78777,528,714.00,0.74,580.76,23,3738.07
94298.91717,16,21.60,0.74,25.44,23,373.04
83827.89094,233,312.00,0.75,294.27,21,2993.95
33414.02194,2619,3439.20,0.76,4330.28,35,22841.06
46869.79545,30,39.60,0.76,78.60,37,402.96
62332.91036,34,45.00,0.76,42.14,16,1028.99
84351.60936,39,51.00,0.76,75.45,28,3475.66
89009.13269,1635,2165.00,0.76,7555.44,81,399711.80
99645.52245,34,45.00,0.76,79.28,30,922.76
10364.08644,50,65.00,0.77,197.34,60,1117.37
38093.32095,624,813.00,0.77,898.04,18,3296.12
38621.46053,23,30.00,0.77,14.34,8,275.16
54440.0798,348,454.40,0.77,737.44,33,3740.02
68368.04535,104,135.00,0.77,201.25,28,35839.18
69905.31937,12,15.60,0.77,7.35,8,92.33
20540.37645,4723,6064.80,0.78,7001.58,23,35416.78
2264.265334,682,874.80,0.78,653.99,13,6074.29
23682.79807,54,69.60,0.78,75.14,21,322.37
43162.74144,86,110.40,0.78,118.17,23,1034.47
57821.70364,7654,9766.80,0.78,23485.43,58,133868.67
61623.30086,1442,1838.40,0.78,1914.52,28,19871.12
75543.6224,69,88.80,0.78,121.77,28,7335.32
87129.24137,14,18.00,0.78,36.70,44,185.43
1093.566669,712,902.40,0.79,1052.95,22,12014.15
16747.70499,2113,2658.00,0.79,2071.03,18,37143.53
34390.00277,471,592.80,0.79,838.85,33,2554.54
41079.60145,459,582.40,0.79,1391.95,60,12013.09
45174.96376,242,306.00,0.79,550.63,35,3933.36
70246.00321,357,453.60,0.79,809.78,35,3855.95
71000.67199,40,50.40,0.79,38.30,11,846.46
75533.75393,11,14.00,0.79,13.75,16,1012.43
89243.77892,323,409.20,0.79,784.78,33,5226.63
99408.71991,3045,3834.00,0.79,6244.86,35,21605.25
33525.41556,20,25.00,0.80,43.58,23,398.41
4154.608702,137,170.40,0.80,89.13,11,802.21
43416.42237,12,15.00,0.80,31.24,41,1382.95
66345.50015,26,32.40,0.80,63.44,41,214.62
84273.51019,26,32.40,0.80,44.66,21,215.70
28074.48401,1363,1675.20,0.81,2393.48,38,9764.26
55243.20891,706,870.00,0.81,2789.21,68,110940.24
56095.15083,8957,11057.20,0.81,25676.41,58,146603.73
79791.06754,19,23.40,0.81,16.16,11,129.92
81820.50532,3470,4287.60,0.81,1997.24,12,24579.92
64482.4853,269,326.40,0.82,514.43,28,37613.94
79780.34904,8272,10107.00,0.82,9834.32,21,46953.20
82506.3155,215,262.80,0.82,476.63,35,2757.65
8954.076984,510,621.00,0.82,670.03,15,4156.90
42600.17895,63,75.60,0.83,138.50,28,1589.42
49002.29976,654,790.40,0.83,1074.16,22,8544.03
49987.42053,462,558.00,0.83,1503.75,68,9908.94
56037.89845,713,861.00,0.83,1556.77,41,4398.62
62977.65315,4289,5178.80,0.83,12130.46,51,24267.20
68319.07542,538,645.00,0.83,878.17,25,3234.21
73183.07634,15,18.00,0.83,36.49,43,186.82
76119.6571,18,21.60,0.83,26.75,23,409.23
7725.185229,8466,10195.20,0.83,14233.76,30,70220.50
87484.99284,188038,227268.00,0.83,652937.33,76,982692.53
10728.18783,1094,1296.00,0.84,2416.64,37,8099.92
42197.0308,21,25.00,0.84,48.17,29,115.55
68753.34457,15547,18591.00,0.84,53344.35,78,158137.11
8351.712288,117,138.60,0.84,202.07,34,5791.70
15232.50738,31,36.40,0.85,40.24,16,341.39
20838.15682,23,27.00,0.85,36.47,23,328.76
22667.03678,43,50.40,0.85,51.62,16,516.81
23852.51996,1777,2080.80,0.85,3309.00,26,28600.69
34854.65502,40,46.80,0.85,58.34,15,332.36
35027.40025,1259,1475.20,0.85,2193.43,27,9046.96
3872.530019,1124,1320.00,0.85,847.39,13,8116.02
58870.79322,805,946.00,0.85,1877.15,35,5920.63
6795.122228,290,342.00,0.85,534.09,29,6561.95
71481.31066,175,207.00,0.85,303.77,23,1143.91
71657.17638,371,436.80,0.85,443.62,17,2227.19
87767.50716,23,27.00,0.85,39.78,29,132.58
16289.3966,44,51.00,0.86,65.29,21,281.98
26376.72145,57,66.60,0.86,211.97,87,1793.44
28305.80833,28,32.40,0.86,71.85,44,9740.26
3420.153399,171,198.00,0.86,411.58,30,1128.77
58344.90294,4042,4710.00,0.86,17987.52,87,126469.37
72009.69859,12,14.00,0.86,17.68,21,273.76
82832.34393,168,194.40,0.86,306.16,31,1544.00
3243.390147,1442,1651.20,0.87,3420.23,52,27187.20
56381.89685,27,31.20,0.87,31.95,16,498.28
62669.72857,130,148.80,0.87,76.66,13,1380.23
81640.24882,69,79.20,0.87,78.54,16,371.50
89385.16644,13,15.00,0.87,19.78,21,260.68
92208.60078,1797,2076.00,0.87,2643.48,26,12426.78
99849.03071,55,63.00,0.87,80.68,23,1048.66
18511.05158,36,40.80,0.88,51.61,25,259.77
19501.29949,137,156.00,0.88,85.09,11,845.09
61763.28744,26013,29594.40,0.88,90963.91,76,137466.63
72632.12152,8687,9831.60,0.88,9329.04,23,92697.53
79282.39564,120,136.00,0.88,96.40,16,1742.94
90839.04435,977,1104.00,0.88,560.03,13,6315.03
91056.89356,41,46.80,0.88,69.67,22,448.82
95500.49016,52,58.80,0.88,64.81,16,312.44
32538.50344,1709,1915.20,0.89,2683.76,35,33735.15
35399.65831,48,54.00,0.89,38.63,16,772.05
39547.29566,16,18.00,0.89,35.80,42,94.67
42508.60461,143,160.80,0.89,185.75,28,14234.42
44766.43608,345,386.40,0.89,645.86,35,2731.82
48757.60959,99,111.00,0.89,173.42,31,595.63
58947.41564,16,18.00,0.89,28.37,28,1398.11
62008.62797,412,464.80,0.89,901.89,44,4387.83
8303.918527,339,379.20,0.89,283.58,16,3079.77
9089.83595,5106,5750.40,0.89,9924.46,44,129909.92
12676.44662,183,204.40,0.90,355.89,36,6020.36
37695.82788,28,31.20,0.90,25.41,8,348.66
45494.15842,973,1075.20,0.90,2241.42,46,7240.03
57739.66091,35,39.00,0.90,64.19,30,7344.88
91035.61917,53,58.80,0.90,16.13,5,1243.37
16032.9716,3808,4185.00,0.91,10186.68,59,32398.81
17675.74024,41,45.00,0.91,117.51,50,267.34
2669.177997,125,137.20,0.91,371.74,66,3774.38
4179.736314,546,597.60,0.91,757.51,33,11703.55
4472.452456,94,103.60,0.91,163.62,29,17811.23
60353.48769,258,283.80,0.91,188.26,17,5944.44
67330.82858,1109,1215.00,0.91,3210.56,66,15291.03
69877.27583,2762,3027.20,0.91,11346.90,87,90601.77
82709.24091,244,268.40,0.91,775.61,60,5134.86
86446.44412,67,73.80,0.91,62.15,16,1347.87
95930.30237,113,124.20,0.91,178.40,31,1084.58
98053.03428,20,22.00,0.91,64.92,60,2812.09
22520.01689,11,12.00,0.92,14.16,22,56.71
32876.00356,832,902.40,0.92,734.85,8,6208.04
33510.5229,2773,3027.20,0.92,1968.72,16,19773.04
57978.83457,134,145.20,0.92,318.77,37,2346.56
61716.77149,4633,5032.00,0.92,8774.55,44,132267.47
64992.5687,181895,198536.80,0.92,511312.34,66,1395586.72
80109.94767,3193,3458.40,0.92,3739.29,28,27367.10
8263.863572,85,92.40,0.92,209.05,38,8084.36
17596.66454,451,484.00,0.93,1294.99,58,2337.17
21915.70075,28,30.00,0.93,22.24,16,166.01
24760.86271,180,193.20,0.93,317.65,31,4750.32
26941.50665,3770,4075.20,0.93,5768.50,35,49543.27
34316.69162,489,525.60,0.93,791.36,31,5188.79
38645.52128,14,15.00,0.93,28.20,37,5013.99
54058.36796,28116,30171.00,0.93,66272.61,56,150550.57
59065.7381,124,133.20,0.93,245.84,38,999.60
6591.650064,10,10.80,0.93,8.50,16,234.78
88457.06741,4806,5181.60,0.93,11666.12,58,35930.28
93725.9732,140,151.20,0.93,117.99,16,2698.00
98329.55094,86,92.40,0.93,288.64,61,1237.26
30529.13663,30,31.80,0.94,26.76,23,2423.20
33429.50256,46,48.80,0.94,26.30,12,1271.42
55531.14298,2933,3113.60,0.94,7560.39,58,37030.66
73714.04524,321,340.80,0.94,745.52,52,7069.29
12159.11518,194,204.40,0.95,445.20,46,1770.66
13305.90624,358,375.20,0.95,757.62,46,2536.37
14533.14101,29,30.60,0.95,67.17,60,391.87
17856.66378,472,496.80,0.95,882.53,31,2937.47
3527.394088,9874,10370.00,0.95,36753.70,80,70923.29
37920.10879,176,184.80,0.95,215.93,23,1271.72
96750.54531,1272,1337.60,0.95,3238.41,46,9095.54
11288.29837,225,233.20,0.96,518.98,37,2742.02
26443.5343,184,190.80,0.96,306.74,23,2748.76
27931.1516,20,20.80,0.96,18.97,17,202.97
33552.6275,290,300.80,0.96,418.16,38,21243.11
69829.51455,49,51.00,0.96,90.88,37,1106.90
38489.70519,115,118.80,0.97,211.56,28,2485.02
49076.64577,21,21.60,0.97,22.96,16,147.10
49843.96956,651,669.60,0.97,1149.86,27,7454.38
54186.82985,1716,1766.40,0.97,1742.13,23,68835.04
9225.661922,84,87.00,0.97,116.94,21,483.99
93540.85184,46993,48348.80,0.97,103501.39,46,388702.10
12583.73606,1171,1195.00,0.98,3555.23,61,7371.87
3478.938552,363,369.60,0.98,567.61,33,2538.17
36205.11128,34,34.80,0.98,20.77,11,1016.43
64571.78884,7973,8169.60,0.98,12197.54,31,59140.89
78565.34973,657,670.00,0.98,1741.06,46,4568.90
99188.33387,66,67.20,0.98,151.73,41,1067.11
53779.00665,31,31.20,0.99,39.47,22,268.73
57080.21584,261,264.00,0.99,354.86,21,1366.26
48946.51898,426,427.20,1.00,1048.66,66,12698.83
67855.63481,7719,7720.20,1.00,13048.07,44,41942.39
91054.88135,11283,11312.40,1.00,48170.18,108,117929.47
