sku,inventory_units_on_hand,projected_average_monthly_demand,inventory_shortfall_units,standard_price,estimated_shortfall_inventory_value,total_shortfall_inventory_value,percentage_of_total_shortfall_exposure
46174.19704,253,4032.00,3779.00,634.00,2395886.00,36857155.00,6.50
36272.20584,63816,505529.20,441713.20,5.00,2208566.00,36857155.00,5.99
23279.88664,207,3013.20,2806.20,676.00,1896991.20,36857155.00,5.15
59649.09941,74857,265986.00,191129.00,7.00,1337903.00,36857155.00,3.63
54259.55534,58056,234180.00,176124.00,7.00,1232868.00,36857155.00,3.34
16008.34214,9519,44532.40,35013.40,24.00,840321.60,36857155.00,2.28
18382.47986,39924,138059.60,98135.60,7.00,686949.20,36857155.00,1.86
5742.090902,1352,23514.00,22162.00,30.00,664860.00,36857155.00,1.80
61431.51228,76673,173239.20,96566.20,6.00,579397.20,36857155.00,1.57
35617.26411,3336,15668.40,12332.40,45.00,554958.00,36857155.00,1.51
57292.27939,14867,34473.60,19606.60,26.00,509771.60,36857155.00,1.38
14950.11098,17399,73742.40,56343.40,8.00,450747.20,36857155.00,1.22
67689.42493,1435,20683.20,19248.20,23.00,442708.60,36857155.00,1.20
21691.1655,41024,88816.80,47792.80,8.00,382342.40,36857155.00,1.04
11938.60819,2993,15638.40,12645.40,30.00,379362.00,36857155.00,1.03
40586.17221,6510,33390.00,26880.00,14.00,376320.00,36857155.00,1.02
99691.56817,8809,59721.20,50912.20,7.00,356385.40,36857155.00,0.97
28358.53042,14998,65805.00,50807.00,7.00,355649.00,36857155.00,0.96
49404.04188,5868,21485.20,15617.20,22.00,343578.40,36857155.00,0.93
45558.36564,72748,121220.00,48472.00,7.00,339304.00,36857155.00,0.92
88893.99833,2776,23922.80,21146.80,16.00,338348.80,36857155.00,0.92
42076.92509,3399,13192.80,9793.80,33.00,323195.40,36857155.00,0.88
26570.05479,14614,51936.00,37322.00,8.00,298576.00,36857155.00,0.81
69432.77751,12351,53954.40,41603.40,7.00,291223.80,36857155.00,0.79
85525.70369,13658,61347.60,47689.60,6.00,286137.60,36857155.00,0.78
71829.76937,2894,19656.00,16762.00,17.00,284954.00,36857155.00,0.77
26976.03739,7807,27764.00,19957.00,14.00,279398.00,36857155.00,0.76
49628.93981,2961,24098.80,21137.80,13.00,274791.40,36857155.00,0.75
9755.440137,2038,6916.80,4878.80,56.00,273212.80,36857155.00,0.74
28535.78795,5432,14871.60,9439.60,28.00,264308.80,36857155.00,0.72
34924.93689,3247,31926.40,28679.40,9.00,258114.60,36857155.00,0.70
34319.52555,25872,62205.00,36333.00,7.00,254331.00,36857155.00,0.69
99155.5808,3981,52927.60,48946.60,5.00,244733.00,36857155.00,0.66
98395.41806,1418,4240.80,2822.80,81.00,228646.80,36857155.00,0.62
44410.82251,1135,8032.80,6897.80,33.00,227627.40,36857155.00,0.62
43989.70312,20537,40645.00,20108.00,11.00,221188.00,36857155.00,0.60
22916.56386,1858,10479.00,8621.00,25.00,215525.00,36857155.00,0.58
53642.5735,3467,22818.40,19351.40,11.00,212865.40,36857155.00,0.58
67997.98926,12,1840.00,1828.00,114.00,208392.00,36857155.00,0.57
70313.2463,32245,61902.00,29657.00,7.00,207599.00,36857155.00,0.56
94414.55339,2518,19120.00,16602.00,12.00,199224.00,36857155.00,0.54
87484.99284,188038,227268.00,39230.00,5.00,196150.00,36857155.00,0.53
14804.73021,26631,50403.60,23772.60,8.00,190180.80,36857155.00,0.52
47951.68833,1795,8961.00,7166.00,26.00,186316.00,36857155.00,0.51
44607.35256,287,1478.40,1191.40,141.00,167987.40,36857155.00,0.46
10644.09722,1711,24984.00,23273.00,7.00,162911.00,36857155.00,0.44
67332.30068,1096,2875.60,1779.60,91.00,161943.60,36857155.00,0.44
44090.41583,3200,15510.00,12310.00,12.00,147720.00,36857155.00,0.40
18043.66253,18811,39715.20,20904.20,7.00,146329.40,36857155.00,0.40
54977.50853,219,710.40,491.40,291.00,142997.40,36857155.00,0.39
39743.43884,8545,25974.00,17429.00,8.00,139432.00,36857155.00,0.38
56308.83258,13983,33409.60,19426.60,7.00,135986.20,36857155.00,0.37
64992.5687,181895,198536.80,16641.80,8.00,133134.40,36857155.00,0.36
14290.54489,16293,38400.00,22107.00,6.00,132642.00,36857155.00,0.36
30629.55147,6314,15011.20,8697.20,15.00,130458.00,36857155.00,0.35
24320.22778,5494,24071.60,18577.60,7.00,130043.20,36857155.00,0.35
89009.13269,1635,2165.00,530.00,244.00,129320.00,36857155.00,0.35
83005.11665,6017,27399.60,21382.60,6.00,128295.60,36857155.00,0.35
50290.72633,306,4305.00,3999.00,32.00,127968.00,36857155.00,0.35
98292.19693,98,1620.00,1522.00,83.00,126326.00,36857155.00,0.34
37118.06545,1279,2241.60,962.60,129.00,124175.40,36857155.00,0.34
18112.22332,4093,21285.00,17192.00,7.00,120344.00,36857155.00,0.33
91970.25303,42,2116.40,2074.40,58.00,120315.20,36857155.00,0.33
29076.92688,5857,22996.40,17139.40,7.00,119975.80,36857155.00,0.33
81228.37722,604,3968.80,3364.80,35.00,117768.00,36857155.00,0.32
22511.99721,23621,40160.00,16539.00,7.00,115773.00,36857155.00,0.31
17406.29569,14511,31045.00,16534.00,7.00,115738.00,36857155.00,0.31
34523.52836,2491,10695.00,8204.00,14.00,114856.00,36857155.00,0.31
87631.39657,32358,48745.00,16387.00,7.00,114709.00,36857155.00,0.31
15371.66377,6404,29206.40,22802.40,5.00,114012.00,36857155.00,0.31
4569.760124,1595,4438.40,2843.40,40.00,113736.00,36857155.00,0.31
25048.87383,2338,18535.00,16197.00,7.00,113379.00,36857155.00,0.31
82550.86699,16281,30128.00,13847.00,8.00,110776.00,36857155.00,0.30
39885.56665,43,3115.20,3072.20,35.00,107527.00,36857155.00,0.29
35915.04203,1496,5253.00,3757.00,27.00,101439.00,36857155.00,0.28
64747.20442,41,205.00,164.00,613.00,100532.00,36857155.00,0.27
75376.51236,1873,2646.00,773.00,130.00,100490.00,36857155.00,0.27
63798.28568,5759,13337.60,7578.60,13.00,98521.80,36857155.00,0.27
23498.26719,1123,4360.40,3237.40,29.00,93884.60,36857155.00,0.25
10198.98596,4103,17427.00,13324.00,7.00,93268.00,36857155.00,0.25
97672.2991,812,14071.20,13259.20,7.00,92814.40,36857155.00,0.25
41409.2889,10091,23339.20,13248.20,7.00,92737.40,36857155.00,0.25
19439.60814,952,2486.40,1534.40,59.00,90529.60,36857155.00,0.25
64596.80984,2623,17665.20,15042.20,6.00,90253.20,36857155.00,0.24
60478.8553,975,13752.00,12777.00,7.00,89439.00,36857155.00,0.24
18011.47757,4537,11312.40,6775.40,13.00,88080.20,36857155.00,0.24
80233.63754,524,8395.20,7871.20,11.00,86583.20,36857155.00,0.23
18596.89763,3240,12427.20,9187.20,9.00,82684.80,36857155.00,0.22
70466.39833,803,1749.60,946.60,85.00,80461.00,36857155.00,0.22
23278.46785,3169,10476.40,7307.40,11.00,80381.40,36857155.00,0.22
57066.9144,725,14111.20,13386.20,6.00,80317.20,36857155.00,0.22
6029.396022,5150,15120.00,9970.00,8.00,79760.00,36857155.00,0.22
63513.44727,3351,13283.20,9932.20,8.00,79457.60,36857155.00,0.22
93757.32748,2515,8073.60,5558.60,14.00,77820.40,36857155.00,0.21
3757.355247,533,6995.00,6462.00,12.00,77544.00,36857155.00,0.21
4632.399445,9462,22386.00,12924.00,6.00,77544.00,36857155.00,0.21
96256.89429,2307,8246.40,5939.40,13.00,77212.20,36857155.00,0.21
87489.68716,12156,21652.80,9496.80,8.00,75974.40,36857155.00,0.21
87190.2062,730,2331.00,1601.00,45.00,72045.00,36857155.00,0.20
46978.24183,351,1180.80,829.80,86.00,71362.80,36857155.00,0.19
83385.07533,7092,14170.00,7078.00,10.00,70780.00,36857155.00,0.19
71185.22702,2213,5570.40,3357.40,21.00,70505.40,36857155.00,0.19
62360.0844,703,4144.80,3441.80,20.00,68836.00,36857155.00,0.19
69248.1887,2398,5728.80,3330.80,20.00,66616.00,36857155.00,0.18
72433.88595,4272,11659.20,7387.20,9.00,66484.80,36857155.00,0.18
50727.27312,12,326.40,314.40,210.00,66024.00,36857155.00,0.18
12338.91806,2135,8719.20,6584.20,10.00,65842.00,36857155.00,0.18
85781.62452,1264,1778.40,514.40,127.00,65328.80,36857155.00,0.18
98629.22568,3853,11926.40,8073.40,8.00,64587.20,36857155.00,0.18
74569.65391,207,305.00,98.00,635.00,62230.00,36857155.00,0.17
1627.077928,4521,12164.40,7643.40,8.00,61147.20,36857155.00,0.17
915.1744482,431,4251.60,3820.60,16.00,61129.60,36857155.00,0.17
56242.56638,2994,11704.00,8710.00,7.00,60970.00,36857155.00,0.17
37057.50135,49,234.00,185.00,321.00,59385.00,36857155.00,0.16
1365.039104,2694,7538.40,4844.40,12.00,58132.80,36857155.00,0.16
79974.57181,21221,32315.00,11094.00,5.00,55470.00,36857155.00,0.15
21539.09202,804,2572.80,1768.80,31.00,54832.80,36857155.00,0.15
56336.00866,2210,9965.00,7755.00,7.00,54285.00,36857155.00,0.15
93594.20805,1339,4348.40,3009.40,18.00,54169.20,36857155.00,0.15
14203.87101,446,2525.60,2079.60,26.00,54069.60,36857155.00,0.15
49940.1708,2069,3510.00,1441.00,36.00,51876.00,36857155.00,0.14
95637.65634,2923,8078.40,5155.40,10.00,51554.00,36857155.00,0.14
73327.4254,3343,7295.20,3952.20,13.00,51378.60,36857155.00,0.14
32462.07942,108,2385.00,2277.00,22.00,50094.00,36857155.00,0.14
70551.67392,295,4791.00,4496.00,11.00,49456.00,36857155.00,0.13
87232.7768,8482,12597.60,4115.60,12.00,49387.20,36857155.00,0.13
93898.13441,4993,11972.40,6979.40,7.00,48855.80,36857155.00,0.13
72167.89241,981,3385.20,2404.20,20.00,48084.00,36857155.00,0.13
94862.77623,8387,15178.80,6791.80,7.00,47542.60,36857155.00,0.13
5955.445524,309,3099.60,2790.60,17.00,47440.20,36857155.00,0.13
70191.94028,655,1443.20,788.20,60.00,47292.00,36857155.00,0.13
3557.786413,596,2642.40,2046.40,23.00,47067.20,36857155.00,0.13
48698.09401,631,2770.00,2139.00,22.00,47058.00,36857155.00,0.13
41997.10601,551,8370.00,7819.00,6.00,46914.00,36857155.00,0.13
42177.39672,824,2750.40,1926.40,24.00,46233.60,36857155.00,0.13
30570.48898,880,2592.00,1712.00,27.00,46224.00,36857155.00,0.13
63575.69139,3199,8835.00,5636.00,8.00,45088.00,36857155.00,0.12
55020.73056,2334,6422.40,4088.40,11.00,44972.40,36857155.00,0.12
95060.09803,481,3085.20,2604.20,17.00,44271.40,36857155.00,0.12
98453.01234,3203,9480.00,6277.00,7.00,43939.00,36857155.00,0.12
90793.93472,1706,3105.60,1399.60,31.00,43387.60,36857155.00,0.12
38229.3787,6131,11512.80,5381.80,8.00,43054.40,36857155.00,0.12
93176.32465,563,2730.00,2167.00,19.00,41173.00,36857155.00,0.11
31580.12914,234,2915.00,2681.00,15.00,40215.00,36857155.00,0.11
90821.14854,1575,6541.60,4966.60,8.00,39732.80,36857155.00,0.11
7536.769747,565,2081.20,1516.20,26.00,39421.20,36857155.00,0.11
56443.5394,3546,9126.40,5580.40,7.00,39062.80,36857155.00,0.11
64862.27061,55,684.00,629.00,62.00,38998.00,36857155.00,0.11
56666.55127,98,1335.00,1237.00,31.00,38347.00,36857155.00,0.10
42518.77956,668,4895.00,4227.00,9.00,38043.00,36857155.00,0.10
89546.99097,259,1526.40,1267.40,30.00,38022.00,36857155.00,0.10
63104.85832,61,1086.80,1025.80,37.00,37954.60,36857155.00,0.10
16141.79206,3268,8558.00,5290.00,7.00,37030.00,36857155.00,0.10
52376.6073,641,1443.20,802.20,46.00,36901.20,36857155.00,0.10
28063.98004,9969,15207.00,5238.00,7.00,36666.00,36857155.00,0.10
23548.24418,2141,4256.00,2115.00,17.00,35955.00,36857155.00,0.10
57821.70364,7654,9766.80,2112.80,17.00,35917.60,36857155.00,0.10
79482.93109,3916,9847.60,5931.60,6.00,35589.60,36857155.00,0.10
63421.99319,1381,4105.00,2724.00,13.00,35412.00,36857155.00,0.10
84896.52428,12108,16531.20,4423.20,8.00,35385.60,36857155.00,0.10
65708.3253,1028,2992.00,1964.00,18.00,35352.00,36857155.00,0.10
51627.95997,1828,6792.80,4964.80,7.00,34753.60,36857155.00,0.09
86600.20453,1368,4038.00,2670.00,13.00,34710.00,36857155.00,0.09
46383.9519,206,445.00,239.00,144.00,34416.00,36857155.00,0.09
93732.1487,967,3115.20,2148.20,16.00,34371.20,36857155.00,0.09
80969.10545,536,934.40,398.40,85.00,33864.00,36857155.00,0.09
56095.15083,8957,11057.20,2100.20,16.00,33603.20,36857155.00,0.09
82525.33971,321,4467.60,4146.60,8.00,33172.80,36857155.00,0.09
56062.73383,10,15.00,5.00,6600.00,33000.00,36857155.00,0.09
30805.18253,1203,6610.00,5407.00,6.00,32442.00,36857155.00,0.09
58137.15511,948,2343.00,1395.00,23.00,32085.00,36857155.00,0.09
72476.04079,2384,4783.20,2399.20,13.00,31189.60,36857155.00,0.08
36027.65259,93,1922.80,1829.80,17.00,31106.60,36857155.00,0.08
95126.42502,27,75.00,48.00,641.00,30768.00,36857155.00,0.08
68753.34457,15547,18591.00,3044.00,10.00,30440.00,36857155.00,0.08
65377.15408,846,2444.80,1598.80,19.00,30377.20,36857155.00,0.08
61513.44926,93,1355.00,1262.00,24.00,30288.00,36857155.00,0.08
86564.39253,5323,9598.40,4275.40,7.00,29927.80,36857155.00,0.08
3596.258665,1207,1985.00,778.00,38.00,29564.00,36857155.00,0.08
72201.46064,633,4840.80,4207.80,7.00,29454.60,36857155.00,0.08
27931.32597,346,554.40,208.40,141.00,29384.40,36857155.00,0.08
19058.81913,112,2365.00,2253.00,13.00,29289.00,36857155.00,0.08
36898.13304,69,110.40,41.40,696.00,28814.40,36857155.00,0.08
96799.14512,627,1654.40,1027.40,28.00,28767.20,36857155.00,0.08
7484.962409,208,679.20,471.20,61.00,28743.20,36857155.00,0.08
87706.61221,1982,6086.40,4104.40,7.00,28730.80,36857155.00,0.08
35927.35771,794,4866.40,4072.40,7.00,28506.80,36857155.00,0.08
5762.614267,180,1666.00,1486.00,19.00,28234.00,36857155.00,0.08
3526.790467,290,730.80,440.80,64.00,28211.20,36857155.00,0.08
75128.79596,2286,6966.40,4680.40,6.00,28082.40,36857155.00,0.08
77635.18409,2829,5947.20,3118.20,9.00,28063.80,36857155.00,0.08
65537.65773,563,5094.00,4531.00,6.00,27186.00,36857155.00,0.07
88579.59732,603,4416.00,3813.00,7.00,26691.00,36857155.00,0.07
38413.66891,1246,3436.40,2190.40,12.00,26284.80,36857155.00,0.07
55243.20891,706,870.00,164.00,157.00,25748.00,36857155.00,0.07
75569.60735,365,669.00,304.00,84.00,25536.00,36857155.00,0.07
53960.60565,1065,4710.00,3645.00,7.00,25515.00,36857155.00,0.07
96657.5001,4817,9012.00,4195.00,6.00,25170.00,36857155.00,0.07
23113.94007,482,1680.00,1198.00,21.00,25158.00,36857155.00,0.07
36031.03594,495,1122.00,627.00,40.00,25080.00,36857155.00,0.07
73291.86838,1114,1890.00,776.00,32.00,24832.00,36857155.00,0.07
7168.284088,158,1279.60,1121.60,22.00,24675.20,36857155.00,0.07
31119.19079,579,3647.60,3068.60,8.00,24548.80,36857155.00,0.07
84276.1629,249,583.20,334.20,73.00,24396.60,36857155.00,0.07
82315.40602,1903,4588.80,2685.80,9.00,24172.20,36857155.00,0.07
80283.87575,1978,4658.40,2680.40,9.00,24123.60,36857155.00,0.07
90403.3881,4122,7559.20,3437.20,7.00,24060.40,36857155.00,0.07
68005.84706,721,4075.20,3354.20,7.00,23479.40,36857155.00,0.06
71032.68656,177,396.00,219.00,107.00,23433.00,36857155.00,0.06
8431.172843,7619,10950.00,3331.00,7.00,23317.00,36857155.00,0.06
40486.81469,516,2065.00,1549.00,15.00,23235.00,36857155.00,0.06
3168.332644,4688,7580.00,2892.00,8.00,23136.00,36857155.00,0.06
81501.09753,146,390.00,244.00,94.00,22936.00,36857155.00,0.06
79960.39306,352,2899.60,2547.60,9.00,22928.40,36857155.00,0.06
87576.31826,117,2365.00,2248.00,10.00,22480.00,36857155.00,0.06
92696.22767,1254,3295.80,2041.80,11.00,22459.80,36857155.00,0.06
88394.37669,128,291.60,163.60,137.00,22413.20,36857155.00,0.06
19193.13063,2114,3711.00,1597.00,14.00,22358.00,36857155.00,0.06
2037.852636,24,409.20,385.20,58.00,22341.60,36857155.00,0.06
61494.19702,46,1424.00,1378.00,16.00,22048.00,36857155.00,0.06
12512.44766,533,3273.60,2740.60,8.00,21924.80,36857155.00,0.06
32535.36267,4087,7174.80,3087.80,7.00,21614.60,36857155.00,0.06
25890.6082,2231,5806.80,3575.80,6.00,21454.80,36857155.00,0.06
79164.04235,51,114.80,63.80,336.00,21436.80,36857155.00,0.06
19725.13695,292,1116.00,824.00,26.00,21424.00,36857155.00,0.06
82248.32662,4,23.20,19.20,1104.00,21196.80,36857155.00,0.06
88657.84393,3485,6512.00,3027.00,7.00,21189.00,36857155.00,0.06
7908.806989,439,1614.00,1175.00,18.00,21150.00,36857155.00,0.06
84472.29913,55,524.40,469.40,45.00,21123.00,36857155.00,0.06
66245.92726,344,883.20,539.20,39.00,21028.80,36857155.00,0.06
28071.43638,66,844.80,778.80,27.00,21027.60,36857155.00,0.06
35565.33108,840,4993.20,4153.20,5.00,20766.00,36857155.00,0.06
58344.90294,4042,4710.00,668.00,31.00,20708.00,36857155.00,0.06
73887.80966,602,3540.00,2938.00,7.00,20566.00,36857155.00,0.06
7137.726453,1223,5302.00,4079.00,5.00,20395.00,36857155.00,0.06
5404.511258,285,609.00,324.00,62.00,20088.00,36857155.00,0.05
67863.27004,1128,4476.00,3348.00,6.00,20088.00,36857155.00,0.05
30931.06155,85,356.40,271.40,71.00,19269.40,36857155.00,0.05
18728.79269,2238,3718.00,1480.00,13.00,19240.00,36857155.00,0.05
2333.247696,7466,10164.00,2698.00,7.00,18886.00,36857155.00,0.05
63320.62117,649,1275.00,626.00,30.00,18780.00,36857155.00,0.05
66926.05819,294,1520.00,1226.00,15.00,18390.00,36857155.00,0.05
93718.02454,1747,3769.20,2022.20,9.00,18199.80,36857155.00,0.05
76540.99113,231,831.60,600.60,30.00,18018.00,36857155.00,0.05
63214.18444,916,3902.40,2986.40,6.00,17918.40,36857155.00,0.05
61763.28744,26013,29594.40,3581.40,5.00,17907.00,36857155.00,0.05
43822.25836,27,1645.20,1618.20,11.00,17800.20,36857155.00,0.05
33116.19225,3268,4636.80,1368.80,13.00,17794.40,36857155.00,0.05
87697.91586,926,3885.00,2959.00,6.00,17754.00,36857155.00,0.05
41041.53084,712,2915.00,2203.00,8.00,17624.00,36857155.00,0.05
68144.5966,1076,2826.00,1750.00,10.00,17500.00,36857155.00,0.05
13539.16641,105,306.00,201.00,87.00,17487.00,36857155.00,0.05
43160.03555,191,3097.60,2906.60,6.00,17439.60,36857155.00,0.05
65657.65403,1042,4483.60,3441.60,5.00,17208.00,36857155.00,0.05
54211.1528,693,1353.60,660.60,26.00,17175.60,36857155.00,0.05
77443.78208,1360,3072.00,1712.00,10.00,17120.00,36857155.00,0.05
747.6157018,6576,9965.00,3389.00,5.00,16945.00,36857155.00,0.05
92222.6744,598,2286.00,1688.00,10.00,16880.00,36857155.00,0.05
38.49898826,0,45.00,45.00,373.00,16785.00,36857155.00,0.05
10448.96367,884,3280.00,2396.00,7.00,16772.00,36857155.00,0.05
49937.31222,1630,3717.60,2087.60,8.00,16700.80,36857155.00,0.05
20968.31645,705,1740.00,1035.00,16.00,16560.00,36857155.00,0.04
62012.31696,842,3189.60,2347.60,7.00,16433.20,36857155.00,0.04
36309.32121,1561,3379.20,1818.20,9.00,16363.80,36857155.00,0.04
60386.38837,25,195.20,170.20,96.00,16339.20,36857155.00,0.04
9089.83595,5106,5750.40,644.40,25.00,16110.00,36857155.00,0.04
2394.595154,379,1840.00,1461.00,11.00,16071.00,36857155.00,0.04
56625.98059,495,1488.00,993.00,16.00,15888.00,36857155.00,0.04
39095.80432,218,828.80,610.80,26.00,15880.80,36857155.00,0.04
63410.09885,29,183.00,154.00,103.00,15862.00,36857155.00,0.04
29387.11002,1742,3489.20,1747.20,9.00,15724.80,36857155.00,0.04
21392.91957,196,1936.80,1740.80,9.00,15667.20,36857155.00,0.04
29811.36582,114,486.00,372.00,42.00,15624.00,36857155.00,0.04
76211.07499,371,1337.60,966.60,16.00,15465.60,36857155.00,0.04
86385.28281,218,990.00,772.00,20.00,15440.00,36857155.00,0.04
3551.005172,1012,3204.00,2192.00,7.00,15344.00,36857155.00,0.04
60161.15634,867,2764.80,1897.80,8.00,15182.40,36857155.00,0.04
46611.83305,1729,3609.60,1880.60,8.00,15044.80,36857155.00,0.04
40406.70397,296,669.60,373.60,40.00,14944.00,36857155.00,0.04
15253.35954,173,818.40,645.40,23.00,14844.20,36857155.00,0.04
280.7880631,1107,2451.00,1344.00,11.00,14784.00,36857155.00,0.04
94452.9786,335,1548.80,1213.80,12.00,14565.60,36857155.00,0.04
81043.20569,41,148.80,107.80,134.00,14445.20,36857155.00,0.04
52738.31427,54,127.60,73.60,195.00,14352.00,36857155.00,0.04
69222.79091,890,3280.80,2390.80,6.00,14344.80,36857155.00,0.04
27821.00845,163,610.00,447.00,32.00,14304.00,36857155.00,0.04
40235.04519,88,396.00,308.00,45.00,13860.00,36857155.00,0.04
7725.185229,8466,10195.20,1729.20,8.00,13833.60,36857155.00,0.04
97523.24943,694,2420.00,1726.00,8.00,13808.00,36857155.00,0.04
19252.2782,21,147.60,126.60,109.00,13799.40,36857155.00,0.04
2465.773782,1864,2718.00,854.00,16.00,13664.00,36857155.00,0.04
19661.95471,810,1390.40,580.40,23.00,13349.20,36857155.00,0.04
7029.358676,234,2134.40,1900.40,7.00,13302.80,36857155.00,0.04
34274.56174,2191,3520.00,1329.00,10.00,13290.00,36857155.00,0.04
60355.84501,1337,2345.00,1008.00,13.00,13104.00,36857155.00,0.04
21094.16479,394,1700.00,1306.00,10.00,13060.00,36857155.00,0.04
38880.52514,2932,4792.80,1860.80,7.00,13025.60,36857155.00,0.04
98215.01082,33,416.00,383.00,34.00,13022.00,36857155.00,0.04
30446.83697,2663,4783.20,2120.20,6.00,12721.20,36857155.00,0.03
8120.820974,345,1746.80,1401.80,9.00,12616.20,36857155.00,0.03
72632.12152,8687,9831.60,1144.60,11.00,12590.60,36857155.00,0.03
93034.15064,32,198.00,166.00,75.00,12450.00,36857155.00,0.03
66529.1874,1697,3070.80,1373.80,9.00,12364.20,36857155.00,0.03
38791.91313,500,2555.20,2055.20,6.00,12331.20,36857155.00,0.03
16165.94128,276,1817.20,1541.20,8.00,12329.60,36857155.00,0.03
39287.16927,595,1822.80,1227.80,10.00,12278.00,36857155.00,0.03
91096.30959,180,324.80,144.80,84.00,12163.20,36857155.00,0.03
78653.37195,2193,3916.80,1723.80,7.00,12066.60,36857155.00,0.03
12912.21779,117,1619.20,1502.20,8.00,12017.60,36857155.00,0.03
17244.61854,604,2314.40,1710.40,7.00,11972.80,36857155.00,0.03
43598.46964,17,145.00,128.00,93.00,11904.00,36857155.00,0.03
14177.70251,69,194.40,125.40,94.00,11787.60,36857155.00,0.03
21179.05749,275,650.00,375.00,31.00,11625.00,36857155.00,0.03
61716.77149,4633,5032.00,399.00,29.00,11571.00,36857155.00,0.03
39413.5795,955,2846.80,1891.80,6.00,11350.80,36857155.00,0.03
58114.46097,956,2572.80,1616.80,7.00,11317.60,36857155.00,0.03
90981.63034,200,765.00,565.00,20.00,11300.00,36857155.00,0.03
43049.36974,775,1476.00,701.00,16.00,11216.00,36857155.00,0.03
96539.69681,426,1215.00,789.00,14.00,11046.00,36857155.00,0.03
44496.49661,260,950.00,690.00,16.00,11040.00,36857155.00,0.03
79780.34904,8272,10107.00,1835.00,6.00,11010.00,36857155.00,0.03
92167.07479,538,1116.00,578.00,19.00,10982.00,36857155.00,0.03
72448.97528,426,1419.00,993.00,11.00,10923.00,36857155.00,0.03
32623.09674,47,104.40,57.40,190.00,10906.00,36857155.00,0.03
28.25267997,477,2028.40,1551.40,7.00,10859.80,36857155.00,0.03
93540.85184,46993,48348.80,1355.80,8.00,10846.40,36857155.00,0.03
24878.72365,155,319.20,164.20,66.00,10837.20,36857155.00,0.03
65825.06061,15,736.40,721.40,15.00,10821.00,36857155.00,0.03
88372.4601,1108,2008.80,900.80,12.00,10809.60,36857155.00,0.03
49467.87115,2633,4424.40,1791.40,6.00,10748.40,36857155.00,0.03
32116.59585,79,710.00,631.00,17.00,10727.00,36857155.00,0.03
68368.04535,104,135.00,31.00,346.00,10726.00,36857155.00,0.03
12151.20378,11,125.00,114.00,93.00,10602.00,36857155.00,0.03
97364.80366,879,1936.80,1057.80,10.00,10578.00,36857155.00,0.03
90520.7083,135,1296.00,1161.00,9.00,10449.00,36857155.00,0.03
59279.79637,506,1993.60,1487.60,7.00,10413.20,36857155.00,0.03
37557.19109,370,862.40,492.40,21.00,10340.40,36857155.00,0.03
95346.79829,564,2280.00,1716.00,6.00,10296.00,36857155.00,0.03
54058.36796,28116,30171.00,2055.00,5.00,10275.00,36857155.00,0.03
14606.23724,263,1051.60,788.60,13.00,10251.80,36857155.00,0.03
10741.3015,1350,2368.00,1018.00,10.00,10180.00,36857155.00,0.03
65391.11999,436,2112.00,1676.00,6.00,10056.00,36857155.00,0.03
89175.46102,18,175.20,157.20,63.00,9903.60,36857155.00,0.03
89693.70052,37,87.00,50.00,197.00,9850.00,36857155.00,0.03
16747.70499,2113,2658.00,545.00,18.00,9810.00,36857155.00,0.03
39637.39026,24,321.20,297.20,33.00,9807.60,36857155.00,0.03
63570.17856,731,1619.20,888.20,11.00,9770.20,36857155.00,0.03
3430.48939,841,2794.00,1953.00,5.00,9765.00,36857155.00,0.03
14965.64597,325,730.00,405.00,24.00,9720.00,36857155.00,0.03
5409.530584,135,669.60,534.60,18.00,9622.80,36857155.00,0.03
79937.84794,424,930.00,506.00,19.00,9614.00,36857155.00,0.03
13701.89066,1136,3051.40,1915.40,5.00,9577.00,36857155.00,0.03
73985.47922,524,1887.60,1363.60,7.00,9545.20,36857155.00,0.03
20540.37645,4723,6064.80,1341.80,7.00,9392.60,36857155.00,0.03
25506.41763,67,610.00,543.00,17.00,9231.00,36857155.00,0.03
63005.95015,105,756.80,651.80,14.00,9125.20,36857155.00,0.02
53336.45984,179,501.60,322.60,28.00,9032.80,36857155.00,0.02
29275.11571,114,1015.00,901.00,10.00,9010.00,36857155.00,0.02
85865.43543,97,198.00,101.00,89.00,8989.00,36857155.00,0.02
93769.78771,528,849.00,321.00,28.00,8988.00,36857155.00,0.02
52640.43787,96,1372.80,1276.80,7.00,8937.60,36857155.00,0.02
55583.32874,81,676.80,595.80,15.00,8937.00,36857155.00,0.02
46788.20641,2972,4234.80,1262.80,7.00,8839.60,36857155.00,0.02
69877.27583,2762,3027.20,265.20,33.00,8751.60,36857155.00,0.02
96362.12156,172,1041.60,869.60,10.00,8696.00,36857155.00,0.02
71502.14742,123,265.00,142.00,61.00,8662.00,36857155.00,0.02
3316.979588,18,65.00,47.00,184.00,8648.00,36857155.00,0.02
50337.76968,10,730.40,720.40,12.00,8644.80,36857155.00,0.02
82197.08445,1018,1870.00,852.00,10.00,8520.00,36857155.00,0.02
81765.22543,1180,2379.60,1199.60,7.00,8397.20,36857155.00,0.02
50164.97265,26,57.20,31.20,268.00,8361.60,36857155.00,0.02
32745.01858,544,984.00,440.00,19.00,8360.00,36857155.00,0.02
50753.1553,771,1460.80,689.80,12.00,8277.60,36857155.00,0.02
75376.46112,1001,2372.40,1371.40,6.00,8228.40,36857155.00,0.02
81114.43459,9,75.60,66.60,123.00,8191.80,36857155.00,0.02
7595.552357,8,223.20,215.20,38.00,8177.60,36857155.00,0.02
93549.10259,4,74.80,70.80,115.00,8142.00,36857155.00,0.02
96233.84203,717,1530.00,813.00,10.00,8130.00,36857155.00,0.02
33850.33114,116,928.40,812.40,10.00,8124.00,36857155.00,0.02
9309.664142,716,1729.20,1013.20,8.00,8105.60,36857155.00,0.02
17357.58358,336,841.60,505.60,16.00,8089.60,36857155.00,0.02
37616.39721,2030,2838.00,808.00,10.00,8080.00,36857155.00,0.02
80430.37141,203,305.00,102.00,79.00,8058.00,36857155.00,0.02
64482.4853,269,326.40,57.40,140.00,8036.00,36857155.00,0.02
21705.9442,38,146.40,108.40,74.00,8021.60,36857155.00,0.02
76441.54962,188,1315.00,1127.00,7.00,7889.00,36857155.00,0.02
53493.12248,222,874.80,652.80,12.00,7833.60,36857155.00,0.02
72649.08856,346,669.60,323.60,24.00,7766.40,36857155.00,0.02
9459.675836,152,1408.00,1256.00,6.00,7536.00,36857155.00,0.02
40954.52543,166,702.00,536.00,14.00,7504.00,36857155.00,0.02
56878.11327,8,204.40,196.40,38.00,7463.20,36857155.00,0.02
75443.06423,287,1115.00,828.00,9.00,7452.00,36857155.00,0.02
33414.02194,2619,3439.20,820.20,9.00,7381.80,36857155.00,0.02
82289.6548,255,777.60,522.60,14.00,7316.40,36857155.00,0.02
57529.21552,39,274.40,235.40,31.00,7297.40,36857155.00,0.02
95344.06909,372,607.20,235.20,31.00,7291.20,36857155.00,0.02
21391.12157,88,695.20,607.20,12.00,7286.40,36857155.00,0.02
1132.416829,2,21.60,19.60,371.00,7271.60,36857155.00,0.02
91086.65585,48,171.00,123.00,59.00,7257.00,36857155.00,0.02
24401.95087,16,607.20,591.20,12.00,7094.40,36857155.00,0.02
42687.20778,20,132.00,112.00,63.00,7056.00,36857155.00,0.02
15390.4921,270,854.40,584.40,12.00,7012.80,36857155.00,0.02
43704.71123,424,1120.80,696.80,10.00,6968.00,36857155.00,0.02
29642.6408,56,372.60,316.60,22.00,6965.20,36857155.00,0.02
41010.12339,201,1360.80,1159.80,6.00,6958.80,36857155.00,0.02
9526.482248,296,1157.20,861.20,8.00,6889.60,36857155.00,0.02
37199.40082,352,1032.00,680.00,10.00,6800.00,36857155.00,0.02
90924.36709,131,810.00,679.00,10.00,6790.00,36857155.00,0.02
4640.63071,1070,1591.20,521.20,13.00,6775.60,36857155.00,0.02
14220.41262,56,730.40,674.40,10.00,6744.00,36857155.00,0.02
56345.05754,180,420.00,240.00,28.00,6720.00,36857155.00,0.02
58828.96152,971,1929.60,958.60,7.00,6710.20,36857155.00,0.02
76461.28919,45,268.40,223.40,30.00,6702.00,36857155.00,0.02
7170.446972,127,1237.20,1110.20,6.00,6661.20,36857155.00,0.02
89669.53586,246,1195.20,949.20,7.00,6644.40,36857155.00,0.02
89321.96051,42,74.80,32.80,201.00,6592.80,36857155.00,0.02
83637.23189,2954,4051.20,1097.20,6.00,6583.20,36857155.00,0.02
1194.662959,333,802.80,469.80,14.00,6577.20,36857155.00,0.02
91923.4293,83,325.00,242.00,27.00,6534.00,36857155.00,0.02
4947.666398,252,1337.60,1085.60,6.00,6513.60,36857155.00,0.02
83455.34766,1,67.20,66.20,98.00,6487.60,36857155.00,0.02
94947.71683,406,655.20,249.20,26.00,6479.20,36857155.00,0.02
38534.162,787,1710.00,923.00,7.00,6461.00,36857155.00,0.02
38342.23635,664,1736.40,1072.40,6.00,6434.40,36857155.00,0.02
40785.58375,25,97.20,72.20,89.00,6425.80,36857155.00,0.02
9568.790692,179,1096.80,917.80,7.00,6424.60,36857155.00,0.02
77808.02707,65,341.60,276.60,23.00,6361.80,36857155.00,0.02
59302.89808,204,1262.80,1058.80,6.00,6352.80,36857155.00,0.02
13693.42423,720,1513.60,793.60,8.00,6348.80,36857155.00,0.02
73576.4875,249,702.00,453.00,14.00,6342.00,36857155.00,0.02
12808.25974,961,1533.60,572.60,11.00,6298.60,36857155.00,0.02
66633.48938,16,61.20,45.20,139.00,6282.80,36857155.00,0.02
17918.84121,2,12.00,10.00,627.00,6270.00,36857155.00,0.02
99787.72463,287,981.20,694.20,9.00,6247.80,36857155.00,0.02
12533.72729,6,92.40,86.40,72.00,6220.80,36857155.00,0.02
10047.9373,133,1015.00,882.00,7.00,6174.00,36857155.00,0.02
63660.10815,205,1075.00,870.00,7.00,6090.00,36857155.00,0.02
8396.036677,157,238.00,81.00,75.00,6075.00,36857155.00,0.02
74989.5713,1448,2116.40,668.40,9.00,6015.60,36857155.00,0.02
62848.09046,75,818.40,743.40,8.00,5947.20,36857155.00,0.02
77925.24545,40,185.00,145.00,41.00,5945.00,36857155.00,0.02
14429.98443,524,1372.80,848.80,7.00,5941.60,36857155.00,0.02
70588.49851,1022,1761.60,739.60,8.00,5916.80,36857155.00,0.02
38771.24903,5,15.00,10.00,591.00,5910.00,36857155.00,0.02
42720.38638,245,459.20,214.20,27.00,5783.40,36857155.00,0.02
54050.97542,117,501.60,384.60,15.00,5769.00,36857155.00,0.02
97658.69905,1495,2134.80,639.80,9.00,5758.20,36857155.00,0.02
81820.50532,3470,4287.60,817.60,7.00,5723.20,36857155.00,0.02
3093.613486,422,1238.40,816.40,7.00,5714.80,36857155.00,0.02
1082.228679,28,61.20,33.20,171.00,5677.20,36857155.00,0.02
92841.77308,308,621.00,313.00,18.00,5634.00,36857155.00,0.02
20058.57596,0,12.00,12.00,466.00,5592.00,36857155.00,0.02
92564.37328,17,57.20,40.20,139.00,5587.80,36857155.00,0.02
24687.64874,223,409.20,186.20,30.00,5586.00,36857155.00,0.02
61623.30086,1442,1838.40,396.40,14.00,5549.60,36857155.00,0.02
56096.26675,170,391.60,221.60,25.00,5540.00,36857155.00,0.02
99408.71991,3045,3834.00,789.00,7.00,5523.00,36857155.00,0.01
43619.56221,276,1195.20,919.20,6.00,5515.20,36857155.00,0.01
50262.8849,86,409.20,323.20,17.00,5494.40,36857155.00,0.01
26356.05607,193,396.00,203.00,27.00,5481.00,36857155.00,0.01
65229.23928,37,117.60,80.60,68.00,5480.80,36857155.00,0.01
11299.55072,239,405.00,166.00,33.00,5478.00,36857155.00,0.01
44208.9097,273,415.80,142.80,38.00,5426.40,36857155.00,0.01
70982.74714,132,624.80,492.80,11.00,5420.80,36857155.00,0.01
39092.32166,118,534.00,416.00,13.00,5408.00,36857155.00,0.01
23114.85959,223,1302.40,1079.40,5.00,5397.00,36857155.00,0.01
35730.5836,121,405.00,284.00,19.00,5396.00,36857155.00,0.01
63307.53543,72,408.80,336.80,16.00,5388.80,36857155.00,0.01
43993.27283,6,61.20,55.20,97.00,5354.40,36857155.00,0.01
72292.61001,71,118.80,47.80,112.00,5353.60,36857155.00,0.01
22927.3999,240,554.40,314.40,17.00,5344.80,36857155.00,0.01
62977.65315,4289,5178.80,889.80,6.00,5338.80,36857155.00,0.01
39789.33265,293,825.60,532.60,10.00,5326.00,36857155.00,0.01
41888.4039,209,692.00,483.00,11.00,5313.00,36857155.00,0.01
43781.96218,253,1135.80,882.80,6.00,5296.80,36857155.00,0.01
48497.52952,19,114.80,95.80,55.00,5269.00,36857155.00,0.01
98972.77991,223,660.00,437.00,12.00,5244.00,36857155.00,0.01
38944.51883,25,374.00,349.00,15.00,5235.00,36857155.00,0.01
93423.30877,222,873.60,651.60,8.00,5212.80,36857155.00,0.01
16202.39659,384,597.60,213.60,24.00,5126.40,36857155.00,0.01
50321.69367,404,660.00,256.00,20.00,5120.00,36857155.00,0.01
50536.67543,389,849.00,460.00,11.00,5060.00,36857155.00,0.01
95065.28913,8,176.40,168.40,30.00,5052.00,36857155.00,0.01
16190.15576,9,145.00,136.00,37.00,5032.00,36857155.00,0.01
12609.24309,28,159.00,131.00,38.00,4978.00,36857155.00,0.01
41023.89821,2142,3124.80,982.80,5.00,4914.00,36857155.00,0.01
18353.49057,318,487.20,169.20,29.00,4906.80,36857155.00,0.01
23852.51996,1777,2080.80,303.80,16.00,4860.80,36857155.00,0.01
26415.88208,76,422.40,346.40,14.00,4849.60,36857155.00,0.01
12691.7175,151,268.40,117.40,41.00,4813.40,36857155.00,0.01
88245.07882,1047,1731.60,684.60,7.00,4792.20,36857155.00,0.01
99092.46226,86,325.00,239.00,20.00,4780.00,36857155.00,0.01
62403.27701,29,147.60,118.60,40.00,4744.00,36857155.00,0.01
15017.43446,959,1431.00,472.00,10.00,4720.00,36857155.00,0.01
20237.86945,25,104.40,79.40,59.00,4684.60,36857155.00,0.01
75778.01045,424,669.60,245.60,19.00,4666.40,36857155.00,0.01
13116.39256,63,248.40,185.40,25.00,4635.00,36857155.00,0.01
766.3896251,430,851.20,421.20,11.00,4633.20,36857155.00,0.01
15597.37267,128,484.00,356.00,13.00,4628.00,36857155.00,0.01
32256.65625,9,185.00,176.00,26.00,4576.00,36857155.00,0.01
29459.79577,55,291.60,236.60,19.00,4495.40,36857155.00,0.01
10194.79322,34,162.00,128.00,35.00,4480.00,36857155.00,0.01
60018.75247,58,162.00,104.00,43.00,4472.00,36857155.00,0.01
88578.74314,145,883.20,738.20,6.00,4429.20,36857155.00,0.01
60451.34082,6,74.80,68.80,64.00,4403.20,36857155.00,0.01
39833.66569,313,750.00,437.00,10.00,4370.00,36857155.00,0.01
98708.20039,86,813.00,727.00,6.00,4362.00,36857155.00,0.01
62503.38677,76,265.00,189.00,23.00,4347.00,36857155.00,0.01
42242.48607,48,110.00,62.00,70.00,4340.00,36857155.00,0.01
24480.71311,143,414.00,271.00,16.00,4336.00,36857155.00,0.01
5461.554491,1427,2045.00,618.00,7.00,4326.00,36857155.00,0.01
50420.98956,58,88.80,30.80,140.00,4312.00,36857155.00,0.01
18962.5671,126,604.80,478.80,9.00,4309.20,36857155.00,0.01
76289.42711,74,381.60,307.60,14.00,4306.40,36857155.00,0.01
37503.0496,7,60.00,53.00,81.00,4293.00,36857155.00,0.01
27362.13935,96,159.00,63.00,68.00,4284.00,36857155.00,0.01
7345.440177,23,145.20,122.20,35.00,4277.00,36857155.00,0.01
42665.16393,11,39.60,28.60,149.00,4261.40,36857155.00,0.01
23693.3684,2,92.40,90.40,47.00,4248.80,36857155.00,0.01
27348.24635,8,16.00,8.00,531.00,4248.00,36857155.00,0.01
56400.75485,1,12.00,11.00,383.00,4213.00,36857155.00,0.01
7833.644401,392,990.00,598.00,7.00,4186.00,36857155.00,0.01
51528.00533,858,1552.80,694.80,6.00,4168.80,36857155.00,0.01
94028.81348,501,699.20,198.20,21.00,4162.20,36857155.00,0.01
56592.45296,107,484.00,377.00,11.00,4147.00,36857155.00,0.01
63816.3017,734,1424.00,690.00,6.00,4140.00,36857155.00,0.01
32538.50344,1709,1915.20,206.20,20.00,4124.00,36857155.00,0.01
4480.640121,249,445.00,196.00,21.00,4116.00,36857155.00,0.01
8379.849283,52,204.00,152.00,27.00,4104.00,36857155.00,0.01
27385.06481,84,117.60,33.60,122.00,4099.20,36857155.00,0.01
34249.81368,1,20.40,19.40,211.00,4093.40,36857155.00,0.01
66650.70302,1024,1702.80,678.80,6.00,4072.80,36857155.00,0.01
33690.34864,182,408.00,226.00,18.00,4068.00,36857155.00,0.01
19447.59679,8,52.20,44.20,92.00,4066.40,36857155.00,0.01
18966.89772,1342,1845.00,503.00,8.00,4024.00,36857155.00,0.01
81938.12884,156,602.40,446.40,9.00,4017.60,36857155.00,0.01
96538.87718,132,354.00,222.00,18.00,3996.00,36857155.00,0.01
19572.58943,73,339.20,266.20,15.00,3993.00,36857155.00,0.01
28729.89906,54,110.00,56.00,71.00,3976.00,36857155.00,0.01
3243.390147,1442,1651.20,209.20,19.00,3974.80,36857155.00,0.01
26941.50665,3770,4075.20,305.20,13.00,3967.60,36857155.00,0.01
62206.36319,123,219.00,96.00,41.00,3936.00,36857155.00,0.01
28756.86246,53,249.20,196.20,20.00,3924.00,36857155.00,0.01
46105.6719,129,453.60,324.60,12.00,3895.20,36857155.00,0.01
71993.10907,4,18.00,14.00,278.00,3892.00,36857155.00,0.01
19941.46742,65,496.80,431.80,9.00,3886.20,36857155.00,0.01
4773.702864,136,688.80,552.80,7.00,3869.60,36857155.00,0.01
92084.2001,3,23.40,20.40,189.00,3855.60,36857155.00,0.01
39231.86401,63,118.40,55.40,69.00,3822.60,36857155.00,0.01
34612.87214,53,118.80,65.80,57.00,3750.60,36857155.00,0.01
41308.8366,59,291.60,232.60,16.00,3721.60,36857155.00,0.01
84079.24587,40,135.00,95.00,39.00,3705.00,36857155.00,0.01
67602.561,56,318.00,262.00,14.00,3668.00,36857155.00,0.01
72091.99853,1439,1958.00,519.00,7.00,3633.00,36857155.00,0.01
74486.50399,244,607.20,363.20,10.00,3632.00,36857155.00,0.01
49639.77433,7,25.00,18.00,201.00,3618.00,36857155.00,0.01
47576.20262,26,109.80,83.80,43.00,3603.40,36857155.00,0.01
19188.97653,215,334.80,119.80,30.00,3594.00,36857155.00,0.01
37034.59859,20,296.40,276.40,13.00,3593.20,36857155.00,0.01
83101.39768,2,50.40,48.40,74.00,3581.60,36857155.00,0.01
13232.79607,86,162.80,76.80,46.00,3532.80,36857155.00,0.01
66171.33683,61,214.40,153.40,23.00,3528.20,36857155.00,0.01
18878.15735,90,325.00,235.00,15.00,3525.00,36857155.00,0.01
99578.02335,10,32.40,22.40,156.00,3494.40,36857155.00,0.01
3527.394088,9874,10370.00,496.00,7.00,3472.00,36857155.00,0.01
98834.21824,532,796.80,264.80,13.00,3442.40,36857155.00,0.01
30587.57995,10,136.80,126.80,27.00,3423.60,36857155.00,0.01
84231.26987,16,147.60,131.60,26.00,3421.60,36857155.00,0.01
9994.266704,314,462.00,148.00,23.00,3404.00,36857155.00,0.01
36903.02252,191,352.80,161.80,21.00,3397.80,36857155.00,0.01
16032.9716,3808,4185.00,377.00,9.00,3393.00,36857155.00,0.01
67214.50172,97,338.80,241.80,14.00,3385.20,36857155.00,0.01
44289.2047,42,321.60,279.60,12.00,3355.20,36857155.00,0.01
95636.9494,133,691.60,558.60,6.00,3351.60,36857155.00,0.01
90461.4167,0,16.00,16.00,207.00,3312.00,36857155.00,0.01
52573.89521,661,1209.60,548.60,6.00,3291.60,36857155.00,0.01
17846.65633,156,286.00,130.00,25.00,3250.00,36857155.00,0.01
1093.566669,712,902.40,190.40,17.00,3236.80,36857155.00,0.01
71879.19972,23,46.80,23.80,135.00,3213.00,36857155.00,0.01
41079.60145,459,582.40,123.40,26.00,3208.40,36857155.00,0.01
21062.89384,563,1016.40,453.40,7.00,3173.80,36857155.00,0.01
27441.05294,69,255.00,186.00,17.00,3162.00,36857155.00,0.01
13599.73411,90,205.00,115.00,27.00,3105.00,36857155.00,0.01
51201.69218,52,180.40,128.40,24.00,3081.60,36857155.00,0.01
50685.29326,16,235.20,219.20,14.00,3068.80,36857155.00,0.01
29443.44791,285,589.60,304.60,10.00,3046.00,36857155.00,0.01
55473.70414,387,723.60,336.60,9.00,3029.40,36857155.00,0.01
13235.04131,304,536.80,232.80,13.00,3026.40,36857155.00,0.01
29408.85344,15,118.80,103.80,29.00,3010.20,36857155.00,0.01
28449.61835,200,801.00,601.00,5.00,3005.00,36857155.00,0.01
70545.46037,86,286.00,200.00,15.00,3000.00,36857155.00,0.01
7989.807903,60,660.00,600.00,5.00,3000.00,36857155.00,0.01
1258.781429,218,716.40,498.40,6.00,2990.40,36857155.00,0.01
40053.72223,47,204.00,157.00,19.00,2983.00,36857155.00,0.01
2018.018446,23,32.40,9.40,316.00,2970.40,36857155.00,0.01
90388.28803,122,446.40,324.40,9.00,2919.60,36857155.00,0.01
59627.68804,22,49.20,27.20,107.00,2910.40,36857155.00,0.01
82028.90622,144,554.40,410.40,7.00,2872.80,36857155.00,0.01
99761.34426,179,747.60,568.60,5.00,2843.00,36857155.00,0.01
61579.17586,1186,1659.60,473.60,6.00,2841.60,36857155.00,0.01
98139.37454,3,57.20,54.20,52.00,2818.40,36857155.00,0.01
64737.50782,126,438.00,312.00,9.00,2808.00,36857155.00,0.01
2890.793752,6,44.40,38.40,73.00,2803.20,36857155.00,0.01
50881.52299,1,20.40,19.40,143.00,2774.20,36857155.00,0.01
33661.78504,131,525.60,394.60,7.00,2762.20,36857155.00,0.01
50064.12161,129,248.40,119.40,23.00,2746.20,36857155.00,0.01
96698.57672,79,228.00,149.00,18.00,2682.00,36857155.00,0.01
59688.16531,807,1190.00,383.00,7.00,2681.00,36857155.00,0.01
7176.598732,364,741.00,377.00,7.00,2639.00,36857155.00,0.01
68435.63096,45,69.60,24.60,107.00,2632.20,36857155.00,0.01
88457.06741,4806,5181.60,375.60,7.00,2629.20,36857155.00,0.01
87895.67422,1011,1382.40,371.40,7.00,2599.80,36857155.00,0.01
60158.7279,71,303.60,232.60,11.00,2558.60,36857155.00,0.01
36370.45265,119,374.00,255.00,10.00,2550.00,36857155.00,0.01
41393.25239,0,6.00,6.00,424.00,2544.00,36857155.00,0.01
44205.04411,74,391.60,317.60,8.00,2540.80,36857155.00,0.01
54531.10639,58,142.40,84.40,30.00,2532.00,36857155.00,0.01
2809.055866,26,84.80,58.80,43.00,2528.40,36857155.00,0.01
56397.93765,301,803.60,502.60,5.00,2513.00,36857155.00,0.01
97164.69178,168,268.40,100.40,25.00,2510.00,36857155.00,0.01
77655.76465,14,133.20,119.20,21.00,2503.20,36857155.00,0.01
34397.90417,160,268.40,108.40,23.00,2493.20,36857155.00,0.01
48177.98048,223,388.80,165.80,15.00,2487.00,36857155.00,0.01
27165.81733,5,85.00,80.00,31.00,2480.00,36857155.00,0.01
41576.82015,15,27.00,12.00,206.00,2472.00,36857155.00,0.01
24295.59651,13,90.00,77.00,32.00,2464.00,36857155.00,0.01
88924.53858,44,180.40,136.40,18.00,2455.20,36857155.00,0.01
57244.61443,3,14.00,11.00,223.00,2453.00,36857155.00,0.01
97900.13584,7,279.00,272.00,9.00,2448.00,36857155.00,0.01
33926.56945,22,225.00,203.00,12.00,2436.00,36857155.00,0.01
63038.37697,30,250.80,220.80,11.00,2428.80,36857155.00,0.01
4511.179675,4,104.40,100.40,24.00,2409.60,36857155.00,0.01
63670.75083,38,439.20,401.20,6.00,2407.20,36857155.00,0.01
73387.0324,88,306.00,218.00,11.00,2398.00,36857155.00,0.01
80109.94767,3193,3458.40,265.40,9.00,2388.60,36857155.00,0.01
4776.122885,61,180.40,119.40,20.00,2388.00,36857155.00,0.01
68070.96884,50,135.00,85.00,28.00,2380.00,36857155.00,0.01
415.6140404,28,51.00,23.00,103.00,2369.00,36857155.00,0.01
14288.30803,17,148.40,131.40,18.00,2365.20,36857155.00,0.01
55531.14298,2933,3113.60,180.60,13.00,2347.80,36857155.00,0.01
89168.13456,163,286.00,123.00,19.00,2337.00,36857155.00,0.01
39698.91211,16,32.40,16.40,142.00,2328.80,36857155.00,0.01
88499.43008,48,510.00,462.00,5.00,2310.00,36857155.00,0.01
64810.32298,46,74.80,28.80,80.00,2304.00,36857155.00,0.01
48754.45583,3,8.00,5.00,460.00,2300.00,36857155.00,0.01
39272.0371,140,331.20,191.20,12.00,2294.40,36857155.00,0.01
54641.93821,6,22.00,16.00,143.00,2288.00,36857155.00,0.01
34575.36534,256,484.00,228.00,10.00,2280.00,36857155.00,0.01
6170.814283,78,204.00,126.00,18.00,2268.00,36857155.00,0.01
29759.84406,56,175.20,119.20,19.00,2264.80,36857155.00,0.01
25214.94662,113,361.80,248.80,9.00,2239.20,36857155.00,0.01
11944.61174,137,238.00,101.00,22.00,2222.00,36857155.00,0.01
42528.76975,80,227.20,147.20,15.00,2208.00,36857155.00,0.01
56881.87625,56,330.00,274.00,8.00,2192.00,36857155.00,0.01
28074.48401,1363,1675.20,312.20,7.00,2185.40,36857155.00,0.01
56373.14592,33,85.00,52.00,42.00,2184.00,36857155.00,0.01
84042.99035,205,568.40,363.40,6.00,2180.40,36857155.00,0.01
69218.28128,1,16.20,15.20,143.00,2173.60,36857155.00,0.01
69483.66359,64,162.80,98.80,22.00,2173.60,36857155.00,0.01
6377.506286,4,12.00,8.00,267.00,2136.00,36857155.00,0.01
44081.15571,9,110.00,101.00,21.00,2121.00,36857155.00,0.01
54473.7405,11,32.40,21.40,99.00,2118.60,36857155.00,0.01
75543.6224,69,88.80,19.80,106.00,2098.80,36857155.00,0.01
3015.299583,100,448.80,348.80,6.00,2092.80,36857155.00,0.01
93229.43546,25,41.60,16.60,126.00,2091.60,36857155.00,0.01
17735.99899,48,111.00,63.00,33.00,2079.00,36857155.00,0.01
82785.40808,221,409.20,188.20,11.00,2070.20,36857155.00,0.01
30303.93974,174,312.00,138.00,15.00,2070.00,36857155.00,0.01
5477.944621,13,92.40,79.40,26.00,2064.40,36857155.00,0.01
63934.82728,49,306.00,257.00,8.00,2056.00,36857155.00,0.01
36945.24393,136,427.20,291.20,7.00,2038.40,36857155.00,0.01
49987.42053,462,558.00,96.00,21.00,2016.00,36857155.00,0.01
54186.82985,1716,1766.40,50.40,40.00,2016.00,36857155.00,0.01
24189.22483,4,65.00,61.00,33.00,2013.00,36857155.00,0.01
72009.44844,4,185.00,181.00,11.00,1991.00,36857155.00,0.01
42911.57872,116,446.40,330.40,6.00,1982.40,36857155.00,0.01
14400.80689,57,303.60,246.60,8.00,1972.80,36857155.00,0.01
55949.49666,29,85.00,56.00,35.00,1960.00,36857155.00,0.01
26525.0436,112,169.60,57.60,34.00,1958.40,36857155.00,0.01
92208.60078,1797,2076.00,279.00,7.00,1953.00,36857155.00,0.01
51079.91694,81,238.00,157.00,12.00,1884.00,36857155.00,0.01
30739.83347,473,741.00,268.00,7.00,1876.00,36857155.00,0.01
85652.9908,7,58.80,51.80,36.00,1864.80,36857155.00,0.01
58745.50168,21,92.40,71.40,26.00,1856.40,36857155.00,0.01
28221.53884,179,331.20,152.20,12.00,1826.40,36857155.00,0.00
27049.09815,150,352.80,202.80,9.00,1825.20,36857155.00,0.00
58083.65422,727,1092.00,365.00,5.00,1825.00,36857155.00,0.00
4472.452456,94,103.60,9.60,190.00,1824.00,36857155.00,0.00
848.0809453,730,1034.00,304.00,6.00,1824.00,36857155.00,0.00
94901.17871,2,14.40,12.40,147.00,1822.80,36857155.00,0.00
50997.24849,2,25.00,23.00,79.00,1817.00,36857155.00,0.00
12028.39964,1,54.40,53.40,34.00,1815.60,36857155.00,0.00
26840.76943,12,162.80,150.80,12.00,1809.60,36857155.00,0.00
25223.15719,98,298.80,200.80,9.00,1807.20,36857155.00,0.00
44624.30577,35,260.40,225.40,8.00,1803.20,36857155.00,0.00
92382.50898,174,474.00,300.00,6.00,1800.00,36857155.00,0.00
27719.21863,31,74.80,43.80,41.00,1795.80,36857155.00,0.00
42508.60461,143,160.80,17.80,100.00,1780.00,36857155.00,0.00
33510.5229,2773,3027.20,254.20,7.00,1779.40,36857155.00,0.00
97465.78026,37,184.80,147.80,12.00,1773.60,36857155.00,0.00
49002.29976,654,790.40,136.40,13.00,1773.20,36857155.00,0.00
76756.87989,4,65.00,61.00,29.00,1769.00,36857155.00,0.00
92572.36416,158,352.80,194.80,9.00,1753.20,36857155.00,0.00
6348.947722,75,190.80,115.80,15.00,1737.00,36857155.00,0.00
2264.265334,682,874.80,192.80,9.00,1735.20,36857155.00,0.00
57719.39021,3,39.60,36.60,47.00,1720.20,36857155.00,0.00
48946.68639,17,39.60,22.60,76.00,1717.60,36857155.00,0.00
29598.79286,170,341.60,171.60,10.00,1716.00,36857155.00,0.00
48169.95335,91,205.20,114.20,15.00,1713.00,36857155.00,0.00
69438.25951,1,22.00,21.00,81.00,1701.00,36857155.00,0.00
55168.57614,51,145.00,94.00,18.00,1692.00,36857155.00,0.00
60330.3787,91,244.80,153.80,11.00,1691.80,36857155.00,0.00
59245.0841,205,294.00,89.00,19.00,1691.00,36857155.00,0.00
87621.46342,14,165.60,151.60,11.00,1667.60,36857155.00,0.00
34704.75954,200,436.80,236.80,7.00,1657.60,36857155.00,0.00
35673.96558,2,32.40,30.40,54.00,1641.60,36857155.00,0.00
53420.79036,76,162.00,86.00,19.00,1634.00,36857155.00,0.00
30492.923,23,182.00,159.00,10.00,1590.00,36857155.00,0.00
26008.68048,4,268.40,264.40,6.00,1586.40,36857155.00,0.00
52341.01919,228,453.60,225.60,7.00,1579.20,36857155.00,0.00
20398.71322,131,273.60,142.60,11.00,1568.60,36857155.00,0.00
64524.54055,27,285.60,258.60,6.00,1551.60,36857155.00,0.00
80344.90305,8,148.80,140.80,11.00,1548.80,36857155.00,0.00
17700.07071,198,456.00,258.00,6.00,1548.00,36857155.00,0.00
84656.47876,116,286.00,170.00,9.00,1530.00,36857155.00,0.00
28305.80833,28,32.40,4.40,344.00,1513.60,36857155.00,0.00
35027.40025,1259,1475.20,216.20,7.00,1513.40,36857155.00,0.00
22636.42443,1,8.00,7.00,216.00,1512.00,36857155.00,0.00
36000.41446,24,47.60,23.60,64.00,1510.40,36857155.00,0.00
67330.82858,1109,1215.00,106.00,14.00,1484.00,36857155.00,0.00
29651.51183,5,32.40,27.40,54.00,1479.60,36857155.00,0.00
90973.58038,181,365.00,184.00,8.00,1472.00,36857155.00,0.00
49927.08482,63,148.80,85.80,17.00,1458.60,36857155.00,0.00
57414.41086,110,254.40,144.40,10.00,1444.00,36857155.00,0.00
47556.58701,3,15.00,12.00,120.00,1440.00,36857155.00,0.00
91854.0598,2,12.00,10.00,143.00,1430.00,36857155.00,0.00
28199.61617,109,159.60,50.60,28.00,1416.80,36857155.00,0.00
10728.18783,1094,1296.00,202.00,7.00,1414.00,36857155.00,0.00
43497.30661,19,136.80,117.80,12.00,1413.60,36857155.00,0.00
8357.205586,168,448.80,280.80,5.00,1404.00,36857155.00,0.00
77672.9379,86,156.00,70.00,20.00,1400.00,36857155.00,0.00
34901.62629,72,145.20,73.20,19.00,1390.80,36857155.00,0.00
58204.41592,171,369.60,198.60,7.00,1390.20,36857155.00,0.00
64151.56084,18,215.60,197.60,7.00,1383.20,36857155.00,0.00
19294.75574,10,125.00,115.00,12.00,1380.00,36857155.00,0.00
52153.34181,14,60.00,46.00,30.00,1380.00,36857155.00,0.00
89243.77892,323,409.20,86.20,16.00,1379.20,36857155.00,0.00
68318.78866,29,182.00,153.00,9.00,1377.00,36857155.00,0.00
64571.78884,7973,8169.60,196.60,7.00,1376.20,36857155.00,0.00
73806.41833,103,378.00,275.00,5.00,1375.00,36857155.00,0.00
3872.530019,1124,1320.00,196.00,7.00,1372.00,36857155.00,0.00
51679.80795,18,122.40,104.40,13.00,1357.20,36857155.00,0.00
93505.32572,60,135.00,75.00,18.00,1350.00,36857155.00,0.00
51747.62584,71,193.20,122.20,11.00,1344.20,36857155.00,0.00
12445.2829,92,204.00,112.00,12.00,1344.00,36857155.00,0.00
71873.54123,26,248.40,222.40,6.00,1334.40,36857155.00,0.00
55042.65347,72,193.20,121.20,11.00,1333.20,36857155.00,0.00
42965.73643,73,193.20,120.20,11.00,1322.20,36857155.00,0.00
94785.8318,112,374.00,262.00,5.00,1310.00,36857155.00,0.00
91788.78777,528,714.00,186.00,7.00,1302.00,36857155.00,0.00
58765.31507,233,448.80,215.80,6.00,1294.80,36857155.00,0.00
40359.66273,187,262.80,75.80,17.00,1288.60,36857155.00,0.00
68677.35508,22,39.60,17.60,73.00,1284.80,36857155.00,0.00
70461.63002,50,233.20,183.20,7.00,1282.40,36857155.00,0.00
43809.86457,412,554.40,142.40,9.00,1281.60,36857155.00,0.00
80417.46676,21,127.20,106.20,12.00,1274.40,36857155.00,0.00
46566.80195,29,92.40,63.40,20.00,1268.00,36857155.00,0.00
7011.978794,122,279.00,157.00,8.00,1256.00,36857155.00,0.00
89374.89194,38,215.60,177.60,7.00,1243.20,36857155.00,0.00
69917.70123,8,25.20,17.20,72.00,1238.40,36857155.00,0.00
67616.65104,4,20.40,16.40,74.00,1213.60,36857155.00,0.00
97836.37886,54,205.00,151.00,8.00,1208.00,36857155.00,0.00
6795.122228,290,342.00,52.00,23.00,1196.00,36857155.00,0.00
2199.098984,14,162.80,148.80,8.00,1190.40,36857155.00,0.00
33231.01826,29,147.60,118.60,10.00,1186.00,36857155.00,0.00
57256.54102,51,116.80,65.80,18.00,1184.40,36857155.00,0.00
65502.95564,12,25.00,13.00,91.00,1183.00,36857155.00,0.00
89405.80703,35,133.20,98.20,12.00,1178.40,36857155.00,0.00
54440.0798,348,454.40,106.40,11.00,1170.40,36857155.00,0.00
31324.97779,102,219.00,117.00,10.00,1170.00,36857155.00,0.00
69939.65533,52,157.80,105.80,11.00,1163.80,36857155.00,0.00
21917.13829,2,21.60,19.60,59.00,1156.40,36857155.00,0.00
9615.943625,4,39.00,35.00,33.00,1155.00,36857155.00,0.00
76090.04432,6,88.20,82.20,14.00,1150.80,36857155.00,0.00
13835.64099,86,277.20,191.20,6.00,1147.20,36857155.00,0.00
86459.93995,70,165.60,95.60,12.00,1147.20,36857155.00,0.00
32263.1607,25,52.80,27.80,41.00,1139.80,36857155.00,0.00
11965.10355,50,176.40,126.40,9.00,1137.60,36857155.00,0.00
65498.0716,4,27.20,23.20,49.00,1136.80,36857155.00,0.00
10239.02632,55,180.40,125.40,9.00,1128.60,36857155.00,0.00
24990.97608,7,46.80,39.80,28.00,1114.40,36857155.00,0.00
68042.0436,137,238.00,101.00,11.00,1111.00,36857155.00,0.00
7728.237731,0,15.00,15.00,74.00,1110.00,36857155.00,0.00
49986.20614,80,190.80,110.80,10.00,1108.00,36857155.00,0.00
1912.492979,15,125.00,110.00,10.00,1100.00,36857155.00,0.00
1199.561603,257,356.80,99.80,11.00,1097.80,36857155.00,0.00
29891.19471,129,250.80,121.80,9.00,1096.20,36857155.00,0.00
59027.20799,12,57.20,45.20,24.00,1084.80,36857155.00,0.00
4179.736314,546,597.60,51.60,21.00,1083.60,36857155.00,0.00
76619.94459,3,41.60,38.60,28.00,1080.80,36857155.00,0.00
84351.60936,39,51.00,12.00,90.00,1080.00,36857155.00,0.00
28952.46873,185,364.80,179.80,6.00,1078.80,36857155.00,0.00
81436.64405,128,282.00,154.00,7.00,1078.00,36857155.00,0.00
34243.07841,13,20.80,7.80,138.00,1076.40,36857155.00,0.00
83000.8256,22,66.60,44.60,24.00,1070.40,36857155.00,0.00
70246.00321,357,453.60,96.60,11.00,1062.60,36857155.00,0.00
76253.80621,31,106.80,75.80,14.00,1061.20,36857155.00,0.00
8351.712288,117,138.60,21.60,49.00,1058.40,36857155.00,0.00
13256.11931,167,248.40,81.40,13.00,1058.20,36857155.00,0.00
51368.02512,31,127.20,96.20,11.00,1058.20,36857155.00,0.00
81537.96901,50,182.00,132.00,8.00,1056.00,36857155.00,0.00
8766.781667,70,165.60,95.60,11.00,1051.60,36857155.00,0.00
35029.33365,89,159.00,70.00,15.00,1050.00,36857155.00,0.00
23915.89994,71,165.60,94.60,11.00,1040.60,36857155.00,0.00
52169.04283,127,213.60,86.60,12.00,1039.20,36857155.00,0.00
83827.89094,233,312.00,79.00,13.00,1027.00,36857155.00,0.00
45174.96376,242,306.00,64.00,16.00,1024.00,36857155.00,0.00
81592.47126,161,274.20,113.20,9.00,1018.80,36857155.00,0.00
58786.99747,40,74.80,34.80,29.00,1009.20,36857155.00,0.00
79775.55118,436,602.40,166.40,6.00,998.40,36857155.00,0.00
18093.39803,145,235.20,90.20,11.00,992.20,36857155.00,0.00
41407.0252,80,127.20,47.20,21.00,991.20,36857155.00,0.00
70304.02287,65,147.60,82.60,12.00,991.20,36857155.00,0.00
73771.9607,261,360.00,99.00,10.00,990.00,36857155.00,0.00
18262.6529,4,51.00,47.00,21.00,987.00,36857155.00,0.00
58870.79322,805,946.00,141.00,7.00,987.00,36857155.00,0.00
31835.0261,112,234.00,122.00,8.00,976.00,36857155.00,0.00
78912.73121,5,15.60,10.60,92.00,975.20,36857155.00,0.00
48521.12752,1,6.00,5.00,194.00,970.00,36857155.00,0.00
41862.31552,92,160.80,68.80,14.00,963.20,36857155.00,0.00
89858.93272,41,65.60,24.60,39.00,959.40,36857155.00,0.00
38956.79346,38,125.00,87.00,11.00,957.00,36857155.00,0.00
9888.345393,20,126.00,106.00,9.00,954.00,36857155.00,0.00
30898.51141,4,14.00,10.00,95.00,950.00,36857155.00,0.00
38093.32095,624,813.00,189.00,5.00,945.00,36857155.00,0.00
50930.93379,72,189.60,117.60,8.00,940.80,36857155.00,0.00
95967.6622,191,325.20,134.20,7.00,939.40,36857155.00,0.00
66951.12366,42,176.00,134.00,7.00,938.00,36857155.00,0.00
96146.75067,7,25.00,18.00,52.00,936.00,36857155.00,0.00
3131.117452,16,118.80,102.80,9.00,925.20,36857155.00,0.00
96062.58778,92,162.00,70.00,13.00,910.00,36857155.00,0.00
25454.28311,14,114.80,100.80,9.00,907.20,36857155.00,0.00
86262.20054,16,145.00,129.00,7.00,903.00,36857155.00,0.00
81261.10865,86,198.00,112.00,8.00,896.00,36857155.00,0.00
90821.50073,70,219.00,149.00,6.00,894.00,36857155.00,0.00
56037.89845,713,861.00,148.00,6.00,888.00,36857155.00,0.00
78354.19965,1,25.00,24.00,37.00,888.00,36857155.00,0.00
8954.076984,510,621.00,111.00,8.00,888.00,36857155.00,0.00
14103.03964,34,57.20,23.20,38.00,881.60,36857155.00,0.00
58600.29598,69,245.00,176.00,5.00,880.00,36857155.00,0.00
70857.37247,10,46.40,36.40,24.00,873.60,36857155.00,0.00
62746.01188,4,65.00,61.00,14.00,854.00,36857155.00,0.00
19925.59227,100,165.60,65.60,13.00,852.80,36857155.00,0.00
57739.66091,35,39.00,4.00,213.00,852.00,36857155.00,0.00
87814.61072,149,233.60,84.60,10.00,846.00,36857155.00,0.00
95932.29197,5,125.00,120.00,7.00,840.00,36857155.00,0.00
19299.52682,163,267.00,104.00,8.00,832.00,36857155.00,0.00
36628.5949,141,244.80,103.80,8.00,830.40,36857155.00,0.00
86221.78178,15,153.00,138.00,6.00,828.00,36857155.00,0.00
34296.63758,15,90.00,75.00,11.00,825.00,36857155.00,0.00
65187.64152,42,74.80,32.80,25.00,820.00,36857155.00,0.00
54077.96146,94,184.80,90.80,9.00,817.20,36857155.00,0.00
43580.49714,45,180.40,135.40,6.00,812.40,36857155.00,0.00
10159.67823,1,18.00,17.00,47.00,799.00,36857155.00,0.00
7788.562856,10,63.00,53.00,15.00,795.00,36857155.00,0.00
45879.09284,5,92.80,87.80,9.00,790.20,36857155.00,0.00
33552.6275,290,300.80,10.80,73.00,788.40,36857155.00,0.00
58470.64716,23,37.80,14.80,53.00,784.40,36857155.00,0.00
46597.28823,226,356.40,130.40,6.00,782.40,36857155.00,0.00
46526.14142,112,183.00,71.00,11.00,781.00,36857155.00,0.00
41967.30897,10,18.00,8.00,97.00,776.00,36857155.00,0.00
39377.98911,37,92.40,55.40,14.00,775.60,36857155.00,0.00
43081.60824,133,243.60,110.60,7.00,774.20,36857155.00,0.00
2080.125369,15,92.40,77.40,10.00,774.00,36857155.00,0.00
84102.45845,10,39.60,29.60,26.00,769.60,36857155.00,0.00
90839.04435,977,1104.00,127.00,6.00,762.00,36857155.00,0.00
57416.49581,128,204.00,76.00,10.00,760.00,36857155.00,0.00
36904.67378,26,176.40,150.40,5.00,752.00,36857155.00,0.00
38857.4034,9,92.40,83.40,9.00,750.60,36857155.00,0.00
53890.45119,39,66.60,27.60,27.00,745.20,36857155.00,0.00
57896.9913,159,283.20,124.20,6.00,745.20,36857155.00,0.00
78607.59891,45,74.80,29.80,25.00,745.00,36857155.00,0.00
86716.7742,80,137.20,57.20,13.00,743.60,36857155.00,0.00
37521.04229,8,45.00,37.00,20.00,740.00,36857155.00,0.00
38520.56874,2,18.00,16.00,46.00,736.00,36857155.00,0.00
79805.55301,17,90.00,73.00,10.00,730.00,36857155.00,0.00
55482.66358,2,15.00,13.00,56.00,728.00,36857155.00,0.00
57758.83566,47,102.60,55.60,13.00,722.80,36857155.00,0.00
86793.40418,5,65.00,60.00,12.00,720.00,36857155.00,0.00
20851.90804,43,114.80,71.80,10.00,718.00,36857155.00,0.00
45494.15842,973,1075.20,102.20,7.00,715.40,36857155.00,0.00
12676.44662,183,204.40,21.40,33.00,706.20,36857155.00,0.00
40989.98232,243,384.00,141.00,5.00,705.00,36857155.00,0.00
30363.57703,1,45.00,44.00,16.00,704.00,36857155.00,0.00
8263.863572,85,92.40,7.40,95.00,703.00,36857155.00,0.00
90957.94537,2,32.40,30.40,23.00,699.20,36857155.00,0.00
81582.05838,13,37.80,24.80,28.00,694.40,36857155.00,0.00
77659.50168,67,182.40,115.40,6.00,692.40,36857155.00,0.00
14561.62588,2,25.00,23.00,30.00,690.00,36857155.00,0.00
31340.14649,6,74.80,68.80,10.00,688.00,36857155.00,0.00
464.3319328,1,15.60,14.60,47.00,686.20,36857155.00,0.00
26543.223,8,32.40,24.40,28.00,683.20,36857155.00,0.00
61240.23018,40,69.60,29.60,23.00,680.80,36857155.00,0.00
27235.48519,5,39.00,34.00,20.00,680.00,36857155.00,0.00
80434.7921,103,238.80,135.80,5.00,679.00,36857155.00,0.00
49101.2945,27,79.20,52.20,13.00,678.60,36857155.00,0.00
72831.12371,32,145.00,113.00,6.00,678.00,36857155.00,0.00
14719.85298,2,39.60,37.60,18.00,676.80,36857155.00,0.00
50165.03928,19,61.20,42.20,16.00,675.20,36857155.00,0.00
56216.19554,61,98.40,37.40,18.00,673.20,36857155.00,0.00
29029.65481,42,90.00,48.00,14.00,672.00,36857155.00,0.00
24821.80158,51,74.80,23.80,28.00,666.40,36857155.00,0.00
36540.19919,13,145.20,132.20,5.00,661.00,36857155.00,0.00
32963.11452,10,92.40,82.40,8.00,659.20,36857155.00,0.00
18008.97887,71,117.60,46.60,14.00,652.40,36857155.00,0.00
15171.17002,0,12.00,12.00,54.00,648.00,36857155.00,0.00
34368.34819,10,74.80,64.80,10.00,648.00,36857155.00,0.00
68319.07542,538,645.00,107.00,6.00,642.00,36857155.00,0.00
34471.12391,17,75.00,58.00,11.00,638.00,36857155.00,0.00
91032.29837,104,153.00,49.00,13.00,637.00,36857155.00,0.00
85728.69329,25,104.00,79.00,8.00,632.00,36857155.00,0.00
51310.78553,46,79.20,33.20,19.00,630.80,36857155.00,0.00
12128.43273,39,63.00,24.00,26.00,624.00,36857155.00,0.00
23375.12566,2,15.00,13.00,48.00,624.00,36857155.00,0.00
82506.3155,215,262.80,47.80,13.00,621.40,36857155.00,0.00
12707.54855,139,208.00,69.00,9.00,621.00,36857155.00,0.00
70111.06583,67,123.20,56.20,11.00,618.20,36857155.00,0.00
91128.90038,62,165.00,103.00,6.00,618.00,36857155.00,0.00
68332.61741,4,81.00,77.00,8.00,616.00,36857155.00,0.00
40362.31439,1,15.60,14.60,42.00,613.20,36857155.00,0.00
91715.26174,172,240.00,68.00,9.00,612.00,36857155.00,0.00
43920.82602,8,32.40,24.40,25.00,610.00,36857155.00,0.00
23332.87361,129,205.20,76.20,8.00,609.60,36857155.00,0.00
32381.69299,43,98.40,55.40,11.00,609.40,36857155.00,0.00
34390.00277,471,592.80,121.80,5.00,609.00,36857155.00,0.00
61949.22183,67,102.60,35.60,17.00,605.20,36857155.00,0.00
59822.64397,8,54.40,46.40,13.00,603.20,36857155.00,0.00
93675.6505,8,54.40,46.40,13.00,603.20,36857155.00,0.00
3513.799268,33,108.00,75.00,8.00,600.00,36857155.00,0.00
7222.37229,10,85.00,75.00,8.00,600.00,36857155.00,0.00
38388.46865,66,185.00,119.00,5.00,595.00,36857155.00,0.00
69878.49921,38,123.00,85.00,7.00,595.00,36857155.00,0.00
60353.48769,258,283.80,25.80,23.00,593.40,36857155.00,0.00
45418.91071,157,215.60,58.60,10.00,586.00,36857155.00,0.00
82555.758,62,145.20,83.20,7.00,582.40,36857155.00,0.00
12419.57396,93,165.60,72.60,8.00,580.80,36857155.00,0.00
62008.62797,412,464.80,52.80,11.00,580.80,36857155.00,0.00
82235.37377,7,65.00,58.00,10.00,580.00,36857155.00,0.00
91961.60577,180,262.80,82.80,7.00,579.60,36857155.00,0.00
2753.120319,42,65.00,23.00,25.00,575.00,36857155.00,0.00
26362.66432,8,25.20,17.20,33.00,567.60,36857155.00,0.00
95354.15986,29,110.00,81.00,7.00,567.00,36857155.00,0.00
47774.47444,5,36.40,31.40,18.00,565.20,36857155.00,0.00
34784.80383,7,18.00,11.00,51.00,561.00,36857155.00,0.00
52913.96599,194,286.80,92.80,6.00,556.80,36857155.00,0.00
49840.64111,7,22.00,15.00,37.00,555.00,36857155.00,0.00
89743.47696,4,25.20,21.20,26.00,551.20,36857155.00,0.00
55607.84764,1,14.40,13.40,41.00,549.40,36857155.00,0.00
87198.89708,14,21.60,7.60,72.00,547.20,36857155.00,0.00
62578.56097,27,117.60,90.60,6.00,543.60,36857155.00,0.00
28119.91436,166,243.00,77.00,7.00,539.00,36857155.00,0.00
98043.10893,27,103.60,76.60,7.00,536.20,36857155.00,0.00
86637.3065,9,15.60,6.60,81.00,534.60,36857155.00,0.00
40644.05282,8,67.20,59.20,9.00,532.80,36857155.00,0.00
49341.73825,244,350.40,106.40,5.00,532.00,36857155.00,0.00
5565.194267,39,127.60,88.60,6.00,531.60,36857155.00,0.00
21901.57739,11,99.00,88.00,6.00,528.00,36857155.00,0.00
98378.27555,17,92.40,75.40,7.00,527.80,36857155.00,0.00
97384.75969,12,70.00,58.00,9.00,522.00,36857155.00,0.00
99727.35474,10,74.80,64.80,8.00,518.40,36857155.00,0.00
64582.05918,51,70.00,19.00,27.00,513.00,36857155.00,0.00
82709.24091,244,268.40,24.40,21.00,512.40,36857155.00,0.00
82987.78397,2,25.00,23.00,22.00,506.00,36857155.00,0.00
28439.44014,3,32.40,29.40,17.00,499.80,36857155.00,0.00
336.8691995,1,14.00,13.00,38.00,494.00,36857155.00,0.00
32876.00356,832,902.40,70.40,7.00,492.80,36857155.00,0.00
43950.98135,14,20.40,6.40,77.00,492.80,36857155.00,0.00
82599.30915,63,145.00,82.00,6.00,492.00,36857155.00,0.00
36916.6025,11,16.00,5.00,98.00,490.00,36857155.00,0.00
14077.96811,11,15.60,4.60,106.00,487.60,36857155.00,0.00
82812.70332,70,110.40,40.40,12.00,484.80,36857155.00,0.00
97205.91371,125,205.20,80.20,6.00,481.20,36857155.00,0.00
36565.19569,2,39.00,37.00,13.00,481.00,36857155.00,0.00
19739.63902,3,22.00,19.00,25.00,475.00,36857155.00,0.00
31126.68106,42,78.40,36.40,13.00,473.20,36857155.00,0.00
20167.09523,31,57.20,26.20,18.00,471.60,36857155.00,0.00
20920.7648,0,12.00,12.00,39.00,468.00,36857155.00,0.00
85710.85199,86,162.80,76.80,6.00,460.80,36857155.00,0.00
96750.54531,1272,1337.60,65.60,7.00,459.20,36857155.00,0.00
20509.28596,109,147.00,38.00,12.00,456.00,36857155.00,0.00
41610.36305,16,66.60,50.60,9.00,455.40,36857155.00,0.00
13083.50333,10,75.00,65.00,7.00,455.00,36857155.00,0.00
54983.43548,18,59.20,41.20,11.00,453.20,36857155.00,0.00
21448.01887,2,21.60,19.60,23.00,450.80,36857155.00,0.00
48763.90015,21,51.00,30.00,15.00,450.00,36857155.00,0.00
13825.92566,11,32.40,21.40,21.00,449.40,36857155.00,0.00
72252.52323,42,73.80,31.80,14.00,445.20,36857155.00,0.00
48155.2649,5,45.00,40.00,11.00,440.00,36857155.00,0.00
18407.77463,10,58.80,48.80,9.00,439.20,36857155.00,0.00
78905.07537,10,58.80,48.80,9.00,439.20,36857155.00,0.00
19715.918,3,22.00,19.00,23.00,437.00,36857155.00,0.00
73714.04524,321,340.80,19.80,22.00,435.60,36857155.00,0.00
14522.11341,13,74.80,61.80,7.00,432.60,36857155.00,0.00
26059.3633,17,78.40,61.40,7.00,429.80,36857155.00,0.00
66159.28149,64,111.60,47.60,9.00,428.40,36857155.00,0.00
66054.84358,4,39.60,35.60,12.00,427.20,36857155.00,0.00
84010.94264,16,22.00,6.00,71.00,426.00,36857155.00,0.00
22414.89462,42,57.20,15.20,28.00,425.60,36857155.00,0.00
90478.79893,34,51.00,17.00,25.00,425.00,36857155.00,0.00
5869.593443,9,25.20,16.20,26.00,421.20,36857155.00,0.00
21326.32163,0,22.00,22.00,19.00,418.00,36857155.00,0.00
26378.62985,5,46.80,41.80,10.00,418.00,36857155.00,0.00
97640.65862,36,105.60,69.60,6.00,417.60,36857155.00,0.00
35251.07142,13,45.00,32.00,13.00,416.00,36857155.00,0.00
16821.95714,15,49.20,34.20,12.00,410.40,36857155.00,0.00
55467.27121,15,49.20,34.20,12.00,410.40,36857155.00,0.00
80557.19668,15,46.40,31.40,13.00,408.20,36857155.00,0.00
54543.47579,177,245.00,68.00,6.00,408.00,36857155.00,0.00
74532.16,136,204.00,68.00,6.00,408.00,36857155.00,0.00
783.9037727,8,22.00,14.00,29.00,406.00,36857155.00,0.00
2838.435689,12,31.20,19.20,21.00,403.20,36857155.00,0.00
34316.69162,489,525.60,36.60,11.00,402.60,36857155.00,0.00
76404.29028,91,127.20,36.20,11.00,398.20,36857155.00,0.00
71657.17638,371,436.80,65.80,6.00,394.80,36857155.00,0.00
76184.56936,8,40.80,32.80,12.00,393.60,36857155.00,0.00
65445.767,14,63.00,49.00,8.00,392.00,36857155.00,0.00
95729.65877,7,22.00,15.00,26.00,390.00,36857155.00,0.00
59233.22299,20,75.60,55.60,7.00,389.20,36857155.00,0.00
92457.86557,2,8.00,6.00,64.00,384.00,36857155.00,0.00
28524.55907,150,213.60,63.60,6.00,381.60,36857155.00,0.00
5065.188283,47,85.00,38.00,10.00,380.00,36857155.00,0.00
18814.27596,7,61.20,54.20,7.00,379.40,36857155.00,0.00
41123.51408,0,22.00,22.00,17.00,374.00,36857155.00,0.00
26425.65326,25,99.00,74.00,5.00,370.00,36857155.00,0.00
59404.98731,22,63.00,41.00,9.00,369.00,36857155.00,0.00
32713.08559,2,25.00,23.00,16.00,368.00,36857155.00,0.00
2669.177997,125,137.20,12.20,30.00,366.00,36857155.00,0.00
8303.918527,339,379.20,40.20,9.00,361.80,36857155.00,0.00
55477.94926,14,58.80,44.80,8.00,358.40,36857155.00,0.00
84694.08252,144,195.20,51.20,7.00,358.40,36857155.00,0.00
13514.24028,1,6.00,5.00,71.00,355.00,36857155.00,0.00
38645.52128,14,15.00,1.00,354.00,354.00,36857155.00,0.00
35470.91724,15,44.40,29.40,12.00,352.80,36857155.00,0.00
82265.2851,33,91.20,58.20,6.00,349.20,36857155.00,0.00
36230.00449,87,156.00,69.00,5.00,345.00,36857155.00,0.00
24760.86271,180,193.20,13.20,26.00,343.20,36857155.00,0.00
94413.99111,4,22.00,18.00,19.00,342.00,36857155.00,0.00
54367.23601,17,32.40,15.40,22.00,338.80,36857155.00,0.00
93388.69442,11,39.00,28.00,12.00,336.00,36857155.00,0.00
43416.42237,12,15.00,3.00,111.00,333.00,36857155.00,0.00
44766.43608,345,386.40,41.40,8.00,331.20,36857155.00,0.00
54527.61791,41,88.20,47.20,7.00,330.40,36857155.00,0.00
84047.34263,10,57.20,47.20,7.00,330.40,36857155.00,0.00
10364.08644,50,65.00,15.00,22.00,330.00,36857155.00,0.00
62332.91036,34,45.00,11.00,30.00,330.00,36857155.00,0.00
63748.76854,8,17.40,9.40,35.00,329.00,36857155.00,0.00
8392.581071,38,92.40,54.40,6.00,326.40,36857155.00,0.00
32339.82367,6,25.00,19.00,17.00,323.00,36857155.00,0.00
52870.46568,5,22.00,17.00,19.00,323.00,36857155.00,0.00
97265.62288,1,15.00,14.00,23.00,322.00,36857155.00,0.00
76231.03342,23,39.00,16.00,20.00,320.00,36857155.00,0.00
82534.17776,24,50.40,26.40,12.00,316.80,36857155.00,0.00
9166.740085,33,52.80,19.80,16.00,316.80,36857155.00,0.00
42600.17895,63,75.60,12.60,25.00,315.00,36857155.00,0.00
13566.6382,48,82.80,34.80,9.00,313.20,36857155.00,0.00
43094.78882,157,219.60,62.60,5.00,313.00,36857155.00,0.00
20079.17189,1,14.00,13.00,24.00,312.00,36857155.00,0.00
41592.17978,1,6.00,5.00,62.00,310.00,36857155.00,0.00
4141.507253,1,12.00,11.00,28.00,308.00,36857155.00,0.00
79546.86262,52,73.80,21.80,14.00,305.20,36857155.00,0.00
37474.06144,57,117.60,60.60,5.00,303.00,36857155.00,0.00
26376.72145,57,66.60,9.60,31.00,297.60,36857155.00,0.00
89304.32349,4,28.80,24.80,12.00,297.60,36857155.00,0.00
45713.31833,12,39.00,27.00,11.00,297.00,36857155.00,0.00
56366.72822,3,6.00,3.00,99.00,297.00,36857155.00,0.00
99645.52245,34,45.00,11.00,27.00,297.00,36857155.00,0.00
79018.36345,8,57.20,49.20,6.00,295.20,36857155.00,0.00
88000.72498,2,28.80,26.80,11.00,294.80,36857155.00,0.00
91054.88135,11283,11312.40,29.40,10.00,294.00,36857155.00,0.00
9530.401133,8,14.00,6.00,49.00,294.00,36857155.00,0.00
43162.74144,86,110.40,24.40,12.00,292.80,36857155.00,0.00
76699.4284,10,36.40,26.40,11.00,290.40,36857155.00,0.00
99367.07905,9,21.60,12.60,23.00,289.80,36857155.00,0.00
16643.79319,13,61.20,48.20,6.00,289.20,36857155.00,0.00
57475.61525,31,57.20,26.20,11.00,288.20,36857155.00,0.00
30107.5998,29,65.00,36.00,8.00,288.00,36857155.00,0.00
4089.249082,2,14.00,12.00,24.00,288.00,36857155.00,0.00
57014.25897,4,16.00,12.00,24.00,288.00,36857155.00,0.00
36471.18527,41,69.60,28.60,10.00,286.00,36857155.00,0.00
14287.91251,13,70.00,57.00,5.00,285.00,36857155.00,0.00
67144.68233,10,25.00,15.00,19.00,285.00,36857155.00,0.00
26394.89998,99,146.40,47.40,6.00,284.40,36857155.00,0.00
75533.75393,11,14.00,3.00,94.00,282.00,36857155.00,0.00
98053.03428,20,22.00,2.00,139.00,278.00,36857155.00,0.00
14387.29467,10,40.80,30.80,9.00,277.20,36857155.00,0.00
61807.91734,2,14.00,12.00,23.00,276.00,36857155.00,0.00
95331.43224,13,18.00,5.00,54.00,270.00,36857155.00,0.00
10654.13136,20,46.80,26.80,10.00,268.00,36857155.00,0.00
22099.88081,14,40.80,26.80,10.00,268.00,36857155.00,0.00
39928.92215,66,104.00,38.00,7.00,266.00,36857155.00,0.00
11568.84245,13,57.20,44.20,6.00,265.20,36857155.00,0.00
20232.45783,15,44.40,29.40,9.00,264.60,36857155.00,0.00
80866.55668,6,39.00,33.00,8.00,264.00,36857155.00,0.00
50611.65194,149,201.60,52.60,5.00,263.00,36857155.00,0.00
15199.53512,1,14.00,13.00,20.00,260.00,36857155.00,0.00
46724.82287,18,70.00,52.00,5.00,260.00,36857155.00,0.00
63390.61541,23,74.80,51.80,5.00,259.00,36857155.00,0.00
48256.78768,22,65.00,43.00,6.00,258.00,36857155.00,0.00
86267.46835,10,46.80,36.80,7.00,257.60,36857155.00,0.00
47546.81561,44,75.60,31.60,8.00,252.80,36857155.00,0.00
50888.71464,1,21.60,20.60,12.00,247.20,36857155.00,0.00
92433.65716,4,45.00,41.00,6.00,246.00,36857155.00,0.00
34071.13627,2,9.00,7.00,35.00,245.00,36857155.00,0.00
31911.81543,3,18.00,15.00,16.00,240.00,36857155.00,0.00
38508.48056,2,12.00,10.00,24.00,240.00,36857155.00,0.00
46476.69875,15,25.00,10.00,24.00,240.00,36857155.00,0.00
58730.32383,3,27.00,24.00,10.00,240.00,36857155.00,0.00
79282.39564,120,136.00,16.00,15.00,240.00,36857155.00,0.00
84554.93203,2,18.00,16.00,15.00,240.00,36857155.00,0.00
29174.32198,1,8.00,7.00,34.00,238.00,36857155.00,0.00
82832.34393,168,194.40,26.40,9.00,237.60,36857155.00,0.00
84269.57277,6,32.40,26.40,9.00,237.60,36857155.00,0.00
57581.14754,83,122.40,39.40,6.00,236.40,36857155.00,0.00
14959.28489,3,10.80,7.80,30.00,234.00,36857155.00,0.00
76115.21441,9,22.00,13.00,18.00,234.00,36857155.00,0.00
19029.92505,5,15.60,10.60,22.00,233.20,36857155.00,0.00
1610.023411,3,28.80,25.80,9.00,232.20,36857155.00,0.00
46840.29979,5,12.00,7.00,33.00,231.00,36857155.00,0.00
18282.02917,4,27.00,23.00,10.00,230.00,36857155.00,0.00
89604.23049,13,41.60,28.60,8.00,228.80,36857155.00,0.00
55973.83445,17,39.60,22.60,10.00,226.00,36857155.00,0.00
68540.27611,17,39.60,22.60,10.00,226.00,36857155.00,0.00
71481.31066,175,207.00,32.00,7.00,224.00,36857155.00,0.00
71000.67199,40,50.40,10.40,21.00,218.40,36857155.00,0.00
34117.21829,18,61.20,43.20,5.00,216.00,36857155.00,0.00
4614.838536,9,30.60,21.60,10.00,216.00,36857155.00,0.00
472.5036415,10,40.80,30.80,7.00,215.60,36857155.00,0.00
66104.14713,11,30.60,19.60,11.00,215.60,36857155.00,0.00
17330.33273,11,46.80,35.80,6.00,214.80,36857155.00,0.00
70828.31315,11,34.80,23.80,9.00,214.20,36857155.00,0.00
93725.9732,140,151.20,11.20,19.00,212.80,36857155.00,0.00
58091.45501,24,59.40,35.40,6.00,212.40,36857155.00,0.00
36888.23023,1,8.00,7.00,30.00,210.00,36857155.00,0.00
14082.8658,24,58.80,34.80,6.00,208.80,36857155.00,0.00
13316.33142,4,12.00,8.00,26.00,208.00,36857155.00,0.00
36559.455,22,45.00,23.00,9.00,207.00,36857155.00,0.00
62669.72857,130,148.80,18.80,11.00,206.80,36857155.00,0.00
49843.96956,651,669.60,18.60,11.00,204.60,36857155.00,0.00
30410.16398,2,31.20,29.20,7.00,204.40,36857155.00,0.00
63597.9838,28,57.20,29.20,7.00,204.40,36857155.00,0.00
33392.71067,8,25.00,17.00,12.00,204.00,36857155.00,0.00
43977.12847,11,45.00,34.00,6.00,204.00,36857155.00,0.00
54644.76441,22,39.00,17.00,12.00,204.00,36857155.00,0.00
57978.83457,134,145.20,11.20,18.00,201.60,36857155.00,0.00
4154.608702,137,170.40,33.40,6.00,200.40,36857155.00,0.00
1438.094411,5,45.00,40.00,5.00,200.00,36857155.00,0.00
73991.93826,3,25.00,22.00,9.00,198.00,36857155.00,0.00
1390.773049,16,37.80,21.80,9.00,196.20,36857155.00,0.00
45624.17289,56,75.60,19.60,10.00,196.00,36857155.00,0.00
69987.86978,11,15.00,4.00,49.00,196.00,36857155.00,0.00
2813.969934,11,19.80,8.80,22.00,193.60,36857155.00,0.00
51278.72571,4,21.60,17.60,11.00,193.60,36857155.00,0.00
43037.22453,4,25.20,21.20,9.00,190.80,36857155.00,0.00
73648.21102,2,12.00,10.00,19.00,190.00,36857155.00,0.00
3420.153399,171,198.00,27.00,7.00,189.00,36857155.00,0.00
59196.26073,18,30.60,12.60,15.00,189.00,36857155.00,0.00
76649.33972,5,36.40,31.40,6.00,188.40,36857155.00,0.00
35267.43038,8,28.80,20.80,9.00,187.20,36857155.00,0.00
76164.66068,2,8.00,6.00,31.00,186.00,36857155.00,0.00
93158.66933,11,25.00,14.00,13.00,182.00,36857155.00,0.00
9503.436666,27,57.20,30.20,6.00,181.20,36857155.00,0.00
58947.41564,16,18.00,2.00,90.00,180.00,36857155.00,0.00
36637.88988,6,31.20,25.20,7.00,176.40,36857155.00,0.00
21977.15266,10,45.00,35.00,5.00,175.00,36857155.00,0.00
47004.24269,40,65.00,25.00,7.00,175.00,36857155.00,0.00
75977.31324,1,6.00,5.00,35.00,175.00,36857155.00,0.00
80571.43174,12,18.00,6.00,29.00,174.00,36857155.00,0.00
78261.5522,6,20.40,14.40,12.00,172.80,36857155.00,0.00
98206.36746,3,10.80,7.80,22.00,171.60,36857155.00,0.00
58772.0459,8,36.40,28.40,6.00,170.40,36857155.00,0.00
91775.97226,1,6.00,5.00,34.00,170.00,36857155.00,0.00
9969.623746,1,18.00,17.00,10.00,170.00,36857155.00,0.00
27512.51028,4,25.20,21.20,8.00,169.60,36857155.00,0.00
58772.38551,5,18.00,13.00,13.00,169.00,36857155.00,0.00
12391.62135,16,28.80,12.80,13.00,166.40,36857155.00,0.00
17596.66454,451,484.00,33.00,5.00,165.00,36857155.00,0.00
38731.46507,3,18.00,15.00,11.00,165.00,36857155.00,0.00
92397.65944,7,25.20,18.20,9.00,163.80,36857155.00,0.00
78230.81337,16,25.00,9.00,18.00,162.00,36857155.00,0.00
10529.6734,2,22.00,20.00,8.00,160.00,36857155.00,0.00
89943.6597,6,20.40,14.40,11.00,158.40,36857155.00,0.00
88147.35741,3,10.80,7.80,20.00,156.00,36857155.00,0.00
34485.09543,40,57.20,17.20,9.00,154.80,36857155.00,0.00
52859.72379,1,18.00,17.00,9.00,153.00,36857155.00,0.00
61599.13697,7,32.40,25.40,6.00,152.40,36857155.00,0.00
99849.03071,55,63.00,8.00,19.00,152.00,36857155.00,0.00
620.6222247,3,18.00,15.00,10.00,150.00,36857155.00,0.00
94612.03893,2,8.00,6.00,25.00,150.00,36857155.00,0.00
17856.66378,472,496.80,24.80,6.00,148.80,36857155.00,0.00
17003.45786,4,25.00,21.00,7.00,147.00,36857155.00,0.00
94247.97473,11,18.00,7.00,21.00,147.00,36857155.00,0.00
30529.13663,30,31.80,1.80,81.00,145.80,36857155.00,0.00
12583.73606,1171,1195.00,24.00,6.00,144.00,36857155.00,0.00
31118.55338,6,34.80,28.80,5.00,144.00,36857155.00,0.00
46546.61843,6,22.00,16.00,9.00,144.00,36857155.00,0.00
55930.93798,1,25.00,24.00,6.00,144.00,36857155.00,0.00
67748.83664,13,25.00,12.00,12.00,144.00,36857155.00,0.00
67635.93921,9,32.40,23.40,6.00,140.40,36857155.00,0.00
44375.94425,11,18.00,7.00,20.00,140.00,36857155.00,0.00
64933.26732,2,22.00,20.00,7.00,140.00,36857155.00,0.00
73163.29742,37,54.40,17.40,8.00,139.20,36857155.00,0.00
18223.462,4,27.00,23.00,6.00,138.00,36857155.00,0.00
32226.87369,40,57.20,17.20,8.00,137.60,36857155.00,0.00
32279.6737,40,57.20,17.20,8.00,137.60,36857155.00,0.00
40124.79589,12,27.20,15.20,9.00,136.80,36857155.00,0.00
35069.67071,8,16.00,8.00,17.00,136.00,36857155.00,0.00
86446.44412,67,73.80,6.80,20.00,136.00,36857155.00,0.00
30641.93847,32,58.80,26.80,5.00,134.00,36857155.00,0.00
91035.61917,53,58.80,5.80,23.00,133.40,36857155.00,0.00
94298.91717,16,21.60,5.60,23.00,128.80,36857155.00,0.00
76995.05268,1,22.00,21.00,6.00,126.00,36857155.00,0.00
81266.55764,4,22.00,18.00,7.00,126.00,36857155.00,0.00
18554.01969,6,21.60,15.60,8.00,124.80,36857155.00,0.00
46869.79545,30,39.60,9.60,13.00,124.80,36857155.00,0.00
93398.35281,19,39.60,20.60,6.00,123.60,36857155.00,0.00
59069.77943,21,31.20,10.20,12.00,122.40,36857155.00,0.00
13305.90624,358,375.20,17.20,7.00,120.40,36857155.00,0.00
24479.56596,2,8.00,6.00,20.00,120.00,36857155.00,0.00
46022.17049,20,30.00,10.00,12.00,120.00,36857155.00,0.00
19063.58305,1,18.00,17.00,7.00,119.00,36857155.00,0.00
36569.78261,1,18.00,17.00,7.00,119.00,36857155.00,0.00
48705.02696,1,20.40,19.40,6.00,116.40,36857155.00,0.00
19501.29949,137,156.00,19.00,6.00,114.00,36857155.00,0.00
26011.98886,3,9.00,6.00,19.00,114.00,36857155.00,0.00
15696.35309,4,18.00,14.00,8.00,112.00,36857155.00,0.00
95930.30237,113,124.20,11.20,10.00,112.00,36857155.00,0.00
77284.04906,3,12.00,9.00,12.00,108.00,36857155.00,0.00
18495.56854,2,10.80,8.80,12.00,105.60,36857155.00,0.00
72973.15103,4,21.60,17.60,6.00,105.60,36857155.00,0.00
64530.52671,3,8.00,5.00,21.00,105.00,36857155.00,0.00
9715.729205,4,9.00,5.00,21.00,105.00,36857155.00,0.00
60925.83975,18,29.60,11.60,9.00,104.40,36857155.00,0.00
26443.5343,184,190.80,6.80,15.00,102.00,36857155.00,0.00
40066.64533,10,27.00,17.00,6.00,102.00,36857155.00,0.00
98580.99493,7,16.20,9.20,11.00,101.20,36857155.00,0.00
34756.29703,9,21.60,12.60,8.00,100.80,36857155.00,0.00
33525.41556,20,25.00,5.00,20.00,100.00,36857155.00,0.00
48407.04413,10,30.00,20.00,5.00,100.00,36857155.00,0.00
37091.96654,11,22.00,11.00,9.00,99.00,36857155.00,0.00
11288.29837,225,233.20,8.20,12.00,98.40,36857155.00,0.00
97338.85973,17,36.40,19.40,5.00,97.00,36857155.00,0.00
35399.65831,48,54.00,6.00,16.00,96.00,36857155.00,0.00
94992.44171,6,22.00,16.00,6.00,96.00,36857155.00,0.00
12159.11518,194,204.40,10.40,9.00,93.60,36857155.00,0.00
23682.79807,54,69.60,15.60,6.00,93.60,36857155.00,0.00
10401.57273,1,4.00,3.00,31.00,93.00,36857155.00,0.00
4336.412388,6,13.60,7.60,12.00,91.20,36857155.00,0.00
30292.65585,2,15.00,13.00,7.00,91.00,36857155.00,0.00
64312.54785,2,15.00,13.00,7.00,91.00,36857155.00,0.00
78565.34973,657,670.00,13.00,7.00,91.00,36857155.00,0.00
691.0125995,1,16.00,15.00,6.00,90.00,36857155.00,0.00
7120.092627,3,18.00,15.00,6.00,90.00,36857155.00,0.00
98329.55094,86,92.40,6.40,14.00,89.60,36857155.00,0.00
22667.03678,43,50.40,7.40,12.00,88.80,36857155.00,0.00
12591.10447,16,27.00,11.00,8.00,88.00,36857155.00,0.00
28643.91352,5,22.00,17.00,5.00,85.00,36857155.00,0.00
13433.72832,4,20.80,16.80,5.00,84.00,36857155.00,0.00
30893.03415,20,27.00,7.00,12.00,84.00,36857155.00,0.00
38621.46053,23,30.00,7.00,12.00,84.00,36857155.00,0.00
6729.404205,2,9.00,7.00,12.00,84.00,36857155.00,0.00
38489.70519,115,118.80,3.80,22.00,83.60,36857155.00,0.00
73377.32315,10,20.40,10.40,8.00,83.20,36857155.00,0.00
27249.77679,26,39.60,13.60,6.00,81.60,36857155.00,0.00
96559.89403,1,6.00,5.00,16.00,80.00,36857155.00,0.00
56381.89685,27,31.20,4.20,19.00,79.80,36857155.00,0.00
76119.6571,18,21.60,3.60,22.00,79.20,36857155.00,0.00
8948.118231,8,10.80,2.80,28.00,78.40,36857155.00,0.00
44320.83531,32,45.00,13.00,6.00,78.00,36857155.00,0.00
86427.24351,5,18.00,13.00,6.00,78.00,36857155.00,0.00
7857.752319,25,33.60,8.60,9.00,77.40,36857155.00,0.00
36412.69172,16,27.00,11.00,7.00,77.00,36857155.00,0.00
33429.50256,46,48.80,2.80,27.00,75.60,36857155.00,0.00
78535.81499,4,10.80,6.80,11.00,74.80,36857155.00,0.00
59065.7381,124,133.20,9.20,8.00,73.60,36857155.00,0.00
48757.60959,99,111.00,12.00,6.00,72.00,36857155.00,0.00
20515.10297,11,25.20,14.20,5.00,71.00,36857155.00,0.00
40165.04498,4,9.00,5.00,14.00,70.00,36857155.00,0.00
47789.22905,8,15.60,7.60,9.00,68.40,36857155.00,0.00
7328.011437,2,6.00,4.00,17.00,68.00,36857155.00,0.00
24318.61343,10,16.00,6.00,11.00,66.00,36857155.00,0.00
91056.89356,41,46.80,5.80,11.00,63.80,36857155.00,0.00
53822.56425,13,22.00,9.00,7.00,63.00,36857155.00,0.00
79757.16542,5,8.00,3.00,21.00,63.00,36857155.00,0.00
24970.73488,10,20.40,10.40,6.00,62.40,36857155.00,0.00
37920.10879,176,184.80,8.80,7.00,61.60,36857155.00,0.00
44413.41443,4,16.00,12.00,5.00,60.00,36857155.00,0.00
48413.09986,4,8.00,4.00,15.00,60.00,36857155.00,0.00
15232.50738,31,36.40,5.40,11.00,59.40,36857155.00,0.00
66763.51187,28,39.60,11.60,5.00,58.00,36857155.00,0.00
98191.86268,6,15.60,9.60,6.00,57.60,36857155.00,0.00
20838.15682,23,27.00,4.00,14.00,56.00,36857155.00,0.00
61146.71844,5,12.00,7.00,8.00,56.00,36857155.00,0.00
87129.24137,14,18.00,4.00,14.00,56.00,36857155.00,0.00
34854.65502,40,46.80,6.80,8.00,54.40,36857155.00,0.00
98390.26878,3,12.00,9.00,6.00,54.00,36857155.00,0.00
66345.50015,26,32.40,6.40,8.00,51.20,36857155.00,0.00
84273.51019,26,32.40,6.40,8.00,51.20,36857155.00,0.00
81640.24882,69,79.20,10.20,5.00,51.00,36857155.00,0.00
39358.36771,2,12.00,10.00,5.00,50.00,36857155.00,0.00
23247.41692,7,10.80,3.80,13.00,49.40,36857155.00,0.00
16763.75203,4,7.20,3.20,15.00,48.00,36857155.00,0.00
3478.938552,363,369.60,6.60,7.00,46.20,36857155.00,0.00
72009.69859,12,14.00,2.00,23.00,46.00,36857155.00,0.00
31914.83882,3,12.00,9.00,5.00,45.00,36857155.00,0.00
69829.51455,49,51.00,2.00,22.00,44.00,36857155.00,0.00
16289.3966,44,51.00,7.00,6.00,42.00,36857155.00,0.00
25964.72027,16,22.00,6.00,7.00,42.00,36857155.00,0.00
38559.74417,5,8.00,3.00,14.00,42.00,36857155.00,0.00
67013.58459,5,12.00,7.00,6.00,42.00,36857155.00,0.00
95500.49016,52,58.80,6.80,6.00,40.80,36857155.00,0.00
5368.448754,7,15.00,8.00,5.00,40.00,36857155.00,0.00
85486.23537,1,6.00,5.00,8.00,40.00,36857155.00,0.00
89385.16644,13,15.00,2.00,20.00,40.00,36857155.00,0.00
73183.07634,15,18.00,3.00,13.00,39.00,36857155.00,0.00
37695.82788,28,31.20,3.20,12.00,38.40,36857155.00,0.00
34364.44188,4,8.00,4.00,9.00,36.00,36857155.00,0.00
48946.51898,426,427.20,1.20,30.00,36.00,36857155.00,0.00
18511.05158,36,40.80,4.80,7.00,33.60,36857155.00,0.00
79791.06754,19,23.40,4.40,7.00,30.80,36857155.00,0.00
40510.0628,16,22.00,6.00,5.00,30.00,36857155.00,0.00
91785.33863,10,15.00,5.00,6.00,30.00,36857155.00,0.00
69905.31937,12,15.60,3.60,8.00,28.80,36857155.00,0.00
17675.74024,41,45.00,4.00,6.00,24.00,36857155.00,0.00
32008.61935,5,8.00,3.00,8.00,24.00,36857155.00,0.00
36205.11128,34,34.80,0.80,30.00,24.00,36857155.00,0.00
66097.56463,2,4.00,2.00,12.00,24.00,36857155.00,0.00
87767.50716,23,27.00,4.00,6.00,24.00,36857155.00,0.00
14533.14101,29,30.60,1.60,14.00,22.40,36857155.00,0.00
11634.3914,2,6.00,4.00,5.00,20.00,36857155.00,0.00
42197.0308,21,25.00,4.00,5.00,20.00,36857155.00,0.00
53825.93435,4,6.00,2.00,10.00,20.00,36857155.00,0.00
65905.88381,10,14.00,4.00,5.00,20.00,36857155.00,0.00
62925.39261,3,5.40,2.40,8.00,19.20,36857155.00,0.00
99188.33387,66,67.20,1.20,16.00,19.20,36857155.00,0.00
6591.650064,10,10.80,0.80,23.00,18.40,36857155.00,0.00
9225.661922,84,87.00,3.00,6.00,18.00,36857155.00,0.00
57080.21584,261,264.00,3.00,5.00,15.00,36857155.00,0.00
49867.48071,2,3.00,1.00,14.00,14.00,36857155.00,0.00
21915.70075,28,30.00,2.00,6.00,12.00,36857155.00,0.00
39547.29566,16,18.00,2.00,6.00,12.00,36857155.00,0.00
58978.24688,4,6.00,2.00,6.00,12.00,36857155.00,0.00
27931.1516,20,20.80,0.80,10.00,8.00,36857155.00,0.00
67855.63481,7719,7720.20,1.20,5.00,6.00,36857155.00,0.00
22520.01689,11,12.00,1.00,5.00,5.00,36857155.00,0.00
59728.2109,2,3.00,1.00,5.00,5.00,36857155.00,0.00
49076.64577,21,21.60,0.60,7.00,4.20,36857155.00,0.00
53779.00665,31,31.20,0.20,9.00,1.80,36857155.00,0.00
